{"type":"FeatureCollection","features":[{"type":"Feature","geometry":{"type":"Polygon","coordinates":[[[18.46839,59.21953],[18.41824,59.2414],[18.38901,59.26349],[18.38501,59.23147],[18.33224,59.24997],[18.28011,59.26291],[18.26629,59.25705],[18.20008,59.24747],[18.17719,59.23243],[18.18314,59.21083],[18.20164,59.20864],[18.24315,59.21775],[18.25045,59.20949],[18.30502,59.18315],[18.33366,59.15843],[18.40576,59.1691],[18.42591,59.18504],[18.42341,59.20276],[18.43723,59.2138],[18.46839,59.21953]]]},"properties":{"lan_code":"01","kom_namn":"Tyresö","id":"0138","geo_point_2d":[59.21543,18.32663]}},{"type":"Feature","geometry":{"type":"Polygon","coordinates":[[[17.56827,59.29183],[17.51548,59.29527],[17.46799,59.30766],[17.46332,59.33833],[17.4379,59.33948],[17.42561,59.35134],[17.33505,59.35174],[17.35058,59.31993],[17.34156,59.2736],[17.34523,59.25401],[17.48258,59.22387],[17.5233,59.23266],[17.55671,59.21685],[17.56212,59.20568],[17.54694,59.17966],[17.50626,59.17601],[17.48323,59.15169],[17.49474,59.13567],[17.4631,59.12419],[17.42573,59.12389],[17.40139,59.13099],[17.35526,59.13442],[17.33686,59.14129],[17.32264,59.14194],[17.32086,59.1434],[17.31942,59.14405],[17.31893,59.14422],[17.31754,59.14464],[17.31707,59.14481],[17.31677,59.1449],[17.32186,59.13717],[17.31208,59.07926],[17.32595,59.07018],[17.32365,59.04623],[17.32604,59.04397],[17.3262,59.0439],[17.32643,59.04381],[17.32685,59.0437],[17.32818,59.04328],[17.32832,59.04314],[17.33158,59.03563],[17.33174,59.03548],[17.33267,59.03443],[17.3328,59.03421],[17.33698,59.03197],[17.33711,59.03182],[17.37073,58.99108],[17.37517,58.98236],[17.43924,58.98125],[17.44672,58.99049],[17.5119,58.98127],[17.5163,58.98293],[17.52247,58.983],[17.53147,58.9821],[17.53243,58.98208],[17.5373,58.98163],[17.5545,58.98269],[17.54285,58.9714],[17.54832,58.96709],[17.55107,58.96474],[17.54958,58.96274],[17.55625,58.96017],[17.55778,58.95848],[17.55731,58.95357],[17.56959,58.95246],[17.57059,58.95163],[17.57817,58.94787],[17.59684,58.94435],[17.62532,58.93499],[17.63624,58.90834],[17.65464,58.89339],[17.65295,58.8845],[17.65133,58.87526],[17.66071,58.86652],[17.65213,58.85998],[17.66141,58.84222],[17.66305,58.83917],[17.66963,58.82624],[17.71785,58.81529],[17.72712,58.84287],[17.70864,58.88433],[17.71742,58.90562],[17.7111,58.91764],[17.72533,58.94259],[17.71735,58.96038],[17.72714,58.98376],[17.7294,59.0147],[17.71439,59.0445],[17.69968,59.0443],[17.67523,59.06592],[17.66298,59.08756],[17.69522,59.10164],[17.68217,59.13264],[17.72672,59.14689],[17.7427,59.17159],[17.73789,59.18146],[17.70886,59.18012],[17.70333,59.20369],[17.67159,59.23359],[17.66094,59.2537],[17.61775,59.25571],[17.60448,59.24891],[17.56223,59.26963],[17.56827,59.29183]]]},"properties":{"lan_code":"01","kom_namn":"Södertälje","id":"0181","geo_point_2d":[59.10235,17.54255]}},{"type":"Feature","geometry":{"type":"Polygon","coordinates":[[[18.90585,60.27804],[18.87453,60.31068],[18.74682,60.29857],[18.68603,60.29728],[18.62341,60.32482],[18.62371,60.34886],[18.68515,60.3472],[18.68761,60.38601],[18.64963,60.44789],[18.57515,60.4795],[18.39935,60.54066],[18.36005,60.53919],[18.33865,60.49183],[18.39338,60.35683],[18.31598,60.37946],[18.30915,60.40252],[18.25225,60.43698],[18.1776,60.44817],[18.1007,60.43158],[18.04508,60.40072],[17.99891,60.40148],[17.97529,60.39245],[17.97327,60.34422],[17.96627,60.32945],[17.93121,60.3298],[17.92005,60.30727],[17.8628,60.30138],[17.82294,60.28874],[17.8148,60.26185],[17.79845,60.25106],[17.79707,60.22981],[17.75833,60.22018],[17.75672,60.2035],[17.73506,60.17638],[17.70987,60.16222],[17.71218,60.14134],[17.75704,60.12581],[17.80353,60.14949],[17.85198,60.13593],[17.85256,60.10287],[17.8881,60.10328],[17.90364,60.08718],[17.89041,60.07325],[17.91526,60.06328],[17.98539,60.05852],[17.99068,60.0479],[18.0373,60.02328],[18.04911,60.04333],[18.06599,60.04956],[18.21246,60.02396],[18.26329,60.03455],[18.33891,60.03842],[18.31914,60.06139],[18.35042,60.06588],[18.38877,60.05899],[18.38852,60.04124],[18.44479,60.05861],[18.45077,60.07719],[18.49209,60.10395],[18.49329,60.13771],[18.51421,60.16067],[18.59317,60.16337],[18.59498,60.16322],[18.6768,60.15509],[18.69299,60.1761],[18.67273,60.19462],[18.696,60.20071],[18.67859,60.23127],[18.68361,60.23933],[18.78451,60.25792],[18.90585,60.27804]]]},"properties":{"lan_code":"03","kom_namn":"Östhammar","id":"0382","geo_point_2d":[60.25478,18.27145]}},{"type":"Feature","geometry":{"type":"Polygon","coordinates":[[[17.27697,59.16957],[17.22373,59.17604],[17.19174,59.19381],[16.93728,59.20513],[16.88235,59.15092],[16.9084,59.13437],[16.88062,59.11183],[16.92579,59.08659],[16.94478,59.08216],[16.9902,59.05558],[17.00954,59.03043],[17.04061,59.01811],[17.05676,59.02106],[17.12023,58.98195],[17.1644,58.98096],[17.20674,58.96913],[17.22027,58.95086],[17.27167,58.95503],[17.28444,58.94322],[17.31401,58.93673],[17.33464,58.91643],[17.36741,58.93391],[17.38506,58.93375],[17.40903,58.94925],[17.37517,58.98236],[17.37516,58.98238],[17.37073,58.99108],[17.33711,59.03182],[17.33698,59.03197],[17.3328,59.03421],[17.33267,59.03443],[17.33174,59.03548],[17.33158,59.03563],[17.32832,59.04314],[17.32818,59.04328],[17.32685,59.0437],[17.32643,59.04381],[17.3262,59.0439],[17.32604,59.04397],[17.32365,59.04623],[17.32596,59.07018],[17.31209,59.07926],[17.32188,59.13716],[17.3207,59.14011],[17.31738,59.14417],[17.31678,59.14489],[17.31653,59.1452],[17.31582,59.14607],[17.31577,59.14613],[17.30764,59.15238],[17.27697,59.16957]]]},"properties":{"lan_code":"04","kom_namn":"Gnesta","id":"0461","geo_point_2d":[59.08227,17.14893]}},{"type":"Feature","geometry":{"type":"Polygon","coordinates":[[[16.209,57.48338],[16.17777,57.50456],[16.14415,57.50242],[16.10484,57.52341],[16.06442,57.52835],[16.03435,57.54795],[15.9952,57.58774],[15.89311,57.5552],[15.85402,57.55855],[15.84333,57.53477],[15.81629,57.53223],[15.78093,57.56224],[15.7488,57.58271],[15.70119,57.57397],[15.69172,57.58748],[15.66567,57.59929],[15.63707,57.59115],[15.63087,57.59309],[15.63085,57.59225],[15.61955,57.57959],[15.61216,57.57469],[15.60183,57.56474],[15.59991,57.56347],[15.59326,57.56109],[15.58941,57.55903],[15.57655,57.54795],[15.57681,57.54768],[15.59393,57.54732],[15.59419,57.5469],[15.62566,57.532],[15.63002,57.53022],[15.65481,57.50112],[15.62387,57.48875],[15.62364,57.48856],[15.62361,57.48852],[15.62357,57.48841],[15.62173,57.48579],[15.62193,57.48558],[15.62215,57.48452],[15.62231,57.48421],[15.62163,57.48266],[15.62166,57.48256],[15.61858,57.47192],[15.61869,57.47183],[15.61855,57.46997],[15.61813,57.46985],[15.61679,57.46091],[15.61683,57.46064],[15.61694,57.46054],[15.61701,57.46047],[15.61903,57.45092],[15.61868,57.45058],[15.60918,57.43936],[15.60879,57.43921],[15.59513,57.43657],[15.5951,57.43691],[15.55271,57.46738],[15.5524,57.46825],[15.51373,57.45584],[15.51178,57.45508],[15.51181,57.45213],[15.50844,57.44799],[15.50864,57.44879],[15.51154,57.45277],[15.51142,57.45509],[15.50496,57.45725],[15.50478,57.45627],[15.50026,57.43984],[15.50014,57.43966],[15.49844,57.43584],[15.49826,57.43531],[15.51167,57.41127],[15.51219,57.41123],[15.5208,57.40142],[15.52039,57.40083],[15.51915,57.38216],[15.51867,57.38197],[15.51337,57.38091],[15.51286,57.38077],[15.49861,57.37076],[15.51433,57.35462],[15.51418,57.35449],[15.51128,57.35179],[15.51132,57.35171],[15.51188,57.34909],[15.5117,57.34838],[15.51385,57.34702],[15.51417,57.34688],[15.51611,57.34459],[15.51639,57.34407],[15.5118,57.31968],[15.4988,57.31043],[15.49821,57.31033],[15.49579,57.30925],[15.49557,57.30926],[15.46935,57.29975],[15.46931,57.29838],[15.48128,57.2802],[15.48152,57.28007],[15.47367,57.27767],[15.47348,57.27744],[15.46304,57.26539],[15.46434,57.26479],[15.46602,57.26399],[15.48946,57.24873],[15.51667,57.24402],[15.52203,57.21532],[15.52194,57.21511],[15.51483,57.20222],[15.52908,57.19158],[15.55043,57.20965],[15.59275,57.21711],[15.60518,57.23078],[15.6427,57.23956],[15.67605,57.22656],[15.69855,57.23362],[15.73664,57.22911],[15.76454,57.20371],[15.78435,57.20793],[15.78615,57.23271],[15.80186,57.23903],[15.85483,57.24533],[15.9112,57.25681],[15.93493,57.243],[15.9766,57.24608],[16.02103,57.26272],[16.04653,57.26455],[16.04583,57.29927],[16.03791,57.35032],[16.05317,57.35584],[16.0428,57.38057],[16.01913,57.40309],[15.98623,57.41348],[15.99296,57.43342],[16.04449,57.43395],[16.09017,57.40278],[16.13366,57.431],[16.13949,57.44901],[16.17728,57.45033],[16.18774,57.47403],[16.209,57.48338]]]},"properties":{"lan_code":"08","kom_namn":"Hultsfred","id":"0860","geo_point_2d":[57.39847,15.8017]}},{"type":"Feature","geometry":{"type":"Polygon","coordinates":[[[12.9302,57.92931],[12.91327,57.93387],[12.88147,57.92621],[12.85444,57.89291],[12.82373,57.87167],[12.75651,57.86536],[12.76382,57.84441],[12.73613,57.82109],[12.70726,57.8167],[12.69926,57.80181],[12.73622,57.78671],[12.72173,57.77222],[12.71363,57.73794],[12.69768,57.73113],[12.76149,57.69872],[12.76281,57.68613],[12.63293,57.64174],[12.65724,57.62387],[12.65384,57.60308],[12.63404,57.59475],[12.63465,57.57885],[12.66095,57.56599],[12.71523,57.56416],[12.72276,57.56242],[12.79115,57.5888],[12.7914,57.58882],[12.81249,57.58824],[12.86979,57.55674],[12.91997,57.57303],[12.95742,57.5674],[12.98631,57.57234],[13.03253,57.60339],[13.07658,57.61275],[13.11031,57.64225],[13.11438,57.66684],[13.18633,57.67353],[13.2029,57.65561],[13.23813,57.65908],[13.29021,57.67355],[13.30903,57.66769],[13.27696,57.69379],[13.25378,57.70531],[13.20639,57.7129],[13.23687,57.72987],[13.24762,57.77312],[13.18842,57.78813],[13.16996,57.8016],[13.13661,57.81287],[13.12723,57.84499],[13.10567,57.85592],[13.11658,57.8895],[13.10598,57.90799],[13.10593,57.90801],[13.02241,57.89505],[12.99524,57.89934],[12.9302,57.92931]]]},"properties":{"lan_code":"14","kom_namn":"Borås","id":"1490","geo_point_2d":[57.7323,12.94084]}},{"type":"Feature","geometry":{"type":"MultiPolygon","coordinates":[[[[15.42858,60.26915],[15.42713,60.29232],[15.37684,60.27612],[15.42858,60.26915]]],[[[15.7042,60.4538],[15.66182,60.47319],[15.64961,60.51507],[15.63497,60.5268],[15.55597,60.53923],[15.54146,60.52572],[15.50874,60.52225],[15.49205,60.53411],[15.40879,60.55262],[15.37212,60.57575],[15.40503,60.59022],[15.34728,60.61655],[15.33324,60.63945],[15.30308,60.62697],[15.2837,60.61777],[15.25007,60.58102],[15.24146,60.55134],[15.26354,60.54573],[15.24746,60.52388],[15.12979,60.46429],[15.1076,60.44952],[15.09557,60.41962],[15.12193,60.36635],[15.15218,60.33351],[15.19295,60.33611],[15.20882,60.30452],[15.22043,60.30057],[15.31239,60.30164],[15.34352,60.3104],[15.33473,60.33088],[15.35229,60.33723],[15.39306,60.33586],[15.39079,60.34853],[15.42047,60.35787],[15.46733,60.36127],[15.56092,60.39734],[15.54832,60.40888],[15.55688,60.43606],[15.58523,60.43885],[15.61625,60.45348],[15.63429,60.43936],[15.7042,60.4538]]]]},"properties":{"lan_code":"20","kom_namn":"Borlänge","id":"2081","geo_point_2d":[60.4489,15.36068]}},{"type":"Feature","geometry":{"type":"Polygon","coordinates":[[[17.95196,65.04388],[17.95723,65.04877],[17.82999,65.10293],[17.84994,65.11213],[17.79401,65.1363],[17.77216,65.12777],[17.67256,65.17012],[17.30039,65.26442],[17.01662,65.32272],[16.83031,65.38313],[16.60635,65.48692],[16.50141,65.5661],[15.95704,65.71104],[15.53076,65.82276],[15.25616,65.97917],[14.95134,66.15002],[14.51627,66.1326],[14.57308,65.95788],[14.58436,65.90136],[14.62543,65.81182],[14.5414,65.70076],[14.49872,65.5213],[14.50065,65.44421],[14.56681,65.43624],[14.60893,65.42229],[14.65036,65.42521],[14.68503,65.41492],[14.78931,65.41547],[14.81977,65.42188],[14.90282,65.42842],[14.97849,65.40188],[14.99366,65.40623],[15.12556,65.40526],[15.20857,65.42167],[15.27374,65.41067],[15.70511,65.40087],[15.8049,65.37888],[16.12134,65.31223],[16.59513,65.02547],[16.77922,64.96539],[17.33988,64.78092],[17.33908,64.75682],[17.51081,64.75228],[17.5579,64.73293],[17.76159,64.82278],[17.74272,64.83598],[17.91281,64.91895],[17.89894,64.99446],[17.95196,65.04388]]]},"properties":{"lan_code":"24","kom_namn":"Storuman","id":"2421","geo_point_2d":[65.4375,16.04945]}},{"type":"Feature","geometry":{"type":"Polygon","coordinates":[[[21.33609,65.67168],[21.46423,65.69056],[21.46262,65.67393],[21.48226,65.66329],[21.51295,65.68909],[21.47951,65.71481],[21.51172,65.72233],[21.56268,65.70901],[21.60274,65.68043],[21.64621,65.66836],[21.80009,65.69718],[21.79904,65.71311],[21.85939,65.73661],[21.92861,65.75292],[21.89267,65.78269],[21.88983,65.80121],[22.02733,65.82524],[22.04205,65.84238],[22.01355,65.87317],[22.10792,65.84497],[22.11481,65.84851],[22.04947,65.87945],[22.00722,65.91896],[21.96822,65.94444],[21.8682,65.95729],[21.85131,65.97855],[21.90937,66.00145],[21.94003,66.03739],[21.97695,66.056],[22.03626,66.07013],[22.03105,66.08462],[22.07524,66.08688],[22.07072,66.11074],[22.02302,66.10851],[22.01977,66.12223],[21.98966,66.14999],[22.0186,66.15718],[22.0256,66.17362],[22.06148,66.18343],[22.03156,66.20274],[22.02653,66.24008],[22.08244,66.2547],[22.06903,66.26687],[22.1464,66.28328],[21.94675,66.4323],[21.63894,66.38445],[21.54845,66.35668],[21.37852,66.30025],[21.27413,66.27859],[20.99805,66.39264],[20.77221,66.35786],[20.60226,66.21868],[20.36199,66.01433],[20.56567,65.95986],[20.72611,65.91446],[20.84356,65.87797],[20.97474,65.83205],[21.11319,65.77739],[21.21485,65.73131],[21.33609,65.67168]]]},"properties":{"lan_code":"25","kom_namn":"Boden","id":"2582","geo_point_2d":[66.06213,21.34159]}},{"type":"Feature","geometry":{"type":"Polygon","coordinates":[[[18.05874,59.3755],[18.00618,59.39975],[17.98175,59.39511],[17.98498,59.37886],[17.9658,59.3552],[17.98144,59.34503],[18.02477,59.33936],[18.04891,59.35739],[18.05874,59.3755]]]},"properties":{"lan_code":"01","kom_namn":"Solna","id":"0184","geo_point_2d":[59.36903,18.00832]}},{"type":"Feature","geometry":{"type":"Polygon","coordinates":[[[11.45674,58.88756],[11.46353,58.93399],[11.46469,58.99105],[11.43123,59.0278],[11.41346,59.04019],[11.38711,59.07956],[11.3679,59.09885],[11.3399,59.11471],[11.28903,59.09973],[11.22545,59.08765],[11.15367,59.07923],[11.11715,59.01506],[11.0917,58.9916],[11.06629,58.97741],[11.03227,58.97045],[10.95051,58.88255],[10.97564,58.82262],[11.10463,58.81834],[11.13111,58.81017],[11.2048,58.8285],[11.24202,58.83163],[11.29831,58.85165],[11.33174,58.84507],[11.34915,58.8643],[11.3665,58.86095],[11.37298,58.84047],[11.45631,58.86908],[11.45674,58.88756]]]},"properties":{"lan_code":"14","kom_namn":"Strömstad","id":"1486","geo_point_2d":[58.94654,11.22994]}},{"type":"Feature","geometry":{"type":"Polygon","coordinates":[[[14.12877,58.14633],[14.11465,58.15656],[14.12086,58.1822],[14.11347,58.19972],[14.1314,58.20589],[14.12298,58.22194],[14.14363,58.23399],[14.14876,58.25637],[14.11319,58.25979],[14.09004,58.24919],[14.01559,58.26683],[13.98265,58.27942],[13.90657,58.24687],[13.8617,58.25388],[13.81723,58.2422],[13.78205,58.24158],[13.75275,58.21782],[13.77391,58.18624],[13.75231,58.17967],[13.75211,58.1796],[13.75692,58.16556],[13.71888,58.1439],[13.76365,58.12399],[13.74474,58.11363],[13.75488,58.08486],[13.74961,58.07139],[13.79003,58.05596],[13.79085,58.05561],[13.79174,58.05543],[13.79224,58.05525],[13.79361,58.05541],[13.79624,58.05408],[13.7916,58.04768],[13.79741,58.04822],[13.79803,58.04824],[13.79867,58.04837],[13.79894,58.04846],[13.79966,58.04877],[13.80073,58.04926],[13.8011,58.04938],[13.80196,58.04944],[13.80247,58.04961],[13.80259,58.04977],[13.80274,58.05004],[13.80271,58.05013],[13.80277,58.05042],[13.80342,58.05113],[13.8036,58.05184],[13.8035,58.05274],[13.80471,58.05248],[13.8045,58.05322],[13.80454,58.05406],[13.80469,58.05438],[13.805,58.05504],[13.80501,58.05553],[13.80615,58.05521],[13.81337,58.05292],[13.82256,58.05],[13.8405,58.04529],[13.85961,58.04156],[13.8608,58.04134],[13.86114,58.04132],[13.86284,58.04154],[13.86331,58.04151],[13.86369,58.04148],[13.86458,58.04129],[13.86523,58.0412],[13.86542,58.04139],[13.86695,58.0425],[13.86691,58.04283],[13.86685,58.04295],[13.86659,58.04321],[13.86654,58.04329],[13.86627,58.04348],[13.8661,58.04438],[13.8658,58.04443],[13.86567,58.04443],[13.86551,58.04445],[13.86532,58.04449],[13.86515,58.04455],[13.86502,58.04475],[13.86514,58.0449],[13.86526,58.04501],[13.86539,58.04513],[13.86568,58.04517],[13.86591,58.04519],[13.86612,58.04515],[13.86632,58.04512],[13.86656,58.04513],[13.86667,58.04515],[13.86682,58.04521],[13.86691,58.04529],[13.86691,58.04541],[13.86678,58.04554],[13.8666,58.04581],[13.8667,58.04598],[13.8669,58.0462],[13.86748,58.04683],[13.86577,58.04931],[13.86621,58.04981],[13.86839,58.05095],[13.86953,58.05087],[13.86979,58.05033],[13.86995,58.04995],[13.86993,58.04982],[13.86978,58.04953],[13.86951,58.04921],[13.86934,58.04914],[13.86909,58.04897],[13.86884,58.04875],[13.86878,58.04851],[13.86893,58.04835],[13.86917,58.04825],[13.87045,58.04782],[13.87146,58.04768],[13.87225,58.04771],[13.87298,58.0475],[13.87336,58.04741],[13.87398,58.04742],[13.87417,58.04741],[13.87488,58.04724],[13.87526,58.04713],[13.87575,58.04714],[13.87678,58.04706],[13.8774,58.04695],[13.87858,58.04661],[13.87887,58.0465],[13.87944,58.0464],[13.87993,58.04632],[13.88039,58.04627],[13.88139,58.04622],[13.88241,58.04603],[13.88396,58.04579],[13.88473,58.04566],[13.88582,58.04544],[13.88613,58.04539],[13.88777,58.04523],[13.8882,58.04509],[13.88867,58.0449],[13.89103,58.04463],[13.8918,58.04462],[13.89372,58.04469],[13.89455,58.04474],[13.89513,58.04471],[13.89535,58.04472],[13.89572,58.0447],[13.8968,58.04453],[13.89807,58.04439],[13.89856,58.04419],[13.89932,58.04393],[13.90012,58.04358],[13.90067,58.04339],[13.90166,58.04313],[13.90191,58.04294],[13.90211,58.04285],[13.90237,58.04277],[13.90261,58.04273],[13.92089,58.04045],[13.92182,58.03996],[13.92295,58.03956],[13.92326,58.03952],[13.92366,58.03949],[13.92409,58.03937],[13.92457,58.03918],[13.92504,58.03909],[13.92585,58.03894],[13.9262,58.039],[13.92677,58.03887],[13.92727,58.03873],[13.92764,58.03849],[13.9277,58.03837],[13.92762,58.03798],[13.92779,58.03772],[13.92797,58.03754],[13.92811,58.03736],[13.92814,58.03715],[13.92819,58.03704],[13.92828,58.03691],[13.92838,58.0368],[13.92857,58.03669],[13.92887,58.03667],[13.93971,58.03475],[13.94021,58.03481],[13.94029,58.03489],[13.94082,58.03513],[13.9409,58.03518],[13.94135,58.0353],[13.94183,58.03534],[13.94354,58.03517],[13.94382,58.03493],[13.94432,58.03473],[13.94472,58.0347],[13.94535,58.03421],[13.94545,58.03409],[13.9455,58.03399],[13.94624,58.0339],[13.94715,58.03406],[13.94749,58.03425],[13.94795,58.03433],[13.94847,58.03435],[13.94889,58.03426],[13.94939,58.03408],[13.94953,58.03381],[13.94988,58.03358],[13.95001,58.03325],[13.95,58.03312],[13.94985,58.03293],[13.9499,58.03279],[13.94982,58.03241],[13.94981,58.0322],[13.95031,58.03177],[13.95066,58.03151],[13.95118,58.0315],[13.95149,58.03141],[13.95167,58.03132],[13.9517,58.03117],[13.95238,58.03048],[13.95269,58.03033],[13.95266,58.03017],[13.9527,58.02977],[13.95258,58.02946],[13.95244,58.02928],[13.95241,58.02914],[13.95233,58.02897],[13.95238,58.02867],[13.95234,58.02797],[13.95241,58.02767],[13.95259,58.02743],[13.95283,58.02697],[13.95289,58.02675],[13.95348,58.02556],[13.95401,58.02442],[13.95711,58.0177],[13.9607,58.00991],[13.96268,58.00787],[13.96462,58.008],[13.97714,58.00884],[13.9821,58.00888],[13.98683,58.00917],[13.99167,58.0096],[13.99926,58.01119],[14.00541,58.01263],[14.01483,58.01453],[14.02326,58.01619],[14.06395,58.02423],[14.0696,58.02515],[14.06469,58.03891],[14.07857,58.047],[14.09067,58.05405],[14.11631,58.07534],[14.11572,58.07646],[14.10994,58.07994],[14.10947,58.08044],[14.10906,58.0808],[14.10887,58.08134],[14.10766,58.0817],[14.11036,58.08535],[14.1109,58.086],[14.111,58.08622],[14.11144,58.08672],[14.11202,58.08687],[14.11239,58.08707],[14.11331,58.08741],[14.1146,58.08789],[14.11565,58.08815],[14.11699,58.08862],[14.11919,58.11767],[14.11863,58.12118],[14.12877,58.14633]]]},"properties":{"lan_code":"14","kom_namn":"Tidaholm","id":"1498","geo_point_2d":[58.14708,13.94482]}},{"type":"Feature","geometry":{"type":"Polygon","coordinates":[[[13.6868,59.7725],[13.63585,59.7829],[13.62932,59.81538],[13.59496,59.81254],[13.54751,59.79483],[13.4966,59.76576],[13.44778,59.75997],[13.44854,59.74477],[13.41313,59.74966],[13.37948,59.76456],[13.37366,59.72175],[13.38246,59.6976],[13.36616,59.68467],[13.3657,59.6617],[13.34385,59.66194],[13.36711,59.65234],[13.3919,59.62539],[13.36769,59.61088],[13.39264,59.58269],[13.42804,59.56901],[13.42736,59.52274],[13.40472,59.51869],[13.39422,59.48877],[13.41898,59.48469],[13.44405,59.50451],[13.49963,59.47732],[13.54727,59.49674],[13.54253,59.52404],[13.56092,59.5417],[13.63678,59.56883],[13.61749,59.58312],[13.62516,59.61472],[13.58636,59.64972],[13.61527,59.65984],[13.59303,59.67521],[13.66234,59.75422],[13.6868,59.7725]]]},"properties":{"lan_code":"17","kom_namn":"Forshaga","id":"1763","geo_point_2d":[59.65134,13.50817]}},{"type":"Feature","geometry":{"type":"Polygon","coordinates":[[[15.20882,60.30452],[15.19295,60.33611],[15.15218,60.33351],[15.12193,60.36635],[15.09557,60.41962],[15.09529,60.41505],[15.01184,60.36185],[14.93893,60.37509],[14.80965,60.37234],[14.76084,60.32914],[14.7817,60.32794],[14.79803,60.31034],[14.71422,60.29298],[14.68435,60.283],[14.63349,60.27525],[14.54857,60.23883],[14.49494,60.23393],[14.37272,60.25565],[14.1436,60.2423],[14.1492,60.23066],[14.1588,60.20591],[14.18929,60.17732],[14.19743,60.14468],[14.19741,60.14455],[14.20317,60.13137],[14.20308,60.1311],[14.20497,60.12943],[14.20516,60.12934],[14.20815,60.12382],[14.20808,60.12366],[14.2127,60.09574],[14.31393,60.06225],[14.43704,60.02572],[14.75366,59.99718],[14.75164,60.00881],[14.75151,60.00977],[14.73734,60.08175],[14.80766,60.11093],[14.85007,60.10449],[14.83881,60.09399],[14.83849,60.09404],[14.8394,60.08948],[14.83818,60.08836],[14.8457,60.08279],[14.85942,60.08178],[14.8645,60.07849],[14.90478,60.05134],[14.91738,60.0527],[14.93883,60.04873],[14.98098,60.05363],[14.98154,60.05369],[15.00313,60.05617],[15.0037,60.05623],[15.01096,60.0571],[15.01343,60.05739],[15.07768,60.04112],[15.11996,60.0122],[15.12546,60.00842],[15.13646,60.044],[15.16615,60.06944],[15.22249,60.10486],[15.2397,60.13182],[15.22173,60.14302],[15.23814,60.16287],[15.24519,60.18935],[15.24382,60.21974],[15.2307,60.27228],[15.23626,60.27974],[15.20882,60.30452]]]},"properties":{"lan_code":"20","kom_namn":"Ludvika","id":"2085","geo_point_2d":[60.18203,14.76237]}},{"type":"Feature","geometry":{"type":"Polygon","coordinates":[[[18.80723,63.7885],[18.7573,63.81043],[18.72194,63.80639],[18.70245,63.81624],[18.63755,63.82622],[18.59437,63.82255],[18.4855,63.84265],[18.47918,63.86608],[18.43984,63.89302],[18.42048,63.93389],[18.46541,63.93199],[18.47369,63.96479],[18.46191,63.97614],[18.40648,63.99579],[17.95583,63.92221],[17.73344,63.8801],[17.53158,63.89283],[17.36201,63.90553],[17.35707,63.90592],[17.31449,63.90939],[17.28967,63.91144],[17.26149,63.91376],[17.25541,63.89546],[17.33557,63.88934],[17.32534,63.86899],[17.19282,63.88475],[17.17686,63.86945],[17.19281,63.85116],[17.1814,63.82701],[17.20164,63.81472],[17.24658,63.80987],[17.27059,63.79488],[17.2118,63.7717],[17.22411,63.70719],[17.30645,63.73984],[17.33643,63.69397],[17.26428,63.64445],[17.34426,63.57643],[17.2702,63.56447],[17.25116,63.55374],[17.29261,63.52977],[17.28002,63.50325],[17.28032,63.47973],[17.41714,63.5086],[17.41956,63.46171],[17.45254,63.38622],[17.4744,63.38428],[17.47564,63.33976],[17.54638,63.32624],[17.53454,63.29565],[17.80277,63.25819],[17.83822,63.27478],[17.99975,63.20777],[17.9933,63.20523],[18.05516,63.18589],[18.39838,63.1129],[18.49441,63.08413],[18.51964,63.08566],[18.5516,63.06754],[18.57456,63.0644],[18.60107,63.03134],[18.57542,63.00064],[18.58422,62.97376],[18.65552,62.94919],[18.76904,63.06115],[18.77081,63.08299],[18.79439,63.10876],[18.82434,63.12066],[18.83178,63.14069],[18.87016,63.13651],[18.8879,63.14656],[18.91391,63.18783],[18.94392,63.18795],[18.99866,63.1761],[19.04675,63.17978],[19.10552,63.20618],[19.14803,63.25145],[19.20045,63.2652],[19.20561,63.30636],[19.25895,63.31708],[19.27311,63.33764],[19.26927,63.37537],[19.27961,63.43247],[19.31445,63.43291],[19.28673,63.47012],[19.19086,63.57193],[19.18184,63.59843],[19.16634,63.60883],[19.1553,63.61632],[19.11368,63.64462],[19.09812,63.65531],[19.08516,63.66442],[19.07753,63.66995],[19.0443,63.68881],[18.99711,63.7313],[18.95066,63.72897],[18.96187,63.76047],[18.90147,63.78259],[18.81997,63.77348],[18.80723,63.7885]]]},"properties":{"lan_code":"22","kom_namn":"Örnsköldsvik","id":"2284","geo_point_2d":[63.52722,18.2662]}},{"type":"Feature","geometry":{"type":"Polygon","coordinates":[[[21.96226,67.35616],[21.88538,67.3912],[21.91508,67.39578],[21.90981,67.41146],[21.86504,67.42861],[21.7849,67.45043],[21.54185,67.46251],[21.5034,67.47029],[21.44082,67.4739],[21.41871,67.46907],[21.355,67.48475],[21.29481,67.47374],[21.18564,67.48059],[21.06786,67.49488],[21.01535,67.52163],[20.96961,67.53269],[20.91697,67.56012],[20.77353,67.60788],[20.69219,67.64296],[20.58746,67.66546],[20.49633,67.68796],[20.47062,67.6885],[20.40117,67.70402],[20.35229,67.72925],[20.28085,67.73099],[20.22286,67.72176],[20.16474,67.73079],[20.11795,67.74754],[20.08275,67.74998],[20.04219,67.74271],[20.00913,67.74582],[19.97738,67.76334],[19.92398,67.78054],[19.87296,67.7866],[19.81321,67.80138],[19.78131,67.8149],[19.70199,67.81322],[19.64187,67.82095],[19.63579,67.82808],[19.48443,67.83762],[19.40816,67.85218],[19.32165,67.85628],[19.2492,67.84844],[19.08185,67.85136],[19.00504,67.85732],[18.85256,67.84447],[18.78256,67.85206],[18.35186,67.85431],[18.18652,67.89515],[17.89971,67.96934],[17.66468,68.03836],[17.28148,68.1188],[17.18056,68.05041],[16.95382,67.98438],[16.73809,67.91419],[16.73262,67.90582],[16.8621,67.88035],[16.90152,67.86421],[16.97814,67.84452],[17.01422,67.82404],[17.09102,67.80262],[17.15426,67.80592],[17.2524,67.77444],[17.29018,67.74897],[17.30024,67.73331],[17.36524,67.71778],[17.43287,67.71407],[17.43408,67.6936],[17.45129,67.6763],[17.5785,67.6574],[17.62877,67.64286],[17.74853,67.63486],[17.86152,67.61179],[17.90142,67.5868],[17.96968,67.58603],[18.10474,67.57305],[18.14592,67.56111],[18.20676,67.52348],[18.25788,67.49777],[18.33988,67.48011],[18.36049,67.45779],[18.43754,67.41887],[18.5059,67.40079],[18.57294,67.41044],[18.63439,67.39686],[18.70353,67.40509],[18.78263,67.38562],[18.8783,67.35234],[18.89372,67.32826],[18.92463,67.30671],[18.98975,67.30404],[19.0898,67.27911],[19.31301,67.15419],[19.51016,67.14563],[19.66209,67.0946],[19.78415,67.04373],[19.8312,66.97531],[20.29058,66.82928],[20.63262,66.73594],[20.80202,66.67648],[20.96151,66.62246],[21.17801,66.38364],[21.27413,66.27859],[21.37852,66.30025],[21.54845,66.35668],[21.63894,66.38445],[21.94675,66.4323],[22.10985,66.45657],[22.12247,66.60571],[21.97078,66.66927],[22.04422,66.73198],[22.10705,66.80965],[22.15847,66.81252],[22.12671,66.8339],[22.13422,66.8432],[22.19898,66.91931],[21.98413,67.13445],[21.8452,67.27088],[21.96226,67.35616]]]},"properties":{"lan_code":"25","kom_namn":"Gällivare","id":"2523","geo_point_2d":[67.28926,20.07825]}},{"type":"Feature","geometry":{"type":"Polygon","coordinates":[[[19.3567,59.47988],[19.55158,59.50999],[19.59276,59.56514],[19.66097,59.57959],[19.68235,59.64292],[19.52963,59.64538],[19.42808,59.68099],[19.47821,59.73594],[19.36687,59.79089],[19.20334,59.82061],[19.15466,59.8757],[19.02333,59.91212],[18.97083,59.93374],[18.88213,60.03125],[18.84562,60.11002],[18.8211,60.12512],[18.83052,60.14842],[18.92943,60.21686],[18.93925,60.2813],[18.90585,60.27804],[18.78451,60.25792],[18.68361,60.23933],[18.67859,60.23127],[18.696,60.20071],[18.67273,60.19462],[18.69299,60.1761],[18.6768,60.15509],[18.59498,60.16322],[18.59317,60.16337],[18.51421,60.16067],[18.49329,60.13771],[18.49209,60.10395],[18.45077,60.07719],[18.44479,60.05861],[18.38852,60.04124],[18.41775,60.0253],[18.46792,60.00718],[18.45965,59.99365],[18.45051,59.9931],[18.42722,59.98186],[18.42337,59.95633],[18.39028,59.95361],[18.37728,59.93636],[18.40388,59.89923],[18.36474,59.86451],[18.33731,59.86342],[18.27341,59.85059],[18.25958,59.83592],[18.21968,59.82818],[18.1977,59.83154],[18.15297,59.82251],[18.13069,59.81905],[18.11963,59.8048],[18.10777,59.75777],[18.08517,59.73856],[18.0994,59.72449],[18.14095,59.71643],[18.1207,59.69675],[18.15329,59.68356],[18.15879,59.66834],[18.2252,59.66804],[18.28587,59.68632],[18.32078,59.68914],[18.36523,59.65555],[18.38945,59.65141],[18.37501,59.62879],[18.39202,59.62023],[18.38732,59.60279],[18.42745,59.59194],[18.43717,59.56637],[18.46622,59.56428],[18.47985,59.58612],[18.53758,59.59499],[18.55695,59.58725],[18.5821,59.59954],[18.5964,59.58289],[18.63439,59.5818],[18.67117,59.57356],[18.726,59.58232],[18.73685,59.56854],[18.73194,59.55157],[18.78453,59.55018],[18.83782,59.55727],[18.86119,59.54569],[18.91583,59.54539],[18.92733,59.53775],[18.9669,59.53914],[19.00201,59.51573],[19.02731,59.51413],[19.06712,59.49616],[19.20559,59.46945],[19.24307,59.49596],[19.28979,59.50353],[19.35867,59.4846],[19.3567,59.47988]]]},"properties":{"lan_code":"01","kom_namn":"Norrtälje","id":"0188","geo_point_2d":[59.78849,18.83974]}},{"type":"Feature","geometry":{"type":"Polygon","coordinates":[[[18.02773,59.74043],[18.02185,59.74496],[18.02035,59.74533],[18.0214,59.74173],[18.0205,59.74196],[18.02007,59.742],[18.01779,59.741],[18.01773,59.74048],[18.01782,59.74031],[18.01211,59.74106],[18.01079,59.73916],[18.01058,59.73863],[17.98393,59.72922],[17.98101,59.72671],[17.9467,59.71347],[17.91549,59.71021],[17.90983,59.70968],[17.85064,59.69777],[17.82779,59.68201],[17.82588,59.68036],[17.82578,59.68027],[17.8256,59.68011],[17.82542,59.67996],[17.77834,59.69063],[17.75887,59.66407],[17.75772,59.66315],[17.72504,59.67437],[17.72237,59.68381],[17.65567,59.6928],[17.64403,59.69345],[17.62954,59.69421],[17.63142,59.68176],[17.61706,59.67399],[17.57886,59.65329],[17.58423,59.65112],[17.59045,59.64976],[17.64141,59.63416],[17.67053,59.61558],[17.75636,59.59637],[17.80731,59.57556],[17.84757,59.56958],[17.85021,59.5585],[17.89309,59.55294],[17.91994,59.56405],[17.97083,59.54853],[17.976,59.56206],[18.00677,59.57361],[18.01679,59.59306],[18.01587,59.63633],[18.09585,59.63667],[18.0888,59.65631],[18.12813,59.67717],[18.15329,59.68356],[18.1207,59.69675],[18.14095,59.71643],[18.0994,59.72449],[18.08517,59.73856],[18.06256,59.74188],[18.06095,59.74223],[18.05763,59.74315],[18.054,59.7433],[18.04035,59.73764],[18.03373,59.73893],[18.02773,59.74043]]]},"properties":{"lan_code":"01","kom_namn":"Sigtuna","id":"0191","geo_point_2d":[59.64841,17.8908]}},{"type":"Feature","geometry":{"type":"Polygon","coordinates":[[[18.09548,58.77956],[17.99333,58.8437],[18.0014,58.86431],[18.07755,58.92316],[18.07692,58.94338],[18.04241,58.95371],[18.05435,58.99584],[18.01276,59.0242],[17.99688,59.04777],[17.95482,59.05061],[17.94935,59.06106],[17.96064,59.08428],[17.98736,59.09668],[17.96273,59.11718],[17.92155,59.12018],[17.91351,59.10332],[17.87021,59.0849],[17.78848,59.08984],[17.76068,59.09737],[17.73983,59.08301],[17.74564,59.06334],[17.71439,59.0445],[17.7294,59.0147],[17.72714,58.98376],[17.71735,58.96038],[17.72533,58.94259],[17.7111,58.91764],[17.71742,58.90562],[17.70864,58.88433],[17.72712,58.84287],[17.71785,58.81529],[17.72521,58.79795],[17.75753,58.78741],[17.7867,58.77789],[17.79414,58.67092],[18.00171,58.71684],[18.09548,58.77956]]]},"properties":{"lan_code":"01","kom_namn":"Nynäshamn","id":"0192","geo_point_2d":[58.89759,17.88463]}},{"type":"Feature","geometry":{"type":"Polygon","coordinates":[[[12.39749,57.32866],[12.38698,57.35153],[12.33914,57.33034],[12.31443,57.30927],[12.27455,57.30047],[12.21561,57.32231],[12.14531,57.30307],[12.13502,57.32135],[12.10618,57.3287],[12.08714,57.32683],[12.06565,57.32563],[12.02448,57.31268],[12.0828,57.20725],[12.14104,57.12847],[12.25836,56.98733],[12.35621,56.9905],[12.39624,56.99791],[12.42648,57.00981],[12.54292,57.00131],[12.55046,57.01803],[12.60909,57.02397],[12.60213,57.04145],[12.57318,57.05369],[12.5995,57.06642],[12.57668,57.08533],[12.57935,57.11316],[12.61881,57.13454],[12.61431,57.1536],[12.64911,57.16593],[12.62998,57.17869],[12.62347,57.20954],[12.64126,57.22562],[12.67313,57.22859],[12.74047,57.26738],[12.76281,57.27341],[12.73792,57.30244],[12.70293,57.314],[12.7055,57.32355],[12.65526,57.34138],[12.63905,57.33172],[12.60922,57.34667],[12.55877,57.32116],[12.53723,57.31949],[12.52953,57.3027],[12.50458,57.28105],[12.43022,57.26936],[12.42283,57.30637],[12.42151,57.30689],[12.43221,57.31505],[12.39977,57.32764],[12.39749,57.32866]]]},"properties":{"lan_code":"13","kom_namn":"Varberg","id":"1383","geo_point_2d":[57.1804,12.38121]}},{"type":"Feature","geometry":{"type":"MultiPolygon","coordinates":[[[[13.57202,63.22683],[13.58598,63.27326],[13.51954,63.26642],[13.53224,63.24681],[13.49373,63.23457],[13.52654,63.21407],[13.57202,63.22683]]],[[[14.94406,63.59486],[14.89701,63.61366],[14.85861,63.64967],[14.93644,63.64958],[14.9256,63.70394],[14.91564,63.72187],[14.94959,63.78304],[15.01973,63.82191],[15.10638,63.85022],[15.10465,63.86498],[15.05628,63.89403],[15.04504,63.90668],[14.97821,63.93446],[14.9077,64.02687],[14.97625,64.04451],[14.91639,64.10686],[14.87738,64.10701],[14.84554,64.16447],[14.77286,64.2773],[14.6615,64.29011],[14.51555,64.31279],[14.25695,64.3404],[14.17083,64.39833],[14.12662,64.38742],[14.1448,64.28424],[14.15711,64.19506],[14.0123,64.05027],[13.96754,64.00797],[13.71536,64.04631],[13.53764,64.06551],[13.27821,64.08916],[13.31772,64.06783],[13.30983,64.03251],[13.33678,63.9858],[13.3407,63.94466],[13.3256,63.91562],[13.3835,63.85794],[13.3643,63.84073],[13.38376,63.82092],[13.37622,63.79996],[13.40599,63.79387],[13.41843,63.76901],[13.47182,63.77049],[13.4697,63.6854],[13.4882,63.67338],[13.50675,63.60277],[13.45111,63.61713],[13.37466,63.66154],[13.30157,63.6704],[13.28078,63.65324],[13.31163,63.62193],[13.3966,63.6131],[13.42199,63.60664],[13.50498,63.57284],[13.48359,63.54251],[13.52821,63.48975],[13.49052,63.4706],[13.47234,63.43255],[13.53982,63.4326],[13.58043,63.40128],[13.61179,63.41721],[13.64153,63.40025],[13.7028,63.37647],[13.69566,63.36753],[13.77049,63.35002],[13.83484,63.35662],[13.90193,63.34754],[14.0327,63.31931],[14.07961,63.28987],[14.17934,63.2718],[14.24014,63.23512],[14.27147,63.2249],[14.31297,63.23045],[14.40571,63.21629],[14.47667,63.2223],[14.51538,63.2319],[14.59983,63.20863],[14.6218,63.22319],[14.65237,63.22621],[14.70946,63.22173],[14.7479,63.22463],[14.71738,63.25261],[14.73135,63.26631],[14.72167,63.28308],[14.73621,63.31081],[14.69268,63.30475],[14.64113,63.31327],[14.64859,63.35918],[14.52257,63.44021],[14.49836,63.44959],[14.5855,63.48789],[14.54785,63.49908],[14.59244,63.50881],[14.57899,63.52079],[14.57799,63.54851],[14.54506,63.55801],[14.53822,63.58868],[14.59515,63.56473],[14.69049,63.56843],[14.71227,63.53803],[14.76425,63.55685],[14.78259,63.59321],[14.86379,63.5705],[14.94406,63.59486]],[[14.46542,64.23143],[14.41132,64.23477],[14.3261,64.29001],[14.42943,64.30011],[14.4659,64.28448],[14.56844,64.27623],[14.50742,64.22882],[14.46542,64.23143]]]]},"properties":{"lan_code":"23","kom_namn":"Krokom","id":"2309","geo_point_2d":[63.77394,14.20785]}},{"type":"Feature","geometry":{"type":"Polygon","coordinates":[[[18.12119,59.41208],[18.08261,59.42344],[18.05412,59.42366],[18.0528,59.43745],[18.00698,59.44138],[17.99124,59.41787],[18.00618,59.39975],[18.05874,59.3755],[18.09557,59.36969],[18.0879,59.38201],[18.1194,59.39393],[18.12119,59.41208]]]},"properties":{"lan_code":"01","kom_namn":"Danderyd","id":"0162","geo_point_2d":[59.40628,18.05444]}},{"type":"Feature","geometry":{"type":"Polygon","coordinates":[[[15.87153,58.98983],[15.86805,59.00156],[15.86742,59.00188],[15.86739,59.0019],[15.86107,59.00507],[15.84568,59.01344],[15.8429,59.01495],[15.84283,59.01495],[15.84063,59.0153],[15.83615,59.01604],[15.83478,59.01625],[15.82075,59.01843],[15.80972,59.0144],[15.80805,59.01299],[15.80709,59.01167],[15.80703,59.01155],[15.80703,59.01153],[15.80692,59.0111],[15.80693,59.00268],[15.80631,59.0022],[15.80598,59.00186],[15.80517,59.00105],[15.79226,58.99038],[15.78572,58.98679],[15.78038,58.97316],[15.78074,58.96988],[15.7804,58.96922],[15.77984,58.96891],[15.77944,58.96862],[15.77275,58.9664],[15.77396,58.96545],[15.77239,58.96512],[15.76973,58.96551],[15.76756,58.96653],[15.76749,58.96656],[15.7668,58.96653],[15.76263,58.96089],[15.7628,58.96039],[15.76319,58.95927],[15.76284,58.95617],[15.75323,58.95395],[15.72928,58.97673],[15.72703,58.979],[15.72571,58.98011],[15.7258,58.98168],[15.72671,58.98246],[15.72713,58.9826],[15.72734,58.98269],[15.72779,58.98309],[15.72808,58.98349],[15.72804,58.98363],[15.72685,58.98482],[15.72662,58.98499],[15.72646,58.98509],[15.72512,58.98589],[15.72502,58.98597],[15.7246,58.98631],[15.72453,58.98637],[15.7182,58.98884],[15.7157,58.98817],[15.70916,58.9872],[15.7085,58.98704],[15.70805,58.98698],[15.70548,58.98593],[15.70536,58.98558],[15.70497,58.9852],[15.70316,58.98485],[15.70083,58.98505],[15.69835,58.98547],[15.69668,58.98579],[15.68772,58.98862],[15.68754,58.98876],[15.68761,58.98896],[15.68751,58.98923],[15.68719,58.98939],[15.6877,58.98548],[15.68763,58.98197],[15.64158,58.97392],[15.62859,58.98292],[15.59107,58.95959],[15.55525,58.95652],[15.55838,58.94104],[15.59155,58.91188],[15.58599,58.8965],[15.56329,58.89413],[15.55399,58.87047],[15.54515,58.87193],[15.53079,58.86459],[15.45073,58.86394],[15.44168,58.86214],[15.44473,58.85095],[15.44477,58.85069],[15.45402,58.82106],[15.45117,58.8213],[15.41358,58.8069],[15.42305,58.79016],[15.44873,58.77716],[15.44558,58.7647],[15.46998,58.75276],[15.47853,58.7354],[15.49915,58.73185],[15.49523,58.7013],[15.47945,58.69732],[15.47628,58.66139],[15.46443,58.65063],[15.48832,58.63469],[15.53971,58.64006],[15.53608,58.60552],[15.56658,58.61259],[15.58011,58.63634],[15.59873,58.63271],[15.62702,58.61421],[15.62481,58.63485],[15.65862,58.64041],[15.68114,58.65752],[15.76782,58.65144],[15.79089,58.63898],[15.84379,58.6287],[15.8799,58.62919],[15.89777,58.61575],[15.97727,58.62252],[15.94721,58.66333],[15.98575,58.67559],[15.98531,58.69703],[16.014,58.71371],[16.02644,58.73453],[16.01586,58.74577],[16.0521,58.76611],[16.08246,58.77252],[16.07379,58.79741],[16.09976,58.80285],[16.09335,58.81732],[16.14,58.8267],[16.17933,58.8447],[16.18232,58.85387],[16.13517,58.87683],[16.13319,58.87756],[16.133,58.87754],[16.13275,58.8776],[16.13269,58.87763],[16.1324,58.87765],[16.13222,58.87768],[16.13208,58.87777],[16.13209,58.87798],[16.13207,58.87808],[16.13181,58.87814],[16.13174,58.87806],[16.13163,58.87797],[16.1315,58.87795],[16.13138,58.87797],[16.13129,58.87804],[16.13122,58.87811],[16.13084,58.87843],[16.1305,58.87873],[16.13031,58.87866],[16.13021,58.87864],[16.12994,58.87876],[16.12988,58.87886],[16.12862,58.87934],[16.12853,58.87943],[16.12839,58.87944],[16.1281,58.87945],[16.12729,58.87974],[16.12736,58.87986],[16.12674,58.88044],[16.12654,58.88046],[16.12543,58.88047],[16.12548,58.88032],[16.12416,58.88076],[16.12398,58.8811],[16.12378,58.88136],[16.12341,58.88122],[16.12318,58.88111],[16.12074,58.88147],[16.12018,58.88158],[16.12011,58.8816],[16.11973,58.88153],[16.11893,58.88213],[16.11902,58.88214],[16.11916,58.88214],[16.11934,58.88222],[16.119,58.88268],[16.11866,58.88275],[16.11791,58.88348],[16.11791,58.88366],[16.11786,58.88376],[16.11765,58.88379],[16.11724,58.8838],[16.11623,58.88411],[16.11573,58.88408],[16.11478,58.88444],[16.11459,58.88466],[16.11367,58.88496],[16.1136,58.88483],[16.11291,58.88493],[16.11216,58.88501],[16.11203,58.88528],[16.1121,58.88541],[16.11091,58.88566],[16.10828,58.88531],[16.10218,58.8858],[16.10029,58.89404],[16.09914,58.8993],[16.09382,58.90573],[16.08892,58.90829],[16.08514,58.91408],[16.08129,58.91741],[16.05385,58.92742],[15.99361,58.93732],[15.96741,58.94715],[15.95017,58.95336],[15.93808,58.95636],[15.91153,58.96241],[15.89996,58.97054],[15.88877,58.97772],[15.88244,58.97915],[15.88326,58.98168],[15.88356,58.98258],[15.88356,58.98262],[15.88345,58.98584],[15.88301,58.98775],[15.87862,58.99021],[15.87545,58.98932],[15.87153,58.98983]]]},"properties":{"lan_code":"05","kom_namn":"Finspång","id":"0562","geo_point_2d":[58.80469,15.77603]}},{"type":"Feature","geometry":{"type":"Polygon","coordinates":[[[14.47667,57.15765],[14.44956,57.16297],[14.44094,57.14968],[14.39787,57.15111],[14.34812,57.14483],[14.36058,57.12025],[14.3438,57.11361],[14.34352,57.11339],[14.3577,57.09632],[14.35863,57.09085],[14.35991,57.05766],[14.338,57.0558],[14.334,57.01765],[14.33431,57.0172],[14.36159,57.00514],[14.36206,57.00501],[14.36691,56.98144],[14.39446,56.96459],[14.38482,56.94426],[14.33248,56.8961],[14.2992,56.87921],[14.27974,56.83745],[14.30281,56.81319],[14.28867,56.77971],[14.28669,56.75909],[14.33428,56.7521],[14.38694,56.7236],[14.40246,56.7032],[14.40139,56.65437],[14.43743,56.64775],[14.44077,56.62853],[14.43014,56.61794],[14.43239,56.58183],[14.48993,56.58127],[14.50678,56.56058],[14.53018,56.57015],[14.55121,56.56763],[14.57911,56.5394],[14.62235,56.53705],[14.65195,56.5631],[14.65987,56.60093],[14.63631,56.62463],[14.67468,56.62888],[14.69351,56.64931],[14.65869,56.69639],[14.65221,56.72056],[14.66666,56.74062],[14.66409,56.76136],[14.64625,56.78181],[14.63686,56.80755],[14.61499,56.80296],[14.57086,56.80612],[14.55634,56.84147],[14.59076,56.84377],[14.59427,56.87283],[14.62865,56.87437],[14.61567,56.90113],[14.65576,56.92219],[14.65535,56.94198],[14.67976,56.96283],[14.63383,56.98333],[14.63023,56.99568],[14.63826,57.03432],[14.62407,57.0564],[14.63011,57.07853],[14.60015,57.09188],[14.54536,57.0994],[14.49321,57.11909],[14.47247,57.14036],[14.4895,57.15212],[14.47758,57.15765],[14.47667,57.15765]]]},"properties":{"lan_code":"07","kom_namn":"Alvesta","id":"0764","geo_point_2d":[56.84952,14.49569]}},{"type":"Feature","geometry":{"type":"Polygon","coordinates":[[[14.57911,56.5394],[14.55121,56.56763],[14.53018,56.57015],[14.50678,56.56058],[14.48993,56.58127],[14.43239,56.58183],[14.43014,56.61794],[14.44077,56.62853],[14.43743,56.64775],[14.40139,56.65437],[14.40246,56.7032],[14.38694,56.7236],[14.33428,56.7521],[14.28669,56.75909],[14.28837,56.74308],[14.26636,56.72572],[14.24209,56.71802],[14.2358,56.7026],[14.20553,56.68975],[14.1977,56.67438],[14.1301,56.66228],[14.09169,56.68494],[14.07923,56.70794],[14.04826,56.71481],[14.03995,56.69876],[13.9897,56.66601],[13.96777,56.62673],[13.91081,56.63919],[13.88432,56.61884],[13.84184,56.60493],[13.79273,56.6058],[13.80865,56.55793],[13.80725,56.54573],[13.8261,56.52689],[13.82215,56.50346],[13.78004,56.4982],[13.76115,56.47021],[13.7199,56.46368],[13.71583,56.43113],[13.76042,56.44414],[13.79396,56.4482],[13.87692,56.43678],[13.90093,56.45691],[13.95213,56.46712],[14.01849,56.46929],[14.0252,56.46792],[14.05624,56.50075],[14.0618,56.52621],[14.09133,56.5328],[14.11919,56.52454],[14.1192,56.52441],[14.11768,56.51711],[14.11792,56.51682],[14.12402,56.50884],[14.12431,56.50871],[14.17987,56.4941],[14.24094,56.49381],[14.2674,56.50683],[14.34411,56.48443],[14.38659,56.47968],[14.4711,56.46394],[14.51447,56.46003],[14.52026,56.45836],[14.52288,56.45795],[14.53899,56.45468],[14.54155,56.45453],[14.55073,56.45131],[14.55312,56.45021],[14.55446,56.4499],[14.55502,56.44977],[14.55897,56.44888],[14.56071,56.44867],[14.56173,56.44864],[14.56267,56.44858],[14.5648,56.44836],[14.56558,56.44831],[14.56575,56.44808],[14.566,56.44771],[14.56635,56.44758],[14.56848,56.44756],[14.56905,56.44664],[14.57525,56.44587],[14.57647,56.44483],[14.5774,56.44412],[14.57932,56.44443],[14.57968,56.444],[14.58021,56.44399],[14.60596,56.49068],[14.57833,56.50409],[14.59696,56.513],[14.57911,56.5394]]]},"properties":{"lan_code":"07","kom_namn":"Älmhult","id":"0765","geo_point_2d":[56.57352,14.17519]}},{"type":"Feature","geometry":{"type":"Polygon","coordinates":[[[16.0224,56.31508],[16.01372,56.30797],[16.01911,56.30325],[16.01372,56.29815],[15.9787,56.30102],[15.98056,56.30383],[15.97952,56.30436],[15.97824,56.30475],[15.97615,56.30514],[15.97474,56.3053],[15.97319,56.30522],[15.97295,56.30552],[15.97324,56.30591],[15.97326,56.30636],[15.97276,56.30678],[15.97386,56.30866],[15.97469,56.30908],[15.97264,56.31071],[15.97271,56.31115],[15.97109,56.31176],[15.97062,56.31227],[15.97053,56.31364],[15.97026,56.31401],[15.96898,56.31411],[15.96775,56.31403],[15.96688,56.31351],[15.96695,56.31269],[15.96685,56.31255],[15.96612,56.31252],[15.96568,56.31217],[15.96445,56.3121],[15.96258,56.31203],[15.95963,56.31254],[15.95898,56.31373],[15.95739,56.31414],[15.95596,56.31454],[15.956,56.3149],[15.95698,56.31597],[15.9568,56.31628],[15.95474,56.31673],[15.95247,56.31786],[15.9493,56.31675],[15.9483,56.3168],[15.94704,56.31687],[15.94184,56.31889],[15.94074,56.31673],[15.94011,56.31611],[15.93939,56.31593],[15.93857,56.31605],[15.93776,56.31648],[15.93314,56.31723],[15.90697,56.31503],[15.90402,56.31659],[15.90255,56.3168],[15.90202,56.31661],[15.90115,56.31623],[15.89923,56.31647],[15.89809,56.31679],[15.89582,56.31683],[15.89472,56.3173],[15.88926,56.31587],[15.88027,56.31831],[15.87806,56.31742],[15.87743,56.31729],[15.87591,56.31747],[15.87452,56.3181],[15.87364,56.31801],[15.87323,56.31759],[15.87223,56.31771],[15.8713,56.31821],[15.86926,56.31883],[15.86778,56.31778],[15.86698,56.31776],[15.86668,56.31796],[15.84192,56.32277],[15.82118,56.33139],[15.7769,56.36948],[15.77705,56.37046],[15.77806,56.37242],[15.77812,56.37264],[15.77759,56.37372],[15.77677,56.3748],[15.77675,56.37536],[15.77641,56.37617],[15.77599,56.3778],[15.77621,56.37847],[15.7754,56.38016],[15.77411,56.38022],[15.77282,56.38117],[15.77063,56.3818],[15.76881,56.38203],[15.76606,56.38315],[15.76334,56.38452],[15.76215,56.38547],[15.76181,56.38629],[15.76186,56.38671],[15.76108,56.38726],[15.76022,56.38762],[15.75972,56.38849],[15.75914,56.38881],[15.75764,56.3896],[15.75657,56.39035],[15.75251,56.39795],[15.75167,56.39859],[15.7513,56.39902],[15.75088,56.39942],[15.74991,56.40036],[15.74949,56.40079],[15.74901,56.40096],[15.74762,56.40093],[15.74702,56.40136],[15.74618,56.40183],[15.74594,56.40209],[15.74581,56.40296],[15.74455,56.40387],[15.74394,56.4051],[15.74406,56.40644],[15.74364,56.40754],[15.74315,56.40801],[15.74038,56.40904],[15.74038,56.41018],[15.73839,56.41135],[15.73844,56.41258],[15.73633,56.41405],[15.735,56.41485],[15.73319,56.41569],[15.72367,56.41702],[15.71866,56.41785],[15.71649,56.41822],[15.71142,56.4192],[15.70691,56.42034],[15.7015,56.42209],[15.69726,56.42293],[15.69113,56.42372],[15.68283,56.42442],[15.67724,56.42491],[15.66421,56.44083],[15.66707,56.44703],[15.6655,56.44844],[15.6651,56.45082],[15.66246,56.45255],[15.66294,56.45477],[15.65764,56.45855],[15.65881,56.46002],[15.65586,56.46229],[15.65469,56.46245],[15.65449,56.46342],[15.65253,56.46331],[15.65283,56.46207],[15.64854,56.45979],[15.64648,56.46016],[15.64571,56.45773],[15.63965,56.45658],[15.63025,56.45987],[15.63082,56.46182],[15.62632,56.46333],[15.62243,56.46494],[15.61582,56.46769],[15.61372,56.46867],[15.60599,56.47061],[15.60421,56.47226],[15.60252,56.47297],[15.59849,56.47452],[15.59281,56.48181],[15.58841,56.48198],[15.58665,56.4863],[15.58712,56.48901],[15.58863,56.49112],[15.58766,56.49112],[15.58613,56.4926],[15.58523,56.49348],[15.58598,56.4952],[15.58343,56.49501],[15.58093,56.49592],[15.57604,56.4948],[15.57306,56.49522],[15.57181,56.49659],[15.56884,56.49746],[15.56766,56.49822],[15.56503,56.49822],[15.56247,56.49936],[15.55603,56.50091],[15.55398,56.50088],[15.55202,56.50113],[15.54848,56.50323],[15.54234,56.50358],[15.52375,56.50251],[15.51811,56.49741],[15.51683,56.4954],[15.5134,56.49379],[15.51183,56.49158],[15.5125,56.48994],[15.51357,56.48341],[15.51304,56.47981],[15.51177,56.47631],[15.50908,56.47548],[15.50462,56.47404],[15.49453,56.47553],[15.48102,56.47978],[15.4727,56.46613],[15.5068,56.45302],[15.50045,56.44086],[15.45562,56.45175],[15.43422,56.4418],[15.41365,56.40249],[15.38827,56.41518],[15.33612,56.40757],[15.3484,56.38138],[15.3076,56.38454],[15.31407,56.36101],[15.35016,56.34478],[15.37518,56.34298],[15.38684,56.28552],[15.40727,56.27854],[15.43347,56.28467],[15.44439,56.27467],[15.47529,56.27474],[15.48848,56.26078],[15.47067,56.24791],[15.49129,56.23837],[15.4731,56.20709],[15.50226,56.1646],[15.5193,56.15827],[15.5236,56.14115],[15.50584,56.13104],[15.47832,56.13397],[15.42694,56.12137],[15.41297,56.11112],[15.41171,56.08721],[15.4669,56.0849],[15.51705,56.08828],[15.62209,56.08012],[15.68227,56.0675],[15.72812,56.0507],[15.75117,56.01844],[15.79396,56.00827],[15.83949,56.06608],[15.86206,56.07619],[15.85839,56.09008],[15.88128,56.09447],[15.89139,56.11406],[15.91884,56.13341],[15.92149,56.146],[15.97329,56.17237],[16.04705,56.22538],[16.04979,56.25702],[16.06691,56.25844],[16.07662,56.28299],[16.07245,56.30228],[16.06666,56.32154],[16.04835,56.32286],[16.03141,56.31982],[16.0224,56.31508]],[[15.3802,56.39571],[15.39912,56.38699],[15.39733,56.35988],[15.36922,56.37914],[15.3802,56.39571]]]},"properties":{"lan_code":"10","kom_namn":"Karlskrona","id":"1080","geo_point_2d":[56.25599,15.68123]}},{"type":"Feature","geometry":{"type":"Polygon","coordinates":[[[12.94981,56.36932],[12.91983,56.36346],[12.89371,56.36752],[12.87027,56.35608],[12.85939,56.33616],[12.83868,56.336],[12.7818,56.31936],[12.74529,56.32045],[12.75033,56.30459],[12.82291,56.2752],[12.81964,56.24958],[12.78557,56.22766],[12.79681,56.21362],[12.77675,56.19235],[12.81646,56.19355],[12.82706,56.18223],[12.79241,56.16774],[12.803,56.15074],[12.83898,56.12854],[12.88235,56.14208],[12.93142,56.14069],[12.9628,56.17845],[13.01255,56.18736],[13.00303,56.20797],[13.07992,56.21331],[13.12059,56.23153],[13.12242,56.24388],[13.14724,56.25272],[13.14647,56.26668],[13.17203,56.28268],[13.19579,56.30822],[13.19599,56.32414],[13.17186,56.34316],[13.17125,56.34344],[13.16989,56.34406],[13.16463,56.34643],[13.15863,56.34923],[13.15791,56.34953],[13.15257,56.35178],[13.14999,56.3525],[13.14864,56.35287],[13.12379,56.35515],[13.12227,56.35501],[13.11923,56.35467],[13.09966,56.35263],[13.09876,56.35292],[13.04885,56.35538],[13.037,56.35492],[12.99205,56.35723],[12.98853,56.35754],[12.9794,56.36124],[12.97905,56.3619],[12.97745,56.36378],[12.97663,56.3646],[12.9731,56.3671],[12.97062,56.36766],[12.96749,56.36837],[12.96111,56.36871],[12.95667,56.36895],[12.94981,56.36932]]]},"properties":{"lan_code":"12","kom_namn":"Ängelholm","id":"1292","geo_point_2d":[56.26565,12.96099]}},{"type":"Feature","geometry":{"type":"Polygon","coordinates":[[[12.34095,57.56172],[12.29327,57.58727],[12.2926,57.58755],[12.28805,57.5894],[12.28309,57.59143],[12.2772,57.59745],[12.2575,57.59048],[12.25526,57.5897],[12.21813,57.57792],[12.21398,57.57641],[12.14956,57.56444],[12.14597,57.56408],[12.14022,57.5635],[12.13751,57.56323],[12.12232,57.56172],[12.11568,57.56108],[12.09289,57.55991],[12.09202,57.55977],[12.08805,57.55903],[12.08715,57.55882],[12.09041,57.55412],[12.09024,57.55407],[12.07169,57.55156],[12.05695,57.55056],[12.0127,57.54582],[12.00441,57.5543],[12.00311,57.5553],[11.99636,57.56017],[11.9879,57.56469],[11.98796,57.56504],[11.98596,57.56484],[11.98472,57.5647],[11.98352,57.56464],[11.98285,57.56454],[11.97912,57.56401],[11.97825,57.56269],[11.97602,57.56168],[11.97322,57.56314],[11.97226,57.5635],[11.97108,57.56346],[11.97083,57.56348],[11.97037,57.56358],[11.97022,57.56373],[11.96977,57.56386],[11.96917,57.5638],[11.96811,57.56345],[11.96775,57.56326],[11.96739,57.56282],[11.9673,57.56262],[11.9648,57.56212],[11.96381,57.56218],[11.96293,57.56236],[11.9588,57.56376],[11.95872,57.56378],[11.95788,57.56398],[11.95679,57.56332],[11.95557,57.56314],[11.95543,57.5631],[11.95499,57.56299],[11.95479,57.56302],[11.95425,57.563],[11.9538,57.56329],[11.95366,57.56329],[11.95357,57.56337],[11.95042,57.56271],[11.94991,57.56263],[11.92744,57.56209],[11.92434,57.5633],[11.92108,57.56308],[11.91908,57.56338],[11.91202,57.56255],[11.90873,57.56263],[11.88986,57.56219],[11.87803,57.55913],[11.85555,57.55799],[11.81733,57.55567],[11.79703,57.52643],[11.78425,57.50006],[11.82154,57.40011],[11.91799,57.25978],[12.02448,57.31268],[12.06565,57.32563],[12.08714,57.32683],[12.10618,57.3287],[12.13502,57.32135],[12.14531,57.30307],[12.21561,57.32231],[12.27455,57.30047],[12.31443,57.30927],[12.33914,57.33034],[12.38698,57.35153],[12.39605,57.38116],[12.41944,57.40065],[12.4073,57.41106],[12.40228,57.43624],[12.37648,57.44928],[12.33766,57.45106],[12.32397,57.46313],[12.33408,57.47484],[12.34437,57.48642],[12.31157,57.52098],[12.33571,57.5566],[12.33758,57.55843],[12.34095,57.56172]]]},"properties":{"lan_code":"13","kom_namn":"Kungsbacka","id":"1384","geo_point_2d":[57.43634,12.09137]}},{"type":"Feature","geometry":{"type":"Polygon","coordinates":[[[14.14513,58.51179],[14.09228,58.50887],[14.07355,58.54641],[14.03091,58.59235],[13.986,58.59332],[13.94807,58.58661],[13.92885,58.5702],[13.91169,58.54893],[13.85186,58.52457],[13.78506,58.53174],[13.76967,58.56345],[13.72995,58.57643],[13.73495,58.55146],[13.71869,58.54056],[13.68876,58.55343],[13.6764,58.54492],[13.66225,58.52324],[13.6421,58.51436],[13.62116,58.48033],[13.67191,58.46222],[13.7268,58.45962],[13.75173,58.44643],[13.74496,58.4364],[13.77201,58.43835],[13.78203,58.42099],[13.76328,58.39352],[13.802,58.37964],[13.78168,58.36728],[13.74185,58.35798],[13.73974,58.34841],[13.69332,58.34808],[13.66716,58.33351],[13.68013,58.30954],[13.7124,58.29758],[13.73272,58.30748],[13.85899,58.30923],[13.85112,58.26748],[13.8617,58.25388],[13.90657,58.24687],[13.98265,58.27942],[14.00096,58.29765],[14.08574,58.31676],[14.0912,58.33935],[14.11689,58.34747],[14.13711,58.36597],[14.13673,58.37199],[14.0679,58.40224],[14.08069,58.41742],[14.06286,58.42723],[14.07483,58.44897],[14.11394,58.45206],[14.14513,58.51179]]]},"properties":{"lan_code":"14","kom_namn":"Skövde","id":"1496","geo_point_2d":[58.42857,13.90538]}},{"type":"Feature","geometry":{"type":"Polygon","coordinates":[[[14.46513,59.57992],[14.42904,59.5756],[14.40846,59.56103],[14.38689,59.58119],[14.3611,59.59337],[14.34378,59.58667],[14.29982,59.59764],[14.27228,59.58905],[14.23528,59.59033],[14.17352,59.60713],[14.14558,59.59079],[14.06252,59.59121],[14.03054,59.55379],[14.01645,59.52973],[14.01769,59.48795],[14.07852,59.4779],[14.13631,59.45773],[14.21826,59.42337],[14.24623,59.43905],[14.26287,59.42142],[14.23125,59.3994],[14.21141,59.36117],[14.24443,59.34987],[14.26512,59.33209],[14.32521,59.31819],[14.32624,59.31796],[14.3286,59.32421],[14.32896,59.32465],[14.33057,59.3266],[14.33089,59.32698],[14.33718,59.33219],[14.33797,59.33259],[14.34667,59.33185],[14.35212,59.33028],[14.35556,59.3331],[14.35547,59.3333],[14.36285,59.34798],[14.36293,59.34821],[14.36425,59.36687],[14.36429,59.3669],[14.368,59.36869],[14.37681,59.36863],[14.37638,59.37001],[14.37448,59.37625],[14.40115,59.40399],[14.4067,59.41027],[14.46886,59.44055],[14.44146,59.45928],[14.3908,59.51377],[14.43575,59.54224],[14.47578,59.52908],[14.46966,59.55836],[14.46571,59.57734],[14.46521,59.57957],[14.46513,59.57992]]]},"properties":{"lan_code":"17","kom_namn":"Storfors","id":"1760","geo_point_2d":[59.48927,14.25746]}},{"type":"Feature","geometry":{"type":"MultiPolygon","coordinates":[[[[14.9083,60.86403],[14.90429,60.86421],[14.90869,60.84309],[14.92206,60.84269],[14.9083,60.86403]]],[[[15.04155,61.05925],[14.94543,61.05399],[14.81073,61.05383],[14.7165,61.04974],[14.65799,61.05242],[14.59192,61.06162],[14.57205,61.06028],[14.53935,61.12985],[14.51113,61.18199],[14.45305,61.25065],[14.39762,61.30025],[14.36282,61.39209],[14.32085,61.42781],[14.30739,61.47106],[14.30404,61.50048],[14.32624,61.53447],[14.39458,61.56391],[14.39274,61.56498],[14.37544,61.57556],[14.36446,61.58223],[14.33613,61.59937],[14.3079,61.60428],[14.28509,61.60825],[14.25127,61.61134],[14.212,61.61494],[14.20929,61.61519],[14.19475,61.61647],[14.10959,61.61856],[14.0642,61.61918],[14.05249,61.61934],[13.97679,61.6214],[14.0461,61.55753],[14.06581,61.4843],[14.15956,61.38166],[14.19345,61.26943],[14.17624,61.24241],[14.17338,61.22099],[14.2246,61.20053],[14.35495,61.10434],[14.25865,61.10251],[14.25406,61.11163],[14.20478,61.1138],[14.14958,61.14449],[14.07658,61.12963],[13.94611,61.05108],[13.87037,61.05764],[13.76084,61.06135],[13.54264,61.03167],[13.61285,60.90224],[13.61088,60.86109],[13.90669,60.86735],[13.97874,60.84322],[14.01627,60.80385],[13.95882,60.74351],[13.94343,60.73469],[14.00566,60.68791],[14.01105,60.66431],[14.07777,60.67372],[14.22703,60.68503],[14.36342,60.69251],[14.41297,60.69392],[14.46662,60.72937],[14.54515,60.75653],[14.66154,60.82026],[14.69356,60.82801],[14.85764,60.8799],[14.88783,60.89558],[14.88857,60.91437],[14.91129,60.94302],[14.8714,60.96329],[14.92115,61.02736],[14.94897,61.0293],[15.04155,61.05925]]]]},"properties":{"lan_code":"20","kom_namn":"Mora","id":"2062","geo_point_2d":[61.03255,14.26021]}},{"type":"Feature","geometry":{"type":"Polygon","coordinates":[[[17.83267,59.47566],[17.84111,59.48956],[17.79925,59.50889],[17.79706,59.4676],[17.75985,59.42957],[17.73211,59.42055],[17.76069,59.39177],[17.79869,59.39051],[17.81715,59.39917],[17.83974,59.38128],[17.87749,59.39851],[17.8989,59.41572],[17.89118,59.42542],[17.87596,59.44799],[17.85038,59.45384],[17.83267,59.47566]]]},"properties":{"lan_code":"01","kom_namn":"Järfälla","id":"0123","geo_point_2d":[59.43328,17.81867]}},{"type":"Feature","geometry":{"type":"Polygon","coordinates":[[[17.04061,59.01811],[16.9811,59.03052],[16.88261,58.98909],[16.86956,58.96212],[16.88634,58.94461],[16.83644,58.94394],[16.80343,58.94857],[16.76731,58.93405],[16.73345,58.92988],[16.72548,58.89374],[16.67218,58.89669],[16.63159,58.87899],[16.5857,58.89314],[16.55465,58.87315],[16.60566,58.84813],[16.62572,58.82533],[16.60411,58.81672],[16.59517,58.79521],[16.5607,58.77958],[16.49937,58.77015],[16.46414,58.77007],[16.43196,58.78214],[16.34688,58.7955],[16.26906,58.82557],[16.27181,58.82221],[16.28932,58.80071],[16.3103,58.79154],[16.36867,58.75303],[16.36932,58.74672],[16.36988,58.74134],[16.37207,58.73664],[16.37065,58.7344],[16.3858,58.70359],[16.42708,58.69721],[16.475,58.69632],[16.54166,58.70094],[16.5845,58.69783],[16.64884,58.68188],[16.68978,58.67562],[16.7583,58.63026],[16.75005,58.62712],[16.82738,58.59427],[16.83704,58.59524],[16.85013,58.59667],[16.89009,58.60099],[16.94252,58.58445],[16.97243,58.581],[17.01642,58.59005],[17.06983,58.59066],[17.08673,58.63467],[17.04514,58.65958],[17.00512,58.6715],[16.99313,58.69167],[17.00462,58.70701],[17.07701,58.69188],[17.12576,58.70333],[17.22819,58.69462],[17.33611,58.66238],[17.39124,58.70156],[17.45261,58.65836],[17.61869,58.65626],[17.61861,58.67293],[17.57437,58.69186],[17.57093,58.74141],[17.46492,58.78014],[17.42787,58.77499],[17.42429,58.81117],[17.36403,58.83036],[17.35605,58.84072],[17.35799,58.87066],[17.38931,58.88269],[17.37957,58.91405],[17.38506,58.93375],[17.36741,58.93391],[17.33464,58.91643],[17.31401,58.93673],[17.28444,58.94322],[17.27167,58.95503],[17.22027,58.95086],[17.20674,58.96913],[17.1644,58.98096],[17.12023,58.98195],[17.05676,59.02106],[17.04061,59.01811]]]},"properties":{"lan_code":"04","kom_namn":"Nyköping","id":"0480","geo_point_2d":[58.7932,16.98969]}},{"type":"Feature","geometry":{"type":"Polygon","coordinates":[[[14.75266,57.22775],[14.75058,57.22813],[14.75025,57.22812],[14.74965,57.22792],[14.74895,57.22762],[14.74737,57.22705],[14.74671,57.22678],[14.74452,57.22601],[14.74277,57.22555],[14.7412,57.2252],[14.74103,57.2252],[14.73727,57.22564],[14.73706,57.22566],[14.73654,57.22561],[14.73632,57.22561],[14.73585,57.22563],[14.7356,57.2256],[14.73524,57.22552],[14.73482,57.22514],[14.7338,57.22519],[14.73359,57.22524],[14.73346,57.22525],[14.73257,57.22535],[14.73216,57.22539],[14.72912,57.22521],[14.7286,57.2253],[14.72711,57.22507],[14.72635,57.22504],[14.72592,57.22488],[14.72395,57.22421],[14.71945,57.22371],[14.71742,57.22492],[14.71531,57.22327],[14.71476,57.22283],[14.71366,57.22216],[14.71351,57.22204],[14.71335,57.2219],[14.71311,57.22146],[14.71294,57.22103],[14.71282,57.22054],[14.71274,57.21993],[14.7115,57.2198],[14.71107,57.21959],[14.71003,57.2191],[14.70937,57.21888],[14.70792,57.21849],[14.7078,57.21844],[14.7078,57.2183],[14.7075,57.21791],[14.70523,57.21739],[14.70462,57.21696],[14.70336,57.21649],[14.70141,57.21574],[14.70067,57.2155],[14.69963,57.2151],[14.6968,57.21469],[14.68759,57.21085],[14.68722,57.21073],[14.68529,57.21072],[14.68225,57.20972],[14.68165,57.20942],[14.67736,57.20888],[14.67452,57.20781],[14.67428,57.20773],[14.673,57.20776],[14.67164,57.20783],[14.67117,57.2077],[14.67074,57.20758],[14.67006,57.20756],[14.66963,57.20767],[14.66477,57.20717],[14.66405,57.20708],[14.6634,57.20699],[14.66267,57.20705],[14.66217,57.2071],[14.66167,57.20714],[14.66129,57.20726],[14.66089,57.20733],[14.66037,57.20737],[14.65672,57.20876],[14.65629,57.20881],[14.65581,57.20881],[14.65661,57.20484],[14.65687,57.20447],[14.65647,57.20375],[14.65667,57.20327],[14.65653,57.20314],[14.65512,57.20309],[14.65404,57.20317],[14.65303,57.20323],[14.65217,57.20318],[14.64529,57.20384],[14.64374,57.20401],[14.63869,57.20452],[14.63497,57.20432],[14.63284,57.20473],[14.63214,57.20485],[14.63059,57.20519],[14.63057,57.20518],[14.63006,57.20486],[14.62897,57.20452],[14.62862,57.20448],[14.62371,57.20388],[14.62325,57.2038],[14.61643,57.2033],[14.61493,57.20348],[14.60678,57.20441],[14.60679,57.20438],[14.60857,57.19733],[14.61032,57.18993],[14.61087,57.18065],[14.60649,57.18041],[14.60585,57.18022],[14.60574,57.1802],[14.60518,57.18013],[14.60341,57.18024],[14.6031,57.18093],[14.60076,57.18125],[14.60006,57.18025],[14.5856,57.1857],[14.58433,57.18679],[14.58402,57.18681],[14.5839,57.18672],[14.58229,57.18606],[14.58222,57.18587],[14.58142,57.1867],[14.58111,57.1869],[14.5812,57.1871],[14.58094,57.18712],[14.57939,57.18723],[14.57704,57.18781],[14.57557,57.18945],[14.57062,57.18996],[14.56477,57.18928],[14.56346,57.18912],[14.55929,57.18792],[14.55847,57.18789],[14.55589,57.18729],[14.55571,57.18719],[14.55397,57.18344],[14.55368,57.18298],[14.55358,57.18283],[14.55356,57.18265],[14.55345,57.18179],[14.5534,57.18166],[14.55349,57.18152],[14.55342,57.18123],[14.55341,57.18099],[14.55341,57.18046],[14.55334,57.18019],[14.55259,57.17882],[14.55091,57.17598],[14.54978,57.17408],[14.55157,57.17366],[14.55012,57.17205],[14.54847,57.17118],[14.54375,57.17144],[14.54374,57.17142],[14.54182,57.16726],[14.53868,57.16068],[14.53422,57.16012],[14.52746,57.16012],[14.52422,57.15991],[14.52264,57.15981],[14.51982,57.15963],[14.51757,57.1601],[14.51729,57.16024],[14.5167,57.16044],[14.51644,57.1605],[14.51588,57.1606],[14.51384,57.16077],[14.51206,57.16062],[14.51203,57.16062],[14.51111,57.1624],[14.50979,57.1631],[14.50965,57.16317],[14.50754,57.16214],[14.5069,57.16184],[14.50599,57.16144],[14.50296,57.16025],[14.49871,57.1586],[14.4974,57.15637],[14.49708,57.15515],[14.49739,57.15471],[14.49743,57.15439],[14.49611,57.15369],[14.49604,57.15367],[14.4942,57.15318],[14.49339,57.15297],[14.49153,57.15256],[14.4895,57.15212],[14.47247,57.14036],[14.49321,57.11909],[14.54536,57.0994],[14.60015,57.09188],[14.63011,57.07853],[14.62407,57.0564],[14.63826,57.03432],[14.63023,56.99568],[14.63383,56.98333],[14.67976,56.96283],[14.65535,56.94198],[14.65576,56.92219],[14.61567,56.90113],[14.62865,56.87437],[14.59427,56.87283],[14.59076,56.84377],[14.55634,56.84147],[14.57086,56.80612],[14.61499,56.80296],[14.63686,56.80755],[14.64625,56.78181],[14.66409,56.76136],[14.66666,56.74062],[14.65221,56.72056],[14.65869,56.69639],[14.69351,56.64931],[14.72625,56.63023],[14.74979,56.6404],[14.81571,56.62897],[14.85602,56.64858],[14.85662,56.66177],[14.87929,56.67705],[14.9074,56.67005],[14.96459,56.68959],[14.97094,56.67685],[15.00509,56.64264],[15.02995,56.64149],[15.06886,56.6111],[15.10151,56.61368],[15.09746,56.62767],[15.10598,56.66866],[15.09164,56.68776],[15.14094,56.70438],[15.12102,56.72816],[15.07674,56.74258],[15.06608,56.76538],[15.08857,56.78629],[15.06532,56.80274],[15.18122,56.82529],[15.1874,56.83468],[15.17135,56.84969],[15.17188,56.88002],[15.15801,56.88918],[15.17112,56.91148],[15.16028,56.92788],[15.18364,56.93229],[15.20148,56.95004],[15.23421,56.96592],[15.22462,56.9982],[15.22349,57.02574],[15.18453,57.0403],[15.1653,57.03139],[15.13916,57.03531],[15.14109,57.07656],[15.10737,57.09016],[15.1429,57.10149],[15.13344,57.13271],[15.11936,57.142],[15.08484,57.14747],[15.08549,57.16794],[15.06402,57.18148],[15.06167,57.18067],[15.06114,57.1803],[15.06007,57.17976],[15.05873,57.17933],[15.05819,57.17884],[15.058,57.17856],[15.05695,57.17799],[15.05649,57.17802],[15.05603,57.17811],[15.05463,57.17721],[15.05451,57.17703],[15.05345,57.17679],[15.05318,57.17675],[15.05279,57.17469],[15.05267,57.17453],[15.05008,57.17468],[15.04959,57.17472],[15.04932,57.17469],[15.04901,57.17465],[15.04815,57.17422],[15.04807,57.17404],[15.04513,57.1744],[15.04467,57.17427],[15.04364,57.17013],[15.04355,57.16966],[15.04109,57.16808],[15.03986,57.16789],[15.03892,57.16406],[15.03881,57.16375],[15.03836,57.16345],[15.03814,57.16331],[15.03793,57.16307],[15.02563,57.16656],[15.02514,57.1665],[15.02355,57.16553],[15.02324,57.16536],[15.02246,57.16509],[15.02088,57.16453],[15.0137,57.1648],[15.01117,57.16405],[15.00457,57.15119],[14.9972,57.14548],[14.98284,57.13679],[14.98041,57.13579],[14.97946,57.13588],[14.96948,57.13642],[14.96716,57.13479],[14.9659,57.13482],[14.96335,57.13487],[14.95986,57.13482],[14.95873,57.1351],[14.95594,57.13564],[14.95541,57.13579],[14.94949,57.13563],[14.94907,57.13558],[14.94719,57.13558],[14.94641,57.13561],[14.94498,57.13556],[14.94446,57.13563],[14.94362,57.13558],[14.94237,57.13544],[14.94167,57.13551],[14.93518,57.13535],[14.93441,57.13496],[14.9329,57.13501],[14.93061,57.1348],[14.9301,57.13467],[14.92417,57.13333],[14.92209,57.13461],[14.91399,57.13457],[14.91237,57.13392],[14.90755,57.13503],[14.90329,57.13514],[14.90307,57.13521],[14.90218,57.13588],[14.90207,57.13602],[14.90237,57.13789],[14.90238,57.13794],[14.90257,57.13911],[14.9007,57.14071],[14.89788,57.14391],[14.89764,57.14438],[14.89659,57.14648],[14.89637,57.14673],[14.89623,57.14829],[14.89628,57.14843],[14.89624,57.14858],[14.8958,57.14966],[14.89422,57.15155],[14.89417,57.15161],[14.89298,57.15303],[14.89302,57.15447],[14.89188,57.1579],[14.89183,57.1581],[14.89173,57.15858],[14.89142,57.15882],[14.89134,57.15898],[14.89132,57.15925],[14.89061,57.16033],[14.89041,57.16058],[14.89032,57.16071],[14.89032,57.16118],[14.89017,57.1617],[14.89222,57.16392],[14.88908,57.16562],[14.88601,57.16728],[14.88422,57.16736],[14.88419,57.16737],[14.88592,57.17168],[14.88672,57.17272],[14.88693,57.17294],[14.88917,57.17568],[14.88996,57.1763],[14.89056,57.17668],[14.89102,57.17688],[14.89102,57.17689],[14.87976,57.18667],[14.8793,57.18708],[14.87684,57.19248],[14.87673,57.19272],[14.87498,57.19507],[14.87434,57.19561],[14.87296,57.19656],[14.87252,57.19688],[14.87214,57.19714],[14.87137,57.19748],[14.87133,57.19803],[14.87062,57.19832],[14.86813,57.19803],[14.86768,57.19825],[14.86212,57.19874],[14.86115,57.19885],[14.86013,57.19907],[14.8579,57.19981],[14.8542,57.20039],[14.85393,57.20042],[14.85319,57.20041],[14.84953,57.19998],[14.84885,57.19987],[14.84747,57.20029],[14.84513,57.20093],[14.84468,57.20103],[14.83653,57.20205],[14.83609,57.20249],[14.8346,57.20716],[14.83431,57.20804],[14.83104,57.20753],[14.83027,57.20877],[14.83016,57.20891],[14.82932,57.20951],[14.8289,57.20971],[14.82819,57.21022],[14.82722,57.21061],[14.82584,57.21201],[14.82575,57.21235],[14.82533,57.21283],[14.82473,57.21316],[14.82472,57.21317],[14.82442,57.21356],[14.82439,57.21359],[14.82165,57.21492],[14.81918,57.21623],[14.81766,57.21704],[14.81436,57.21855],[14.81433,57.21856],[14.81205,57.21964],[14.81071,57.22027],[14.79062,57.22424],[14.79034,57.22423],[14.79006,57.22437],[14.78996,57.22458],[14.78967,57.22463],[14.78961,57.22495],[14.78922,57.22508],[14.78859,57.22479],[14.78706,57.22483],[14.78634,57.22492],[14.78432,57.22508],[14.78398,57.2251],[14.78083,57.22486],[14.77988,57.22472],[14.77867,57.2251],[14.7775,57.22545],[14.77648,57.2252],[14.7742,57.22456],[14.77384,57.22441],[14.77367,57.22495],[14.7729,57.22551],[14.77233,57.22572],[14.77181,57.22584],[14.7705,57.22611],[14.77001,57.22617],[14.76928,57.22637],[14.76857,57.22647],[14.76721,57.22648],[14.75943,57.2275],[14.75808,57.22724],[14.75771,57.2271],[14.75617,57.22714],[14.75569,57.22733],[14.75386,57.22781],[14.75357,57.22778],[14.75266,57.22775]]]},"properties":{"lan_code":"07","kom_namn":"Växjö","id":"0780","geo_point_2d":[56.93123,14.87362]}},{"type":"Feature","geometry":{"type":"Polygon","coordinates":[[[16.16563,57.23264],[16.15604,57.25985],[16.09862,57.25758],[16.06432,57.24652],[16.04653,57.26455],[16.02103,57.26272],[15.9766,57.24608],[15.93493,57.243],[15.9112,57.25681],[15.85483,57.24533],[15.80186,57.23903],[15.78615,57.23271],[15.78435,57.20793],[15.76454,57.20371],[15.73664,57.22911],[15.69855,57.23362],[15.67605,57.22656],[15.6427,57.23956],[15.60518,57.23078],[15.59275,57.21711],[15.55043,57.20965],[15.52908,57.19158],[15.55998,57.17939],[15.5591,57.15946],[15.55756,57.157],[15.56845,57.14785],[15.56915,57.14812],[15.58506,57.14637],[15.58578,57.14619],[15.61398,57.13031],[15.64011,57.12861],[15.6414,57.11096],[15.66009,57.09974],[15.66002,57.09961],[15.65998,57.09953],[15.65984,57.09927],[15.66307,57.09666],[15.66315,57.09661],[15.67028,57.09458],[15.67038,57.09458],[15.69482,57.07793],[15.69551,57.0776],[15.69877,57.07611],[15.69949,57.07599],[15.70295,57.07735],[15.70309,57.07745],[15.7213,57.07547],[15.72144,57.07529],[15.72989,57.06144],[15.77241,57.06321],[15.81437,57.07431],[15.83294,57.08653],[15.888,57.08938],[15.8937,57.08001],[15.93074,57.08232],[15.9982,57.03398],[16.00268,56.97801],[16.03876,56.97519],[16.05981,56.96534],[16.09179,56.98591],[16.17902,56.97897],[16.23664,56.97734],[16.25747,57.01429],[16.24726,57.0281],[16.26411,57.04047],[16.23032,57.05262],[16.22355,57.06354],[16.17603,57.09096],[16.16,57.10712],[16.12047,57.11507],[16.1485,57.14068],[16.15709,57.17156],[16.14981,57.19635],[16.16521,57.21691],[16.16563,57.23264]]]},"properties":{"lan_code":"08","kom_namn":"Högsby","id":"0821","geo_point_2d":[57.13421,15.93465]}},{"type":"Feature","geometry":{"type":"Polygon","coordinates":[[[13.09442,56.13337],[13.07543,56.15308],[13.03241,56.17227],[13.01255,56.18736],[12.9628,56.17845],[12.93142,56.14069],[12.88235,56.14208],[12.83898,56.12854],[12.84339,56.10177],[12.874,56.0942],[12.90006,56.1033],[12.91673,56.11859],[12.94914,56.12198],[12.96865,56.11432],[13.00448,56.11316],[13.01425,56.10291],[13.07014,56.0745],[13.09785,56.08844],[13.08603,56.10371],[13.10516,56.12462],[13.09464,56.13321],[13.09442,56.13337]]]},"properties":{"lan_code":"12","kom_namn":"Åstorp","id":"1277","geo_point_2d":[56.13089,12.99173]}},{"type":"Feature","geometry":{"type":"Polygon","coordinates":[[[11.43738,58.50022],[11.3372,58.48551],[11.26171,58.46554],[11.2377,58.45147],[11.17881,58.44776],[11.15395,58.38703],[11.18559,58.33072],[11.27522,58.31769],[11.28787,58.29289],[11.30844,58.29296],[11.35382,58.3169],[11.35741,58.35798],[11.42818,58.42343],[11.46586,58.47132],[11.43738,58.50022]]]},"properties":{"lan_code":"14","kom_namn":"Sotenäs","id":"1427","geo_point_2d":[58.40371,11.30162]}},{"type":"Feature","geometry":{"type":"Polygon","coordinates":[[[12.60151,58.78487],[12.56266,58.78401],[12.55877,58.79895],[12.52484,58.82392],[12.49152,58.83226],[12.47677,58.82232],[12.45547,58.85029],[12.43282,58.86714],[12.39922,58.85239],[12.40276,58.842],[12.35786,58.83967],[12.35932,58.85361],[12.31797,58.84667],[12.26318,58.85368],[12.23345,58.83769],[12.23174,58.81903],[12.25915,58.79674],[12.26269,58.77731],[12.23615,58.76354],[12.221,58.76898],[12.18959,58.74954],[12.21214,58.72728],[12.22483,58.70089],[12.21513,58.67945],[12.17637,58.63585],[12.30069,58.60888],[12.39508,58.57911],[12.43219,58.57635],[12.47703,58.5616],[12.54224,58.51931],[12.69961,58.65593],[12.68872,58.67159],[12.59119,58.68503],[12.57656,58.70548],[12.56248,58.75018],[12.60151,58.78487]]]},"properties":{"lan_code":"14","kom_namn":"Mellerud","id":"1461","geo_point_2d":[58.69815,12.42326]}},{"type":"Feature","geometry":{"type":"Polygon","coordinates":[[[15.55525,58.95652],[15.54336,58.97317],[15.46032,59.00173],[15.47095,59.0354],[15.45913,59.06091],[15.46716,59.08008],[15.40539,59.12747],[15.40513,59.14617],[15.37277,59.15436],[15.35858,59.17862],[15.31962,59.15328],[15.2981,59.13091],[15.29969,59.10874],[15.26808,59.10206],[15.27794,59.08645],[15.18462,59.09022],[15.16136,59.08808],[15.13662,59.07227],[15.08058,59.08543],[15.06057,59.06823],[15.0337,59.06479],[15.02154,59.04717],[14.98811,59.05747],[14.97937,59.07777],[14.93678,59.07328],[14.92279,59.08472],[14.90572,59.08796],[14.83622,59.08338],[14.80227,59.07385],[14.77873,59.05281],[14.7129,59.02854],[14.7218,59.01359],[14.7493,58.99713],[14.71709,58.99338],[14.72553,58.97506],[14.86055,58.99104],[14.88631,59.0115],[14.93959,59.00253],[14.96039,59.01029],[15.04255,59.02621],[15.09168,59.02214],[15.09258,59.00272],[15.16415,58.99956],[15.16801,58.98268],[15.18587,58.97385],[15.21824,58.97931],[15.26159,58.94719],[15.29234,58.93969],[15.33462,58.9139],[15.32306,58.8948],[15.3355,58.88521],[15.34759,58.82921],[15.38165,58.84708],[15.41084,58.83251],[15.41358,58.8069],[15.45117,58.8213],[15.45402,58.82106],[15.44477,58.85069],[15.44473,58.85095],[15.44168,58.86214],[15.45073,58.86394],[15.53079,58.86459],[15.54515,58.87193],[15.55399,58.87047],[15.56329,58.89413],[15.58599,58.8965],[15.59155,58.91188],[15.55838,58.94104],[15.55525,58.95652]]]},"properties":{"lan_code":"18","kom_namn":"Hallsberg","id":"1861","geo_point_2d":[59.00382,15.24535]}},{"type":"Feature","geometry":{"type":"Polygon","coordinates":[[[16.13046,62.69121],[16.1134,62.69514],[15.96526,62.71275],[15.76798,62.66446],[15.69967,62.64902],[15.69518,62.64796],[15.68363,62.64522],[15.65011,62.63729],[15.60444,62.62987],[15.60083,62.62935],[15.59697,62.62879],[15.57973,62.6263],[15.57011,62.6249],[15.56355,62.62397],[15.55995,62.62344],[15.51685,62.61724],[15.51631,62.61721],[15.51284,62.617],[15.51075,62.61688],[15.2451,62.6004],[15.12768,62.55909],[15.12451,62.56157],[15.11395,62.56982],[15.09354,62.58407],[14.96712,62.6008],[14.91674,62.59809],[14.78109,62.59077],[14.80949,62.56266],[14.80227,62.5275],[14.83041,62.50696],[14.85042,62.4668],[14.79631,62.46336],[14.80123,62.40406],[14.87362,62.40048],[14.86528,62.39078],[14.89694,62.35658],[14.93827,62.32137],[14.93951,62.32033],[14.94552,62.31834],[14.9461,62.31815],[15.00094,62.30003],[15.15264,62.24998],[15.28455,62.29297],[15.32612,62.27199],[15.37182,62.29401],[15.37802,62.297],[15.50535,62.33863],[15.60699,62.34323],[15.61316,62.34349],[15.62297,62.34133],[15.62592,62.34069],[15.63319,62.33917],[15.7322,62.31847],[15.87784,62.28796],[15.96582,62.26936],[16.01335,62.25921],[16.09114,62.25037],[16.09154,62.25033],[16.15731,62.24281],[16.25127,62.23453],[16.38705,62.30995],[16.42661,62.3497],[16.41486,62.36788],[16.47299,62.42103],[16.42813,62.45194],[16.45841,62.50039],[16.51077,62.53869],[16.56542,62.59169],[16.51889,62.61458],[16.38251,62.67421],[16.3699,62.69627],[16.2457,62.71018],[16.23629,62.70864],[16.21758,62.70552],[16.19574,62.7019],[16.17367,62.69827],[16.1316,62.69142],[16.13046,62.69121]]]},"properties":{"lan_code":"22","kom_namn":"Ånge","id":"2260","geo_point_2d":[62.4727,15.72178]}},{"type":"Feature","geometry":{"type":"Polygon","coordinates":[[[18.65552,62.94919],[18.58422,62.97376],[18.57542,63.00064],[18.60107,63.03134],[18.57456,63.0644],[18.5516,63.06754],[18.51964,63.08566],[18.49441,63.08413],[18.39838,63.1129],[18.05516,63.18589],[17.9933,63.20523],[17.97268,63.19718],[18.04692,63.18609],[17.97726,63.17203],[17.98877,63.15751],[17.89599,63.14168],[17.8801,63.16091],[17.74866,63.10879],[17.69539,63.12925],[17.59702,63.11135],[17.54737,63.11428],[17.44085,63.09166],[17.29753,63.05565],[17.31516,63.03518],[17.25067,63.01523],[17.20845,63.03094],[17.18069,63.02055],[17.25116,62.99521],[17.21058,62.97181],[17.27078,62.93018],[17.33078,62.9407],[17.3531,62.91425],[17.32642,62.90971],[17.41568,62.88563],[17.47154,62.87884],[17.49378,62.86127],[17.72211,62.87116],[17.77781,62.86129],[17.86455,62.84019],[17.90367,62.81058],[17.93964,62.79628],[18.00628,62.79406],[18.10067,62.75854],[18.17159,62.75619],[18.18309,62.74096],[18.2109,62.73175],[18.29264,62.81713],[18.33665,62.81579],[18.51613,62.85998],[18.65552,62.94919]]]},"properties":{"lan_code":"22","kom_namn":"Kramfors","id":"2282","geo_point_2d":[62.97804,17.97605]}},{"type":"Feature","geometry":{"type":"Polygon","coordinates":[[[23.03173,66.65847],[22.99954,66.65899],[22.66163,66.73579],[22.46977,66.77583],[22.41733,66.79445],[22.38879,66.7922],[22.13422,66.8432],[22.12671,66.8339],[22.15847,66.81252],[22.10705,66.80965],[22.04422,66.73198],[21.97078,66.66927],[22.12247,66.60571],[22.10985,66.45657],[21.94675,66.4323],[22.1464,66.28328],[22.33804,66.13621],[22.53508,66.2388],[22.81332,66.16981],[22.91896,66.16823],[22.90157,66.1525],[22.95589,66.13581],[22.98102,66.14589],[22.9749,66.16749],[23.21443,66.16438],[23.22588,66.15994],[23.23838,66.18809],[23.23447,66.23977],[23.17585,66.2886],[23.13807,66.33348],[23.21694,66.34707],[23.19332,66.36875],[23.1614,66.363],[23.11135,66.40414],[23.12047,66.41979],[23.11161,66.44022],[23.08283,66.54129],[23.05376,66.65382],[23.03173,66.65847]]]},"properties":{"lan_code":"25","kom_namn":"Överkalix","id":"2513","geo_point_2d":[66.4659,22.58423]}},{"type":"Feature","geometry":{"type":"Polygon","coordinates":[[[22.33804,66.13621],[22.1464,66.28328],[22.06903,66.26687],[22.08244,66.2547],[22.02653,66.24008],[22.03156,66.20274],[22.06148,66.18343],[22.0256,66.17362],[22.0186,66.15718],[21.98966,66.14999],[22.01977,66.12223],[22.02302,66.10851],[22.07072,66.11074],[22.07524,66.08688],[22.03105,66.08462],[22.03626,66.07013],[21.97695,66.056],[21.94003,66.03739],[21.90937,66.00145],[21.85131,65.97855],[21.8682,65.95729],[21.96822,65.94444],[22.00722,65.91896],[22.04947,65.87945],[22.11481,65.84851],[22.10792,65.84497],[22.01355,65.87317],[22.04205,65.84238],[22.02733,65.82524],[21.88983,65.80121],[21.89267,65.78269],[21.92861,65.75292],[21.85939,65.73661],[21.79904,65.71311],[21.80009,65.69718],[21.64621,65.66836],[21.60274,65.68043],[21.56268,65.70901],[21.51172,65.72233],[21.47951,65.71481],[21.51295,65.68909],[21.48226,65.66329],[21.46262,65.67393],[21.46423,65.69056],[21.33609,65.67168],[21.35833,65.65836],[21.37999,65.6457],[21.39601,65.61946],[21.48987,65.59132],[21.56336,65.55656],[21.7345,65.47983],[21.82611,65.45475],[21.91506,65.39814],[21.93748,65.36231],[22.01898,65.31674],[22.09007,65.33177],[22.12442,65.36781],[22.24227,65.38972],[22.33872,65.3849],[22.31662,65.30139],[22.38551,65.29028],[22.76826,65.46364],[22.77427,65.48145],[22.81983,65.51936],[22.86432,65.59086],[22.8765,65.63687],[22.83463,65.69117],[22.80195,65.69809],[22.74772,65.69814],[22.71697,65.71032],[22.71079,65.7308],[22.65199,65.7256],[22.60419,65.74897],[22.65757,65.77561],[22.6313,65.79034],[22.59457,65.84516],[22.55804,65.90731],[22.53776,65.93377],[22.542,65.95629],[22.48887,65.99187],[22.42812,66.0623],[22.33804,66.13621]]]},"properties":{"lan_code":"25","kom_namn":"Luleå","id":"2580","geo_point_2d":[65.70346,22.21805]}},{"type":"Feature","geometry":{"type":"Polygon","coordinates":[[[15.20176,57.20966],[15.18113,57.22492],[15.12971,57.23779],[15.1492,57.21443],[15.15072,57.17949],[15.15057,57.17943],[15.09576,57.19579],[15.0953,57.1957],[15.06402,57.18148],[15.08549,57.16794],[15.08484,57.14747],[15.11936,57.142],[15.13344,57.13271],[15.1429,57.10149],[15.10737,57.09016],[15.14109,57.07656],[15.13916,57.03531],[15.1653,57.03139],[15.18453,57.0403],[15.22349,57.02574],[15.22462,56.9982],[15.23421,56.96592],[15.20148,56.95004],[15.18364,56.93229],[15.16028,56.92788],[15.17112,56.91148],[15.15801,56.88918],[15.17188,56.88002],[15.17135,56.84969],[15.1874,56.83468],[15.28548,56.83185],[15.27509,56.85615],[15.27629,56.87522],[15.3422,56.85307],[15.33649,56.87278],[15.37426,56.88889],[15.4225,56.90152],[15.44717,56.87673],[15.51927,56.90066],[15.51929,56.90069],[15.52017,56.91406],[15.55545,56.9297],[15.55888,56.92848],[15.56698,56.92559],[15.56988,56.92455],[15.57629,56.92251],[15.57785,56.9223],[15.57858,56.92221],[15.57948,56.92212],[15.58004,56.92204],[15.58059,56.92193],[15.58113,56.92171],[15.58175,56.9215],[15.62166,56.91652],[15.63689,56.9113],[15.66687,56.90277],[15.69259,56.91427],[15.74366,56.91223],[15.74552,56.91255],[15.77697,56.91651],[15.78364,56.91479],[15.79993,56.91493],[15.82297,56.9311],[15.82297,56.93117],[15.83368,56.94351],[15.83614,56.97419],[15.82871,56.9921],[15.82816,56.99255],[15.82556,56.99485],[15.8256,56.99546],[15.81312,57.00594],[15.81265,57.00662],[15.81185,57.00782],[15.81078,57.00822],[15.76726,57.03888],[15.76477,57.03973],[15.75631,57.04427],[15.74321,57.05133],[15.72989,57.06144],[15.72144,57.07529],[15.7213,57.07547],[15.70309,57.07745],[15.70295,57.07735],[15.69949,57.07599],[15.69877,57.07611],[15.69551,57.0776],[15.69482,57.07793],[15.67038,57.09458],[15.67028,57.09458],[15.66315,57.09661],[15.66307,57.09666],[15.65984,57.09927],[15.65998,57.09953],[15.66002,57.09961],[15.66009,57.09974],[15.6414,57.11096],[15.64011,57.12861],[15.61398,57.13031],[15.58578,57.14619],[15.58506,57.14637],[15.56915,57.14812],[15.56845,57.14785],[15.55756,57.157],[15.5591,57.15946],[15.55998,57.17939],[15.52908,57.19158],[15.51483,57.20222],[15.50104,57.20403],[15.50022,57.20422],[15.49756,57.20537],[15.49714,57.2055],[15.47528,57.21243],[15.47509,57.21246],[15.43546,57.21448],[15.43541,57.21463],[15.42699,57.21863],[15.42692,57.21877],[15.40421,57.22267],[15.40349,57.22277],[15.37163,57.22692],[15.37143,57.22686],[15.31744,57.22128],[15.26398,57.22044],[15.23398,57.22964],[15.21453,57.21584],[15.21442,57.21571],[15.20204,57.20964],[15.20176,57.20966]]]},"properties":{"lan_code":"07","kom_namn":"Uppvidinge","id":"0760","geo_point_2d":[57.04048,15.42488]}},{"type":"Feature","geometry":{"type":"Polygon","coordinates":[[[16.57927,57.15088],[16.53894,57.13127],[16.47411,57.12485],[16.44107,57.14955],[16.42496,57.17089],[16.39552,57.18439],[16.3673,57.18591],[16.32346,57.24034],[16.28228,57.24509],[16.26006,57.23072],[16.23499,57.23203],[16.19562,57.22466],[16.16563,57.23264],[16.16521,57.21691],[16.14981,57.19635],[16.15709,57.17156],[16.1485,57.14068],[16.12047,57.11507],[16.16,57.10712],[16.17603,57.09096],[16.22355,57.06354],[16.23032,57.05262],[16.26411,57.04047],[16.24726,57.0281],[16.25747,57.01429],[16.23664,56.97734],[16.17902,56.97897],[16.21194,56.96461],[16.22467,56.93675],[16.2369,56.93175],[16.27968,56.91465],[16.32977,56.90547],[16.34958,56.89353],[16.39656,56.89407],[16.41564,56.88332],[16.44338,56.89081],[16.50957,56.88225],[16.55637,56.87668],[16.55777,56.87816],[16.6,56.92311],[16.705,57.02118],[16.76249,57.1119],[16.76389,57.16622],[16.57927,57.15088]]]},"properties":{"lan_code":"08","kom_namn":"Mönsterås","id":"0861","geo_point_2d":[57.05585,16.43458]}},{"type":"Feature","geometry":{"type":"Polygon","coordinates":[[[13.11653,55.66229],[13.11204,55.66612],[13.09954,55.65289],[13.07325,55.64651],[13.07301,55.64645],[13.02285,55.64013],[13.05753,55.63359],[13.05773,55.63352],[13.06665,55.62357],[13.06686,55.62335],[13.06842,55.6115],[13.09602,55.6048],[13.12499,55.60771],[13.10912,55.63188],[13.11908,55.64024],[13.1191,55.64039],[13.13652,55.6556],[13.11671,55.6622],[13.11653,55.66229]]]},"properties":{"lan_code":"12","kom_namn":"Burlöv","id":"1231","geo_point_2d":[55.63333,13.09481]}},{"type":"Feature","geometry":{"type":"Polygon","coordinates":[[[13.58065,56.40903],[13.54262,56.40379],[13.52162,56.41173],[13.50053,56.40562],[13.46176,56.42784],[13.43932,56.41911],[13.38559,56.41451],[13.34667,56.39051],[13.29266,56.38041],[13.2515,56.35767],[13.25257,56.34935],[13.25224,56.34924],[13.25066,56.34891],[13.25027,56.34888],[13.22493,56.33048],[13.22259,56.3296],[13.19599,56.32414],[13.19579,56.30822],[13.17203,56.28268],[13.14647,56.26668],[13.14724,56.25272],[13.12242,56.24388],[13.12059,56.23153],[13.14636,56.2223],[13.17845,56.19757],[13.22056,56.19997],[13.23315,56.21787],[13.27185,56.21545],[13.27944,56.22552],[13.3214,56.24595],[13.34749,56.2693],[13.41794,56.26596],[13.45537,56.30527],[13.49728,56.30232],[13.51538,56.30724],[13.49608,56.34662],[13.50869,56.35034],[13.52297,56.37645],[13.57905,56.39512],[13.58065,56.40903]]]},"properties":{"lan_code":"12","kom_namn":"Örkelljunga","id":"1257","geo_point_2d":[56.3171,13.33967]}},{"type":"Feature","geometry":{"type":"Polygon","coordinates":[[[12.71097,58.09676],[12.70857,58.10943],[12.68303,58.12958],[12.70857,58.15835],[12.68835,58.18111],[12.53999,58.1971],[12.54313,58.18059],[12.51654,58.16566],[12.49074,58.16192],[12.47377,58.14815],[12.49896,58.14096],[12.46514,58.12343],[12.46181,58.10318],[12.43372,58.09522],[12.41893,58.0654],[12.42212,58.04384],[12.41551,58.03644],[12.41313,57.98743],[12.37397,57.99278],[12.35228,57.9789],[12.37509,57.96632],[12.35444,57.9567],[12.37481,57.9411],[12.41189,57.92859],[12.38769,57.89562],[12.3972,57.87679],[12.43296,57.88503],[12.44325,57.86339],[12.42924,57.82851],[12.44294,57.80805],[12.48441,57.77645],[12.51547,57.76188],[12.57622,57.79146],[12.59998,57.80974],[12.59273,57.82176],[12.62972,57.83643],[12.6601,57.8564],[12.65677,57.91573],[12.64837,57.95029],[12.61994,57.96151],[12.61442,57.9747],[12.56772,57.97402],[12.53932,57.99847],[12.55098,58.00623],[12.58054,58.04724],[12.62747,58.06322],[12.64948,58.07581],[12.71097,58.09676]]]},"properties":{"lan_code":"14","kom_namn":"Alingsås","id":"1489","geo_point_2d":[57.98679,12.53509]}},{"type":"Feature","geometry":{"type":"Polygon","coordinates":[[[12.79075,60.95063],[12.6987,60.99812],[12.67023,61.056],[12.61041,61.04655],[12.48724,61.05164],[12.44769,61.05076],[12.24216,61.01993],[12.22384,61.01304],[12.33281,60.89027],[12.33451,60.8525],[12.34934,60.81798],[12.39526,60.73388],[12.46107,60.68518],[12.51083,60.6424],[12.51563,60.60015],[12.58184,60.55088],[12.60694,60.5127],[12.60606,60.40589],[12.54481,60.3472],[12.49873,60.32364],[12.50441,60.28122],[12.525,60.22366],[12.54192,60.19338],[12.5006,60.09908],[12.51566,60.12788],[12.55663,60.13673],[12.58471,60.07842],[12.6113,60.08157],[12.63824,60.09549],[12.72605,60.09862],[12.75807,60.09642],[12.80887,60.10886],[12.85357,60.08415],[12.89559,60.04811],[12.93902,60.03901],[12.98285,60.04958],[13.03027,60.06734],[13.05141,60.0817],[13.08808,60.05177],[13.13542,60.0736],[13.18301,60.10668],[13.25718,60.12287],[13.17717,60.16868],[13.16389,60.22924],[13.19703,60.24363],[13.26211,60.22023],[13.32814,60.24427],[13.37565,60.25077],[13.41609,60.2909],[13.47829,60.32485],[13.52897,60.38212],[13.62169,60.41439],[13.59733,60.41688],[13.59467,60.41715],[13.58932,60.41769],[13.58816,60.41781],[13.55043,60.42165],[13.54234,60.42247],[13.47649,60.45526],[13.47114,60.45791],[13.46477,60.46426],[13.46223,60.46799],[13.43967,60.50109],[13.43897,60.50201],[13.43786,60.50357],[13.43712,60.50461],[13.42359,60.52106],[13.42348,60.52115],[13.42345,60.52119],[13.41684,60.52678],[13.41212,60.53084],[13.40911,60.53343],[13.4083,60.53413],[13.40805,60.53433],[13.39392,60.54643],[13.39346,60.54679],[13.38849,60.55104],[13.38837,60.55114],[13.36613,60.57008],[13.36511,60.57099],[13.36046,60.57496],[13.36027,60.5751],[13.34878,60.58486],[13.3328,60.59895],[13.32414,60.60834],[13.30921,60.61948],[13.30575,60.62206],[13.29522,60.62991],[13.27551,60.64491],[13.27295,60.64896],[13.26312,60.66414],[13.25346,60.6789],[13.24249,60.68596],[13.23058,60.6857],[13.21568,60.68533],[13.19466,60.68484],[13.19957,60.69081],[13.19972,60.69097],[13.19663,60.69698],[13.19648,60.69701],[13.19732,60.69853],[13.19469,60.70257],[13.19205,60.7065],[13.1911,60.70792],[13.16632,60.74531],[13.16026,60.75425],[13.0815,60.80591],[12.98636,60.85069],[12.97772,60.85478],[12.96144,60.86254],[12.8435,60.92335],[12.84266,60.92379],[12.80536,60.94309],[12.79075,60.95063]]]},"properties":{"lan_code":"17","kom_namn":"Torsby","id":"1737","geo_point_2d":[60.53195,12.87296]}},{"type":"Feature","geometry":{"type":"Polygon","coordinates":[[[13.62932,59.81538],[13.61778,59.81907],[13.64046,59.8744],[13.595,59.85509],[13.5692,59.85158],[13.55609,59.87254],[13.50666,59.88236],[13.38251,59.86616],[13.3607,59.85855],[13.37345,59.78178],[13.37948,59.76456],[13.41313,59.74966],[13.44854,59.74477],[13.44778,59.75997],[13.4966,59.76576],[13.54751,59.79483],[13.59496,59.81254],[13.62932,59.81538]]]},"properties":{"lan_code":"17","kom_namn":"Munkfors","id":"1762","geo_point_2d":[59.82151,13.47891]}},{"type":"Feature","geometry":{"type":"Polygon","coordinates":[[[16.11449,59.91035],[16.05422,59.89707],[16.03307,59.87612],[16.00364,59.86213],[15.94147,59.85005],[15.94349,59.83935],[15.97928,59.8057],[15.99208,59.76261],[15.99674,59.72767],[15.99658,59.71303],[16.01078,59.67157],[16.02813,59.66041],[16.11267,59.65475],[16.15464,59.66446],[16.24555,59.66222],[16.26365,59.67878],[16.29445,59.71121],[16.28257,59.77438],[16.21718,59.81653],[16.20624,59.85145],[16.1223,59.88197],[16.1045,59.90496],[16.11449,59.91035]]]},"properties":{"lan_code":"19","kom_namn":"Surahammar","id":"1907","geo_point_2d":[59.76721,16.12159]}},{"type":"Feature","geometry":{"type":"Polygon","coordinates":[[[17.1636,62.85626],[17.09319,62.89702],[16.99898,62.94697],[16.9681,62.94313],[16.8997,62.93458],[16.80992,62.92685],[16.78926,62.92562],[16.67039,62.91691],[16.62359,62.88666],[16.49436,62.80834],[16.41877,62.77111],[16.3699,62.69627],[16.38251,62.67421],[16.51889,62.61458],[16.56542,62.59169],[16.51077,62.53869],[16.45841,62.50039],[16.42813,62.45194],[16.47299,62.42103],[16.41486,62.36788],[16.42661,62.3497],[16.38705,62.30995],[16.25127,62.23453],[16.28062,62.23485],[16.38205,62.23576],[16.43534,62.23619],[16.52093,62.23301],[16.52137,62.23293],[16.57513,62.2239],[16.578,62.22342],[16.63268,62.21424],[16.69262,62.20981],[16.7032,62.20908],[16.80141,62.20283],[16.89776,62.17491],[16.92653,62.16953],[16.95636,62.16396],[16.96184,62.16294],[17.03273,62.16002],[17.05223,62.16208],[17.09792,62.15661],[17.09813,62.15657],[17.14574,62.15693],[17.16035,62.16313],[17.1604,62.16299],[17.16826,62.16258],[17.17034,62.16251],[17.20705,62.16122],[17.2164,62.15024],[17.25682,62.15177],[17.26117,62.15214],[17.29346,62.15485],[17.30677,62.15597],[17.33649,62.15509],[17.33677,62.15506],[17.35105,62.15341],[17.35541,62.15291],[17.52791,62.13261],[17.72575,62.11762],[17.76753,62.21721],[17.73713,62.23541],[17.57809,62.26441],[17.54785,62.31862],[17.65581,62.37942],[17.5996,62.42047],[17.56295,62.41443],[17.52749,62.42048],[17.501,62.43988],[17.51885,62.44706],[17.47903,62.48861],[17.41046,62.49412],[17.35274,62.48016],[17.34215,62.4711],[17.29076,62.46895],[17.26238,62.44883],[17.21627,62.44457],[17.20064,62.48117],[17.22414,62.52127],[17.25061,62.52477],[17.26853,62.56155],[17.27297,62.58818],[17.232,62.59789],[17.15019,62.62459],[17.06564,62.67445],[16.97004,62.7162],[16.94667,62.7449],[17.11211,62.8271],[17.1636,62.85626]]]},"properties":{"lan_code":"22","kom_namn":"Sundsvall","id":"2281","geo_point_2d":[62.47504,16.95106]}},{"type":"Feature","geometry":{"type":"Polygon","coordinates":[[[14.27147,63.2249],[14.24014,63.23512],[14.17934,63.2718],[14.07961,63.28987],[14.0327,63.31931],[13.90193,63.34754],[13.83484,63.35662],[13.77049,63.35002],[13.69566,63.36753],[13.7028,63.37647],[13.64153,63.40025],[13.61179,63.41721],[13.58043,63.40128],[13.53982,63.4326],[13.47234,63.43255],[13.49052,63.4706],[13.52821,63.48975],[13.48359,63.54251],[13.50498,63.57284],[13.42199,63.60664],[13.3966,63.6131],[13.31163,63.62193],[13.28078,63.65324],[13.30157,63.6704],[13.37466,63.66154],[13.45111,63.61713],[13.50675,63.60277],[13.4882,63.67338],[13.4697,63.6854],[13.47182,63.77049],[13.41843,63.76901],[13.40599,63.79387],[13.37622,63.79996],[13.38376,63.82092],[13.3643,63.84073],[13.3835,63.85794],[13.3256,63.91562],[13.3407,63.94466],[13.33678,63.9858],[13.30983,64.03251],[13.31772,64.06783],[13.27821,64.08916],[13.21111,64.09537],[12.92667,64.05794],[12.68357,63.97422],[12.48019,63.81874],[12.33043,63.7151],[12.29947,63.67198],[12.22713,63.63099],[12.14977,63.59395],[12.21288,63.47859],[12.08411,63.35557],[11.97459,63.26923],[12.21825,63.00032],[12.07493,62.90267],[12.66043,62.97336],[13.09494,62.97203],[13.21473,63.02602],[13.26368,63.03379],[13.30168,63.0228],[13.34897,63.02511],[13.38631,63.03497],[13.42285,63.05856],[13.48048,63.06033],[13.50527,63.07745],[13.56786,63.09332],[13.65737,63.09145],[13.68707,63.09815],[13.72151,63.09083],[13.73576,63.06981],[13.78297,63.07857],[13.79251,63.09294],[13.82469,63.0982],[13.85502,63.08988],[13.82573,63.07493],[13.82736,63.05892],[13.87357,63.05555],[13.91851,63.06085],[13.9368,63.04631],[14.04402,63.05485],[14.12298,63.0586],[14.13446,63.03914],[14.17139,63.04644],[14.2063,63.02973],[14.28689,63.05565],[14.33738,63.04954],[14.36434,63.06318],[14.40453,63.06935],[14.39584,63.11196],[14.3284,63.13006],[14.26471,63.16413],[14.29992,63.21208],[14.27147,63.2249]],[[13.57202,63.22683],[13.52654,63.21407],[13.49373,63.23457],[13.53224,63.24681],[13.51954,63.26642],[13.58598,63.27326],[13.57202,63.22683]]]},"properties":{"lan_code":"23","kom_namn":"Åre","id":"2321","geo_point_2d":[63.41543,12.98372]}},{"type":"Feature","geometry":{"type":"Polygon","coordinates":[[[18.37461,59.43997],[18.31888,59.45055],[18.29377,59.4296],[18.23006,59.43345],[18.2097,59.41406],[18.16864,59.4346],[18.12119,59.41208],[18.1194,59.39393],[18.24508,59.38123],[18.29944,59.36924],[18.33659,59.36663],[18.40678,59.362],[18.44058,59.35213],[18.4504,59.36887],[18.44817,59.39402],[18.39675,59.42088],[18.37461,59.43997]]]},"properties":{"lan_code":"01","kom_namn":"Vaxholm","id":"0187","geo_point_2d":[59.40176,18.30192]}},{"type":"Feature","geometry":{"type":"Polygon","coordinates":[[[14.85692,58.27037],[14.85279,58.31582],[14.85796,58.3252],[14.83451,58.35496],[14.81819,58.3468],[14.77049,58.34747],[14.75464,58.33796],[14.69032,58.32859],[14.64481,58.35055],[14.61897,58.31638],[14.6041,58.25516],[14.43969,58.16505],[14.46829,58.13109],[14.54358,58.11137],[14.54391,58.11137],[14.54566,58.10889],[14.54565,58.1086],[14.54554,58.10775],[14.54553,58.10735],[14.54554,58.10718],[14.54789,58.10655],[14.54825,58.10654],[14.54917,58.10573],[14.54938,58.10536],[14.55147,58.10482],[14.55266,58.10484],[14.55506,58.10452],[14.55564,58.10463],[14.55615,58.1046],[14.55696,58.10456],[14.55774,58.10478],[14.5586,58.10523],[14.55992,58.10566],[14.56102,58.10564],[14.56243,58.10543],[14.56377,58.10548],[14.56396,58.10562],[14.56487,58.1063],[14.56621,58.10655],[14.56698,58.1066],[14.56771,58.10649],[14.57016,58.10634],[14.57096,58.10746],[14.57254,58.10702],[14.57335,58.10644],[14.57397,58.10592],[14.57681,58.10529],[14.57774,58.10541],[14.57802,58.10543],[14.57976,58.10528],[14.58091,58.10564],[14.58278,58.10462],[14.58674,58.10418],[14.58758,58.10336],[14.58782,58.10333],[14.58854,58.1031],[14.58884,58.10299],[14.58905,58.1029],[14.58925,58.10269],[14.5903,58.10176],[14.59095,58.10125],[14.59123,58.10105],[14.59153,58.10082],[14.59167,58.10045],[14.59182,58.10037],[14.59338,58.09854],[14.65196,58.09582],[14.65783,58.10087],[14.72914,58.09931],[14.73135,58.10006],[14.75923,58.10382],[14.76564,58.08614],[14.8088,58.0827],[14.84328,58.08536],[14.84413,58.0853],[14.8803,58.09089],[14.88051,58.0909],[14.88553,58.08876],[14.88564,58.08862],[14.8868,58.08524],[14.89049,58.0847],[14.89678,58.08542],[14.89734,58.08539],[14.89655,58.10994],[14.89729,58.11177],[14.89841,58.11211],[14.9124,58.11072],[14.91489,58.1112],[14.88906,58.12889],[14.8986,58.13772],[14.92127,58.14311],[14.9147,58.16918],[14.89128,58.16231],[14.8655,58.20376],[14.8838,58.23042],[14.89003,58.26346],[14.86032,58.26782],[14.85692,58.27037]]]},"properties":{"lan_code":"05","kom_namn":"Ödeshög","id":"0509","geo_point_2d":[58.20373,14.70974]}},{"type":"Feature","geometry":{"type":"Polygon","coordinates":[[[16.07527,58.37182],[16.05103,58.37376],[15.99696,58.36062],[15.92929,58.33554],[15.90194,58.34646],[15.88577,58.33302],[15.85054,58.3285],[15.80221,58.3084],[15.81569,58.29317],[15.79671,58.28609],[15.83165,58.2699],[15.82012,58.25029],[15.83835,58.22913],[15.82811,58.21232],[15.82794,58.21018],[15.81543,58.2061],[15.81897,58.19666],[15.8617,58.19697],[15.87961,58.18888],[15.89832,58.16382],[15.91855,58.16287],[15.96897,58.1404],[15.97994,58.11493],[16.0389,58.10134],[16.01452,58.08557],[16.02722,58.07372],[16.06989,58.06992],[16.1285,58.08559],[16.14921,58.06183],[16.17827,58.06443],[16.16496,58.09559],[16.16582,58.09603],[16.21183,58.10815],[16.24096,58.13598],[16.26486,58.14245],[16.33254,58.11724],[16.36339,58.13013],[16.39776,58.1295],[16.41098,58.14729],[16.39765,58.17929],[16.41812,58.19054],[16.44429,58.19173],[16.43284,58.2101],[16.45175,58.22469],[16.40665,58.24599],[16.32658,58.27181],[16.30154,58.30621],[16.25074,58.3161],[16.214,58.31253],[16.1923,58.32478],[16.10513,58.35638],[16.08476,58.35342],[16.07527,58.37182]]]},"properties":{"lan_code":"05","kom_namn":"Åtvidaberg","id":"0561","geo_point_2d":[58.22435,16.11002]}},{"type":"Feature","geometry":{"type":"Polygon","coordinates":[[[13.82636,57.61303],[13.80746,57.61241],[13.80138,57.58932],[13.77588,57.55523],[13.7421,57.56861],[13.68857,57.55829],[13.66878,57.53824],[13.60453,57.50746],[13.58331,57.47564],[13.56369,57.46338],[13.5313,57.43045],[13.5043,57.41422],[13.46842,57.37127],[13.43565,57.36905],[13.43302,57.34903],[13.38618,57.34024],[13.37723,57.32787],[13.28213,57.30745],[13.28915,57.28897],[13.28328,57.27228],[13.25899,57.25435],[13.22891,57.25944],[13.19929,57.25035],[13.19406,57.22741],[13.17518,57.21109],[13.15146,57.17805],[13.11695,57.14933],[13.10028,57.14556],[13.08071,57.13235],[13.09353,57.12041],[13.07907,57.0989],[13.08382,57.0812],[13.08423,57.08091],[13.12179,57.05363],[13.11395,57.04052],[13.11409,57.04042],[13.12171,57.03598],[13.12176,57.03594],[13.12185,57.03585],[13.12193,57.03563],[13.1563,57.03741],[13.17688,57.04669],[13.17722,57.06259],[13.1775,57.06303],[13.22892,57.07677],[13.22938,57.0768],[13.24005,57.09481],[13.2455,57.09263],[13.27455,57.09332],[13.35141,57.11329],[13.41396,57.11354],[13.41459,57.1135],[13.4547,57.10254],[13.48908,57.11382],[13.50541,57.08508],[13.5219,57.08694],[13.52234,57.08697],[13.53255,57.07923],[13.53289,57.07901],[13.54641,57.07937],[13.60359,57.05966],[13.60795,57.04203],[13.59683,57.0279],[13.59913,57.02634],[13.59547,57.01526],[13.59581,57.01491],[13.62897,56.99402],[13.6807,56.9721],[13.7096,57.00463],[13.71262,57.01796],[13.74688,57.03852],[13.74692,57.07111],[13.72862,57.09318],[13.69959,57.11065],[13.73269,57.1212],[13.74358,57.14043],[13.7042,57.13952],[13.69711,57.14879],[13.66406,57.14652],[13.64097,57.17126],[13.67603,57.19272],[13.65577,57.19793],[13.66681,57.24884],[13.70992,57.24589],[13.7077,57.28587],[13.67984,57.30796],[13.68332,57.32805],[13.6743,57.34169],[13.62662,57.35249],[13.58408,57.34259],[13.56913,57.34601],[13.57827,57.3768],[13.59947,57.38338],[13.6165,57.40777],[13.65804,57.44617],[13.6704,57.47158],[13.70792,57.45363],[13.73965,57.47386],[13.80373,57.47224],[13.83894,57.47693],[13.89478,57.46463],[13.90914,57.49292],[13.89197,57.55153],[13.88066,57.56219],[13.90077,57.57575],[13.8589,57.58074],[13.82636,57.61303]]]},"properties":{"lan_code":"06","kom_namn":"Gislaved","id":"0662","geo_point_2d":[57.2543,13.50804]}},{"type":"Feature","geometry":{"type":"Polygon","coordinates":[[[12.22491,57.7276],[12.18507,57.73547],[12.19508,57.75835],[12.17371,57.77596],[12.11403,57.7724],[12.0782,57.76182],[12.07321,57.73496],[12.07272,57.73493],[12.05572,57.7286],[12.08867,57.68217],[12.1375,57.68762],[12.17063,57.71397],[12.22491,57.7276]]]},"properties":{"lan_code":"14","kom_namn":"Partille","id":"1402","geo_point_2d":[57.73167,12.12817]}},{"type":"Feature","geometry":{"type":"Polygon","coordinates":[[[15.31792,63.14413],[15.25865,63.09799],[15.18411,63.13498],[15.10039,63.14848],[15.1309,63.08459],[15.11569,63.05694],[15.04297,63.06368],[15.00857,63.04225],[15.03845,63.01324],[15.05316,62.98834],[15.01199,62.96189],[14.98539,62.97128],[14.9632,62.95155],[14.9979,62.93555],[14.96897,62.92041],[14.92166,62.90546],[14.89024,62.9226],[14.79351,62.9328],[14.77284,62.9129],[14.78075,62.89154],[14.81448,62.81103],[14.7689,62.81048],[14.81695,62.76386],[14.76935,62.74838],[14.79005,62.74021],[14.8584,62.71279],[14.86141,62.68145],[14.88471,62.63817],[14.91674,62.59809],[14.96712,62.6008],[15.09354,62.58407],[15.11395,62.56982],[15.12451,62.56157],[15.12768,62.55909],[15.2451,62.6004],[15.51075,62.61688],[15.51284,62.617],[15.51631,62.61721],[15.51685,62.61724],[15.55995,62.62344],[15.56355,62.62397],[15.57011,62.6249],[15.57973,62.6263],[15.59697,62.62879],[15.60083,62.62935],[15.60444,62.62987],[15.65011,62.63729],[15.68363,62.64522],[15.69518,62.64796],[15.69967,62.64902],[15.76798,62.66446],[15.96526,62.71275],[16.1134,62.69514],[16.13046,62.69121],[16.1316,62.69142],[16.17367,62.69827],[16.19574,62.7019],[16.21758,62.70552],[16.23629,62.70864],[16.2457,62.71018],[16.3699,62.69627],[16.41877,62.77111],[16.49436,62.80834],[16.43657,62.9043],[16.39539,62.93176],[16.42142,62.9439],[16.44571,62.99874],[16.39729,63.03563],[16.32613,63.05752],[16.28897,63.05971],[16.16483,63.07623],[16.1296,63.08532],[16.07669,63.06899],[16.03174,63.09021],[16.00792,63.08161],[15.99724,63.04895],[15.96455,63.05179],[15.93399,63.08469],[15.90453,63.08322],[15.81257,63.06332],[15.79018,63.07449],[15.72511,63.06335],[15.69183,63.04336],[15.61027,63.07655],[15.5011,63.06797],[15.42534,63.12253],[15.31792,63.14413]]]},"properties":{"lan_code":"23","kom_namn":"Bräcke","id":"2305","geo_point_2d":[62.85699,15.59592]}},{"type":"Feature","geometry":{"type":"Polygon","coordinates":[[[18.36723,65.49475],[18.34205,65.4939],[18.26791,65.52453],[18.28451,65.48457],[18.2966,65.41894],[18.21392,65.31737],[18.16806,65.24295],[18.30347,65.2027],[18.55635,65.08306],[18.61396,65.07771],[18.5966,65.06359],[18.75689,64.98442],[19.00752,65.04303],[19.39035,65.14282],[19.3437,65.17665],[19.33844,65.17956],[19.30124,65.19674],[19.2928,65.1996],[19.25579,65.21047],[19.24156,65.22345],[19.24157,65.22401],[19.24961,65.23775],[19.24975,65.23817],[19.26023,65.24042],[19.2606,65.24028],[19.27326,65.24212],[19.27126,65.24342],[19.26583,65.24867],[19.2654,65.24952],[19.26453,65.25141],[19.26328,65.25235],[19.25415,65.25635],[19.25351,65.25657],[19.24699,65.25869],[19.24602,65.25912],[19.24405,65.26001],[19.24364,65.2602],[19.20235,65.27233],[19.19573,65.27458],[19.17536,65.28213],[19.09672,65.30511],[19.02214,65.31127],[19.01531,65.33079],[18.94075,65.34574],[18.93635,65.34605],[18.92077,65.35381],[18.91904,65.35436],[18.86946,65.37297],[18.83392,65.37141],[18.81023,65.38754],[18.75256,65.40395],[18.74773,65.42333],[18.71153,65.43827],[18.62725,65.43415],[18.52197,65.45202],[18.50329,65.47482],[18.45322,65.48899],[18.42556,65.49681],[18.39728,65.49575],[18.36723,65.49475]]]},"properties":{"lan_code":"24","kom_namn":"Malå","id":"2418","geo_point_2d":[65.23696,18.72629]}},{"type":"Feature","geometry":{"type":"Polygon","coordinates":[[[23.88921,66.90723],[23.86433,66.91907],[23.8619,66.95426],[23.83413,66.95972],[23.71554,67.03435],[23.71353,67.04383],[23.67059,67.06681],[23.65349,67.10437],[23.5512,67.1712],[23.58791,67.19069],[23.59571,67.20711],[23.54834,67.22767],[23.55135,67.2476],[23.57756,67.26902],[23.7304,67.28905],[23.7552,67.32779],[23.77508,67.3393],[23.74522,67.3481],[23.71717,67.38532],[23.75266,67.40889],[23.75937,67.43378],[23.70811,67.44591],[23.66645,67.44329],[23.56277,67.45959],[23.53124,67.45955],[23.50986,67.44649],[23.41331,67.46646],[23.39645,67.49005],[23.43602,67.51788],[23.48378,67.54079],[23.45537,67.56039],[23.50639,67.56315],[23.54424,67.5825],[23.53879,67.6016],[23.5583,67.61911],[23.49233,67.66426],[23.49268,67.69445],[23.47496,67.73882],[23.49197,67.76398],[23.49298,67.79318],[23.47269,67.81796],[23.50708,67.87857],[23.55412,67.89819],[23.57161,67.8927],[23.6431,67.91666],[23.66482,67.94121],[23.6522,67.95932],[23.57291,67.97265],[23.53028,68.00689],[23.47836,68.01664],[23.46572,68.03044],[23.39746,68.044],[23.37256,68.05985],[23.3612,68.08459],[23.33695,68.10047],[23.31999,68.13713],[23.28645,68.15446],[22.81309,67.83866],[22.46464,67.74589],[22.19509,67.55364],[22.05892,67.42624],[21.96226,67.35616],[21.8452,67.27088],[21.98413,67.13445],[22.19898,66.91931],[22.13422,66.8432],[22.38879,66.7922],[22.41733,66.79445],[22.46977,66.77583],[22.66163,66.73579],[22.99954,66.65899],[23.03173,66.65847],[23.04647,66.66223],[23.41941,66.68571],[23.25318,66.97379],[23.88921,66.90723]]]},"properties":{"lan_code":"25","kom_namn":"Pajala","id":"2521","geo_point_2d":[67.31507,22.89356]}},{"type":"Feature","geometry":{"type":"Polygon","coordinates":[[[17.73121,59.26624],[17.66802,59.27359],[17.59756,59.29812],[17.56827,59.29183],[17.56223,59.26963],[17.60448,59.24891],[17.61775,59.25571],[17.66094,59.2537],[17.67159,59.23359],[17.70333,59.20369],[17.70886,59.18012],[17.73789,59.18146],[17.79321,59.19172],[17.77257,59.23926],[17.73566,59.24997],[17.73121,59.26624]]]},"properties":{"lan_code":"01","kom_namn":"Salem","id":"0128","geo_point_2d":[59.23892,17.68925]}},{"type":"Feature","geometry":{"type":"Polygon","coordinates":[[[13.65738,55.52398],[13.62556,55.53591],[13.59478,55.53516],[13.54111,55.54704],[13.52353,55.58364],[13.50558,55.57273],[13.50791,55.55646],[13.48164,55.52739],[13.45473,55.52401],[13.44773,55.5105],[13.44622,55.47943],[13.47094,55.46047],[13.44536,55.42054],[13.47252,55.41374],[13.49071,55.39351],[13.48389,55.37697],[13.50878,55.3827],[13.56204,55.38052],[13.60517,55.38797],[13.61743,55.40376],[13.65727,55.41403],[13.6266,55.43323],[13.63382,55.45266],[13.65719,55.48237],[13.66418,55.50028],[13.65738,55.52398]]]},"properties":{"lan_code":"12","kom_namn":"Skurup","id":"1264","geo_point_2d":[55.46898,13.54938]}},{"type":"Feature","geometry":{"type":"Polygon","coordinates":[[[14.07421,55.47999],[14.02279,55.47762],[13.98976,55.46684],[13.94465,55.48495],[13.93516,55.49605],[13.9045,55.50477],[13.85036,55.56608],[13.83229,55.57212],[13.81225,55.56128],[13.7807,55.55758],[13.78103,55.54197],[13.76068,55.53424],[13.71232,55.53165],[13.70574,55.51224],[13.67089,55.51137],[13.65738,55.52398],[13.66418,55.50028],[13.65719,55.48237],[13.63382,55.45266],[13.6266,55.43323],[13.65727,55.41403],[13.71318,55.42316],[13.80892,55.423],[13.83985,55.41688],[13.89897,55.43146],[13.94673,55.42603],[13.99658,55.40481],[14.05862,55.37395],[14.09806,55.37889],[14.15213,55.37132],[14.18736,55.37377],[14.20698,55.38141],[14.21682,55.398],[14.20482,55.41371],[14.14685,55.43695],[14.129,55.46531],[14.11181,55.47951],[14.08681,55.46923],[14.07421,55.47999]]]},"properties":{"lan_code":"12","kom_namn":"Ystad","id":"1286","geo_point_2d":[55.45962,13.89667]}},{"type":"Feature","geometry":{"type":"Polygon","coordinates":[[[14.43051,56.28972],[14.39015,56.30133],[14.34536,56.2911],[14.28437,56.24731],[14.2647,56.21653],[14.24605,56.17419],[14.22802,56.17091],[14.20343,56.15137],[14.17582,56.15414],[14.13893,56.12543],[14.06688,56.13329],[14.01423,56.15638],[13.99793,56.12309],[13.99507,56.09583],[13.88698,56.02081],[13.85919,56.02676],[13.81067,56.02672],[13.80305,56.01161],[13.77418,55.99446],[13.75832,55.97408],[13.7798,55.96468],[13.74973,55.94156],[13.7476,55.93159],[13.78131,55.90845],[13.78291,55.89666],[13.81499,55.88633],[13.82435,55.9021],[13.85918,55.90527],[13.86767,55.91937],[13.9075,55.89989],[13.88693,55.88085],[13.91385,55.87834],[13.91001,55.85132],[13.88331,55.83734],[13.8916,55.82323],[13.91429,55.81909],[13.91921,55.80236],[13.95201,55.8015],[13.96144,55.7767],[13.98522,55.76946],[13.98542,55.76936],[14.02756,55.7611],[14.05462,55.76887],[14.05423,55.78516],[14.09433,55.77452],[14.10304,55.75626],[14.10632,55.75735],[14.13392,55.75879],[14.16998,55.76651],[14.1962,55.76583],[14.21584,55.82115],[14.22838,55.84373],[14.26428,55.88982],[14.32976,55.92114],[14.33227,55.93905],[14.34678,55.95132],[14.43615,55.94494],[14.48133,55.96312],[14.50609,55.99712],[14.49369,56.0151],[14.44536,56.0298],[14.38062,56.03699],[14.40335,56.06953],[14.44458,56.07493],[14.4459,56.10454],[14.46202,56.11952],[14.47551,56.14614],[14.46364,56.14902],[14.43761,56.12366],[14.42057,56.13995],[14.42843,56.17578],[14.41181,56.19761],[14.43494,56.20854],[14.44087,56.22905],[14.43548,56.25337],[14.42628,56.25985],[14.43051,56.28972]]]},"properties":{"lan_code":"12","kom_namn":"Kristianstad","id":"1290","geo_point_2d":[56.00056,14.15241]}},{"type":"Feature","geometry":{"type":"Polygon","coordinates":[[[13.41396,57.11354],[13.35141,57.11329],[13.27455,57.09332],[13.2455,57.09263],[13.24005,57.09481],[13.22938,57.0768],[13.22892,57.07677],[13.1775,57.06303],[13.17722,57.06259],[13.17688,57.04669],[13.1563,57.03741],[13.12193,57.03563],[13.12185,57.03585],[13.12176,57.03594],[13.12171,57.03598],[13.11409,57.04042],[13.11395,57.04052],[13.12179,57.05363],[13.08423,57.08091],[13.08382,57.0812],[13.07907,57.0989],[13.05894,57.08688],[13.02522,57.08033],[13.0027,57.04105],[12.97192,57.05102],[12.91452,57.03719],[12.89862,57.02111],[12.85969,57.02261],[12.82466,56.99145],[12.82274,56.97492],[12.86892,56.9559],[12.9116,56.95782],[12.91191,56.94334],[12.93535,56.9436],[12.94212,56.92231],[12.9727,56.92385],[13.00264,56.91515],[13.00108,56.86533],[13.03252,56.85375],[13.04314,56.84109],[13.06743,56.84419],[13.08765,56.86588],[13.11805,56.87378],[13.13716,56.89213],[13.17873,56.87439],[13.15608,56.83982],[13.16306,56.8272],[13.2131,56.83229],[13.26662,56.8529],[13.29816,56.82365],[13.33791,56.83824],[13.3399,56.85004],[13.40647,56.87076],[13.43222,56.86904],[13.44369,56.8798],[13.48672,56.87112],[13.52179,56.88786],[13.57661,56.88928],[13.6234,56.90756],[13.66204,56.91355],[13.68742,56.92681],[13.69357,56.96354],[13.6807,56.9721],[13.62897,56.99402],[13.59581,57.01491],[13.59547,57.01526],[13.59913,57.02634],[13.59683,57.0279],[13.60795,57.04203],[13.60359,57.05966],[13.54641,57.07937],[13.53289,57.07901],[13.53255,57.07923],[13.52234,57.08697],[13.5219,57.08694],[13.50541,57.08508],[13.48908,57.11382],[13.4547,57.10254],[13.41459,57.1135],[13.41396,57.11354]]]},"properties":{"lan_code":"13","kom_namn":"Hylte","id":"1315","geo_point_2d":[56.97436,13.2777]}},{"type":"Feature","geometry":{"type":"Polygon","coordinates":[[[12.35228,57.9789],[12.31242,57.96569],[12.29673,57.92441],[12.29966,57.89641],[12.24675,57.88381],[12.14605,57.86477],[12.17015,57.85568],[12.20471,57.816],[12.24161,57.79636],[12.20386,57.78881],[12.17371,57.77596],[12.19508,57.75835],[12.18507,57.73547],[12.22491,57.7276],[12.38237,57.73418],[12.42756,57.7313],[12.48441,57.77645],[12.44294,57.80805],[12.42924,57.82851],[12.44325,57.86339],[12.43296,57.88503],[12.3972,57.87679],[12.38769,57.89562],[12.41189,57.92859],[12.37481,57.9411],[12.35444,57.9567],[12.37509,57.96632],[12.35228,57.9789]]]},"properties":{"lan_code":"14","kom_namn":"Lerum","id":"1441","geo_point_2d":[57.82477,12.32439]}},{"type":"Feature","geometry":{"type":"Polygon","coordinates":[[[13.2029,57.65561],[13.18633,57.67353],[13.11438,57.66684],[13.11031,57.64225],[13.07658,57.61275],[13.03253,57.60339],[12.98631,57.57234],[12.95742,57.5674],[12.93404,57.53909],[12.83981,57.46019],[12.88783,57.44175],[12.87399,57.42864],[12.89342,57.4029],[12.86992,57.38379],[12.874,57.34968],[12.84691,57.3299],[12.81301,57.32156],[12.80754,57.30111],[12.83615,57.26972],[12.86077,57.26562],[12.90692,57.27001],[12.93355,57.26122],[12.95416,57.2412],[12.91443,57.21983],[12.92026,57.20229],[12.91216,57.18062],[12.93475,57.17423],[12.97396,57.18325],[13.03172,57.17506],[13.02091,57.15749],[13.05985,57.14718],[13.09743,57.15786],[13.10028,57.14556],[13.11695,57.14933],[13.15146,57.17805],[13.17518,57.21109],[13.19406,57.22741],[13.19929,57.25035],[13.22891,57.25944],[13.25899,57.25435],[13.28328,57.27228],[13.28915,57.28897],[13.28213,57.30745],[13.25858,57.29385],[13.22598,57.30821],[13.22685,57.31813],[13.25583,57.32894],[13.26182,57.34782],[13.24783,57.35771],[13.26025,57.37396],[13.22394,57.37656],[13.213,57.39947],[13.24029,57.42395],[13.20174,57.44649],[13.22692,57.46481],[13.27501,57.51046],[13.27246,57.5239],[13.23201,57.54221],[13.19079,57.53371],[13.1368,57.54754],[13.19938,57.61217],[13.2029,57.65561]]]},"properties":{"lan_code":"14","kom_namn":"Svenljunga","id":"1465","geo_point_2d":[57.39037,13.06199]}},{"type":"Feature","geometry":{"type":"Polygon","coordinates":[[[11.59901,58.40057],[11.56798,58.48587],[11.52019,58.49604],[11.51002,58.48156],[11.47805,58.48202],[11.46586,58.47132],[11.42818,58.42343],[11.35741,58.35798],[11.35382,58.3169],[11.30844,58.29296],[11.28787,58.29289],[11.34255,58.26225],[11.28904,58.23071],[11.29984,58.17414],[11.3153,58.17416],[11.35257,58.1742],[11.4018,58.1924],[11.45181,58.18222],[11.49511,58.23334],[11.50384,58.25768],[11.47247,58.26929],[11.50445,58.28597],[11.60182,58.37204],[11.59901,58.40057]]]},"properties":{"lan_code":"14","kom_namn":"Lysekil","id":"1484","geo_point_2d":[58.32769,11.44867]}},{"type":"Feature","geometry":{"type":"Polygon","coordinates":[[[13.74496,58.4364],[13.75173,58.44643],[13.7268,58.45962],[13.67191,58.46222],[13.62116,58.48033],[13.56774,58.47295],[13.54032,58.45553],[13.46086,58.45197],[13.43681,58.43273],[13.38997,58.43335],[13.31973,58.44834],[13.34408,58.42041],[13.28689,58.40336],[13.25343,58.40324],[13.21221,58.41554],[13.18379,58.38766],[13.18409,58.37188],[13.20827,58.35753],[13.19699,58.35008],[13.24048,58.3449],[13.23891,58.32601],[13.26171,58.30342],[13.30983,58.30423],[13.36601,58.29351],[13.40478,58.27601],[13.44097,58.28084],[13.48571,58.27434],[13.53246,58.29175],[13.56044,58.33896],[13.59836,58.35196],[13.63053,58.34763],[13.72288,58.35347],[13.72348,58.3771],[13.73807,58.39749],[13.74512,58.40474],[13.76594,58.42398],[13.74496,58.4364]]]},"properties":{"lan_code":"14","kom_namn":"Skara","id":"1495","geo_point_2d":[58.37946,13.47801]}},{"type":"Feature","geometry":{"type":"Polygon","coordinates":[[[14.61509,59.24602],[14.58065,59.25511],[14.54349,59.27293],[14.51575,59.29328],[14.48189,59.27938],[14.40698,59.30234],[14.37439,59.29885],[14.34051,59.30389],[14.32624,59.31796],[14.32521,59.31819],[14.30747,59.28771],[14.31237,59.27963],[14.30131,59.24231],[14.29293,59.23388],[14.29111,59.18047],[14.29145,59.17271],[14.3012,59.13603],[14.2958,59.12702],[14.32853,59.10437],[14.32861,59.10431],[14.33728,59.07324],[14.32349,59.06307],[14.29785,59.01222],[14.29178,58.98219],[14.36463,58.99426],[14.36771,59.00424],[14.41284,59.00919],[14.46466,59.00933],[14.45089,59.04087],[14.48478,59.08628],[14.57635,59.10052],[14.59055,59.11495],[14.58663,59.13639],[14.56812,59.14656],[14.55598,59.2275],[14.59783,59.22977],[14.61509,59.24602]]]},"properties":{"lan_code":"18","kom_namn":"Degerfors","id":"1862","geo_point_2d":[59.16266,14.42404]}},{"type":"Feature","geometry":{"type":"Polygon","coordinates":[[[15.30308,60.62697],[15.23898,60.62823],[15.17979,60.61947],[15.11267,60.63679],[15.07022,60.63802],[15.04551,60.62393],[15.03302,60.60364],[14.90055,60.54306],[14.78946,60.55655],[14.7084,60.56114],[14.62828,60.5598],[14.53586,60.57217],[14.61301,60.47038],[14.63378,60.37804],[14.60952,60.32385],[14.63391,60.28946],[14.63349,60.27525],[14.68435,60.283],[14.71422,60.29298],[14.79803,60.31034],[14.7817,60.32794],[14.76084,60.32914],[14.80965,60.37234],[14.93893,60.37509],[15.01184,60.36185],[15.09529,60.41505],[15.09557,60.41962],[15.1076,60.44952],[15.12979,60.46429],[15.24746,60.52388],[15.26354,60.54573],[15.24146,60.55134],[15.25007,60.58102],[15.2837,60.61777],[15.30308,60.62697]]]},"properties":{"lan_code":"20","kom_namn":"Gagnef","id":"2026","geo_point_2d":[60.47661,14.89613]}},{"type":"Feature","geometry":{"type":"MultiPolygon","coordinates":[[[[14.92206,60.84269],[14.94812,60.84777],[14.9083,60.86403],[14.92206,60.84269]]],[[[15.69573,61.10138],[15.68032,61.11327],[15.65737,61.21557],[15.65735,61.21562],[15.54315,61.28073],[15.44013,61.33316],[15.30083,61.42612],[15.21627,61.49465],[15.20496,61.50387],[15.15328,61.59576],[15.12992,61.55447],[15.12702,61.54931],[15.12466,61.54512],[15.11224,61.52298],[15.09322,61.48412],[15.06461,61.37207],[15.01474,61.18849],[15.06122,61.17613],[15.08138,61.15454],[15.04155,61.05925],[14.94897,61.0293],[14.92115,61.02736],[14.8714,60.96329],[14.91129,60.94302],[14.93647,60.9295],[14.97612,60.89598],[14.92977,60.8909],[14.88857,60.91437],[14.88783,60.89558],[14.90826,60.89144],[14.92733,60.87005],[14.9588,60.85276],[15.0101,60.86409],[15.03137,60.84502],[15.0602,60.84546],[15.10869,60.825],[15.13768,60.8266],[15.19304,60.81241],[15.22385,60.81494],[15.33923,60.85163],[15.463,60.86898],[15.48871,60.87553],[15.57151,60.89783],[15.59673,60.88056],[15.61965,60.86225],[15.63706,60.84987],[15.66026,60.85906],[15.63154,60.88089],[15.62927,60.92627],[15.67718,60.98411],[15.6788,61.04367],[15.705,61.0542],[15.76196,61.04964],[15.75545,61.05474],[15.74167,61.06555],[15.71403,61.08719],[15.71243,61.08844],[15.70678,61.09286],[15.69573,61.10138]]]]},"properties":{"lan_code":"20","kom_namn":"Rättvik","id":"2031","geo_point_2d":[61.11707,15.29675]}},{"type":"Feature","geometry":{"type":"Polygon","coordinates":[[[17.74172,62.49701],[17.74746,62.507],[17.69353,62.53585],[17.67157,62.55991],[17.66881,62.58052],[17.608,62.59437],[17.57391,62.61112],[17.5207,62.65596],[17.43197,62.69891],[17.25963,62.79969],[17.28748,62.805],[17.17716,62.8618],[17.1636,62.85626],[17.11211,62.8271],[16.94667,62.7449],[16.97004,62.7162],[17.06564,62.67445],[17.15019,62.62459],[17.232,62.59789],[17.27297,62.58818],[17.26853,62.56155],[17.25061,62.52477],[17.22414,62.52127],[17.20064,62.48117],[17.21627,62.44457],[17.26238,62.44883],[17.29076,62.46895],[17.34215,62.4711],[17.35274,62.48016],[17.41046,62.49412],[17.47903,62.48861],[17.51885,62.44706],[17.501,62.43988],[17.52749,62.42048],[17.56295,62.41443],[17.5996,62.42047],[17.65581,62.37942],[17.73514,62.37959],[17.75995,62.39706],[17.74135,62.44637],[17.70516,62.46],[17.68636,62.47432],[17.74172,62.49701]]]},"properties":{"lan_code":"22","kom_namn":"Timrå","id":"2262","geo_point_2d":[62.61309,17.36285]}},{"type":"Feature","geometry":{"type":"Polygon","coordinates":[[[16.72728,64.35352],[16.7149,64.37316],[16.6045,64.43318],[16.37215,64.47493],[16.13768,64.55443],[15.94473,64.70434],[15.78621,64.76329],[15.48081,64.87209],[15.17087,64.9211],[15.13314,64.92958],[14.70511,64.98135],[14.72348,64.95607],[14.75434,64.95431],[14.77977,64.93827],[14.77983,64.91275],[14.84098,64.89259],[14.86395,64.86864],[14.9359,64.85705],[14.97393,64.84614],[15.03527,64.79141],[15.03135,64.76151],[15.0624,64.75161],[15.11754,64.75309],[15.17511,64.7404],[15.22475,64.72274],[15.28321,64.68555],[15.33445,64.66904],[15.33589,64.64606],[15.24162,64.6362],[15.30118,64.62503],[15.32773,64.61415],[15.37461,64.58309],[15.4299,64.58195],[15.43862,64.55854],[15.52076,64.53215],[15.54317,64.51858],[15.53847,64.50721],[15.57647,64.46237],[15.57952,64.44343],[15.64717,64.44798],[15.63617,64.5196],[15.70437,64.538],[15.73845,64.41058],[15.74017,64.40411],[15.74146,64.40378],[15.75363,64.40697],[15.75868,64.4059],[15.77608,64.40223],[15.86904,64.38197],[15.85369,64.37561],[16.0118,64.33545],[16.02235,64.3328],[16.02235,64.33275],[16.02239,64.32074],[16.02244,64.3043],[16.02245,64.27589],[16.02278,64.26954],[16.01971,64.26909],[16.02554,64.26393],[16.02635,64.26321],[16.03741,64.25343],[16.04255,64.24888],[16.14477,64.26765],[16.16545,64.26123],[16.21919,64.26395],[16.38723,64.18519],[16.39627,64.18106],[16.41618,64.17164],[16.42179,64.16882],[16.52113,64.12218],[16.52337,64.12113],[16.53004,64.11799],[16.5457,64.11064],[16.71872,64.02748],[16.8783,63.95068],[16.94541,64.00328],[16.8751,64.03733],[16.71545,64.22602],[16.74441,64.23401],[16.69771,64.2469],[16.65584,64.29665],[16.66784,64.33597],[16.72728,64.35352]]]},"properties":{"lan_code":"24","kom_namn":"Dorotea","id":"2425","geo_point_2d":[64.52099,15.90971]}},{"type":"Feature","geometry":{"type":"Polygon","coordinates":[[[19.68089,63.81025],[19.73154,63.81518],[19.73609,63.78846],[19.76601,63.7894],[19.77156,63.81847],[19.81881,63.82294],[19.85454,63.84473],[19.91336,63.86136],[19.97021,63.8661],[19.98282,63.88742],[19.92758,63.88226],[19.88348,63.89814],[19.85533,63.92682],[19.94431,63.95318],[19.91231,63.97761],[19.92297,64.0031],[19.94796,64.01885],[19.96205,64.04341],[19.94044,64.07684],[19.89048,64.07208],[19.86644,64.08552],[19.79272,64.08472],[19.76795,64.05878],[19.67809,64.05506],[19.65998,64.07188],[19.62342,64.05114],[19.61745,64.03882],[19.56961,64.02704],[19.54197,64.03691],[19.46558,64.04331],[19.43139,64.03621],[19.41815,64.01897],[19.47067,63.99048],[19.52822,63.87231],[19.5087,63.86821],[19.55859,63.833],[19.61362,63.81113],[19.68089,63.81025]]]},"properties":{"lan_code":"24","kom_namn":"Vännäs","id":"2460","geo_point_2d":[63.94739,19.71493]}},{"type":"Feature","geometry":{"type":"Polygon","coordinates":[[[18.67922,58.99798],[18.56132,59.08047],[18.59085,59.10311],[18.54784,59.14103],[18.56765,59.14422],[18.5862,59.19336],[18.51979,59.20093],[18.46839,59.21953],[18.43723,59.2138],[18.42341,59.20276],[18.42591,59.18504],[18.40576,59.1691],[18.33366,59.15843],[18.30502,59.18315],[18.25045,59.20949],[18.24315,59.21775],[18.20164,59.20864],[18.18314,59.21083],[18.11806,59.19169],[18.10805,59.16701],[18.08731,59.14949],[18.02493,59.1412],[17.98483,59.15669],[17.93176,59.14249],[17.92155,59.12018],[17.96273,59.11718],[17.98736,59.09668],[17.96064,59.08428],[17.94935,59.06106],[17.95482,59.05061],[17.99688,59.04777],[18.01276,59.0242],[18.05435,58.99584],[18.04241,58.95371],[18.07692,58.94338],[18.07755,58.92316],[18.0014,58.86431],[17.99333,58.8437],[18.09548,58.77956],[18.14019,58.80426],[18.55408,58.93354],[18.67922,58.99798]]]},"properties":{"lan_code":"01","kom_namn":"Haninge","id":"0136","geo_point_2d":[59.02306,18.28408]}},{"type":"Feature","geometry":{"type":"Polygon","coordinates":[[[14.50373,58.71328],[14.47682,58.71337],[14.47051,58.78103],[14.42144,58.79473],[14.3872,58.75822],[14.36322,58.72565],[14.29609,58.72058],[14.25324,58.69839],[14.27952,58.69226],[14.29172,58.65403],[14.2507,58.62392],[14.27182,58.61608],[14.31287,58.61597],[14.33702,58.60881],[14.34442,58.58552],[14.33834,58.56077],[14.33738,58.54327],[14.36442,58.50031],[14.37812,58.4873],[14.36851,58.46955],[14.31262,58.43888],[14.2917,58.41816],[14.30462,58.4048],[14.39973,58.40574],[14.44323,58.39796],[14.48661,58.43835],[14.48136,58.46166],[14.52474,58.48528],[14.54359,58.51166],[14.59556,58.60694],[14.7396,58.6717],[14.69928,58.69627],[14.69135,58.74013],[14.62157,58.73735],[14.62645,58.69427],[14.57889,58.68237],[14.53676,58.67751],[14.55542,58.70527],[14.52025,58.72287],[14.51979,58.72346],[14.51752,58.72311],[14.51607,58.72328],[14.5158,58.72282],[14.51511,58.72198],[14.51496,58.72181],[14.51183,58.72019],[14.5147,58.71905],[14.51152,58.71725],[14.51081,58.71757],[14.51064,58.71759],[14.51055,58.71759],[14.51035,58.71759],[14.51015,58.71757],[14.50993,58.7175],[14.50987,58.71718],[14.50976,58.71678],[14.50965,58.71672],[14.50958,58.71669],[14.5095,58.71668],[14.50916,58.71677],[14.50908,58.71679],[14.5089,58.7168],[14.50875,58.71679],[14.50848,58.71676],[14.50791,58.71659],[14.50783,58.71642],[14.50774,58.71637],[14.50766,58.71633],[14.50758,58.7163],[14.50738,58.71624],[14.50705,58.71623],[14.50525,58.71467],[14.50433,58.71338],[14.50373,58.71328]]]},"properties":{"lan_code":"14","kom_namn":"Karlsborg","id":"1446","geo_point_2d":[58.60673,14.45977]}},{"type":"Feature","geometry":{"type":"Polygon","coordinates":[[[13.70403,59.31027],[13.69611,59.31624],[13.60064,59.35691],[13.59553,59.36997],[13.54844,59.35568],[13.48326,59.35636],[13.39155,59.332],[13.41237,59.31887],[13.40626,59.2914],[13.41262,59.29359],[13.49817,59.25217],[13.52781,59.24925],[13.54647,59.26016],[13.69997,59.30149],[13.70403,59.31027]]]},"properties":{"lan_code":"17","kom_namn":"Hammarö","id":"1761","geo_point_2d":[59.31062,13.54033]}},{"type":"Feature","geometry":{"type":"Polygon","coordinates":[[[14.32521,59.31819],[14.26512,59.33209],[14.24443,59.34987],[14.21141,59.36117],[14.23125,59.3994],[14.26287,59.42142],[14.24623,59.43905],[14.21826,59.42337],[14.13631,59.45773],[14.07852,59.4779],[14.01769,59.48795],[14.00645,59.4497],[13.97094,59.43856],[13.9607,59.42465],[13.9313,59.4236],[13.91691,59.40567],[13.87099,59.37994],[13.87371,59.35014],[13.88542,59.34071],[13.81608,59.29632],[13.73464,59.25464],[13.70863,59.21997],[13.84901,59.26389],[14.02319,59.22709],[13.99582,59.18489],[14.00824,59.17363],[13.95784,59.14079],[13.91976,59.08775],[13.94276,59.03309],[13.95848,59.0319],[14.04413,59.02865],[14.0382,59.04295],[14.07501,59.05024],[14.15536,59.04869],[14.15659,59.04855],[14.15757,59.04845],[14.15801,59.04831],[14.15882,59.04813],[14.16302,59.04757],[14.1633,59.04739],[14.1636,59.04725],[14.16394,59.04703],[14.16553,59.04565],[14.16588,59.04532],[14.16868,59.0439],[14.16892,59.0438],[14.22423,59.04546],[14.23172,59.02924],[14.26491,59.01592],[14.29785,59.01222],[14.32349,59.06307],[14.33728,59.07324],[14.32861,59.10431],[14.32853,59.10437],[14.2958,59.12702],[14.3012,59.13603],[14.29145,59.17271],[14.29111,59.18047],[14.29293,59.23388],[14.30131,59.24231],[14.31237,59.27963],[14.30747,59.28771],[14.32521,59.31819]]]},"properties":{"lan_code":"17","kom_namn":"Kristinehamn","id":"1781","geo_point_2d":[59.24361,14.09419]}},{"type":"Feature","geometry":{"type":"Polygon","coordinates":[[[14.11302,60.23009],[14.02379,60.22876],[14.02289,60.24233],[13.99098,60.25152],[13.95107,60.251],[13.99591,60.21097],[14.01193,60.19111],[13.96552,60.1752],[13.99738,60.1567],[14.01831,60.08105],[13.99317,59.95616],[13.90768,59.93549],[13.90616,59.88105],[13.89354,59.86911],[13.856,59.86717],[13.86379,59.81515],[13.9133,59.79752],[13.78041,59.7738],[13.83063,59.7536],[13.82567,59.736],[13.84538,59.71947],[13.92379,59.63366],[13.95283,59.58616],[14.03054,59.55379],[14.06252,59.59121],[14.14558,59.59079],[14.17352,59.60713],[14.23528,59.59033],[14.27228,59.58905],[14.29982,59.59764],[14.34378,59.58667],[14.3611,59.59337],[14.38689,59.58119],[14.40846,59.56103],[14.42904,59.5756],[14.46513,59.57992],[14.46135,59.59809],[14.43692,59.63921],[14.43633,59.64014],[14.42779,59.67028],[14.43498,59.68396],[14.42103,59.70149],[14.41909,59.70485],[14.40172,59.74341],[14.40433,59.75488],[14.43471,59.77094],[14.41485,59.82178],[14.42091,59.84386],[14.42053,59.8859],[14.41931,59.88628],[14.41716,59.88823],[14.41669,59.8895],[14.41633,59.89402],[14.41718,59.89527],[14.42034,59.89953],[14.42301,59.90126],[14.39833,59.91289],[14.37634,59.90875],[14.37168,59.91],[14.36113,59.93242],[14.33919,59.94146],[14.3532,59.95588],[14.35336,59.9559],[14.35603,59.95634],[14.35623,59.95638],[14.35669,59.95645],[14.35693,59.95649],[14.45655,59.97301],[14.43704,60.02572],[14.31393,60.06225],[14.2127,60.09574],[14.20808,60.12366],[14.20815,60.12382],[14.20516,60.12934],[14.20497,60.12943],[14.20308,60.1311],[14.20317,60.13137],[14.19741,60.14455],[14.19743,60.14468],[14.18929,60.17732],[14.1588,60.20591],[14.1492,60.23066],[14.13463,60.23044],[14.11302,60.23009]]]},"properties":{"lan_code":"17","kom_namn":"Filipstad","id":"1782","geo_point_2d":[59.85245,14.15318]}},{"type":"Feature","geometry":{"type":"Polygon","coordinates":[[[13.17692,59.25496],[13.11398,59.25276],[13.07245,59.23661],[13.03899,59.24416],[13.00349,59.23655],[12.9173,59.25099],[12.90699,59.27991],[12.91518,59.31401],[12.90216,59.34751],[12.90712,59.38628],[12.92798,59.39941],[12.89364,59.42347],[12.90633,59.44323],[12.84035,59.42988],[12.81434,59.41241],[12.70426,59.39001],[12.6455,59.39034],[12.60873,59.38594],[12.55868,59.38727],[12.51904,59.40308],[12.50914,59.41532],[12.46382,59.38364],[12.48148,59.37158],[12.45809,59.33585],[12.47074,59.30049],[12.46086,59.2785],[12.4741,59.26749],[12.47382,59.24825],[12.44093,59.25073],[12.44454,59.22856],[12.42819,59.22253],[12.42242,59.19261],[12.44013,59.19448],[12.44657,59.19429],[12.44848,59.19426],[12.4587,59.19285],[12.45998,59.18918],[12.46221,59.18279],[12.46246,59.18193],[12.45925,59.17863],[12.45813,59.178],[12.45783,59.17767],[12.45751,59.17751],[12.45728,59.1769],[12.45714,59.17676],[12.434,59.17538],[12.42246,59.17502],[12.42316,59.16347],[12.45141,59.15749],[12.45136,59.15743],[12.45146,59.15729],[12.45228,59.1572],[12.45253,59.15708],[12.45618,59.15478],[12.45608,59.1547],[12.45598,59.15459],[12.45708,59.15428],[12.45736,59.15425],[12.45876,59.15312],[12.45884,59.15303],[12.45966,59.1527],[12.45989,59.15266],[12.46053,59.15274],[12.46066,59.1528],[12.4623,59.14317],[12.46581,59.14114],[12.45742,59.13216],[12.49344,59.12605],[12.5171,59.13077],[12.58175,59.11407],[12.58164,59.11456],[12.61902,59.1417],[12.618,59.1536],[12.61819,59.15383],[12.62377,59.16034],[12.62395,59.16044],[12.63493,59.18095],[12.66356,59.17737],[12.66383,59.17747],[12.69539,59.17074],[12.70552,59.15943],[12.7061,59.15879],[12.75455,59.13085],[12.76552,59.08076],[12.76693,59.07387],[12.76713,59.07287],[12.76762,59.07013],[12.77074,59.04703],[12.77024,59.04449],[12.77328,59.03978],[12.78237,59.02366],[12.85029,59.03483],[12.88761,59.02574],[12.93427,59.02465],[13.06773,59.00383],[13.081,58.9963],[12.99441,58.97281],[12.96646,58.9497],[13.08258,58.90336],[13.17931,58.87644],[13.19428,58.78544],[13.27325,58.76288],[13.33815,58.81326],[13.25967,58.98398],[13.23419,59.0816],[13.22332,59.10068],[13.20163,59.19366],[13.17741,59.25473],[13.17692,59.25496]]]},"properties":{"lan_code":"17","kom_namn":"Säffle","id":"1785","geo_point_2d":[59.15296,12.89416]}},{"type":"Feature","geometry":{"type":"Polygon","coordinates":[[[16.26365,59.67878],[16.24555,59.66222],[16.15464,59.66446],[16.11267,59.65475],[16.09599,59.6398],[16.08088,59.63499],[16.08227,59.60428],[16.11842,59.59717],[16.13251,59.57826],[16.16825,59.55091],[16.17738,59.53508],[16.20828,59.53779],[16.2358,59.51657],[16.21054,59.49428],[16.19988,59.46905],[16.22695,59.4673],[16.25426,59.45246],[16.26312,59.45239],[16.26674,59.4818],[16.2361,59.49164],[16.33051,59.54602],[16.31069,59.5869],[16.32185,59.61478],[16.30899,59.63828],[16.27667,59.66092],[16.26365,59.67878]]]},"properties":{"lan_code":"19","kom_namn":"Hallstahammar","id":"1961","geo_point_2d":[59.58841,16.22033]}},{"type":"Feature","geometry":{"type":"Polygon","coordinates":[[[12.53538,62.22658],[12.36256,62.25467],[12.34018,62.25882],[12.33898,62.25908],[12.29941,62.2675],[12.26125,62.13609],[12.24196,62.07697],[12.18483,61.87833],[12.13772,61.72376],[12.27568,61.64027],[12.34111,61.61466],[12.41968,61.56299],[12.44659,61.56726],[12.5691,61.56881],[12.80529,61.4045],[12.87086,61.35649],[13.07422,61.50206],[13.09837,61.52175],[13.19825,61.41655],[13.23955,61.38587],[13.25229,61.36366],[13.35311,61.28723],[13.39392,61.21049],[13.43993,61.1477],[13.51327,61.09246],[13.54264,61.03167],[13.76084,61.06135],[13.87037,61.05764],[13.94611,61.05108],[14.07658,61.12963],[14.14958,61.14449],[14.20478,61.1138],[14.25406,61.11163],[14.25865,61.10251],[14.35495,61.10434],[14.2246,61.20053],[14.17338,61.22099],[14.17624,61.24241],[14.19345,61.26943],[14.15956,61.38166],[14.06581,61.4843],[14.0461,61.55753],[13.97679,61.6214],[13.89795,61.63506],[13.81593,61.64242],[13.75345,61.64157],[13.69038,61.64768],[13.59838,61.65633],[13.55922,61.6435],[13.48983,61.69014],[13.49214,61.69887],[13.49277,61.70125],[13.51154,61.70976],[13.49639,61.72952],[13.44309,61.77358],[13.43467,61.78003],[13.42999,61.78361],[13.41328,61.7964],[13.38316,61.83397],[13.32603,61.87119],[13.29295,61.89249],[13.26132,61.91282],[13.23624,61.91948],[13.20032,61.9291],[13.23766,61.94202],[13.29739,61.96475],[13.31842,61.97274],[13.32487,61.97519],[13.39193,62.00081],[13.29354,62.01162],[13.28706,62.05231],[13.28614,62.05808],[13.2734,62.05481],[13.258,62.05084],[13.21907,62.04081],[13.20477,62.03573],[13.19413,62.03195],[13.15868,62.01966],[13.11639,62.04176],[13.08351,62.0511],[13.0801,62.05207],[13.03843,62.07144],[13.00415,62.06587],[12.95144,62.13342],[12.92874,62.13737],[12.90937,62.1407],[12.90264,62.14185],[12.82965,62.20134],[12.81675,62.21179],[12.80597,62.22053],[12.64067,62.21562],[12.60781,62.21478],[12.53538,62.22658]]]},"properties":{"lan_code":"20","kom_namn":"Älvdalen","id":"2039","geo_point_2d":[61.64598,13.13804]}},{"type":"Feature","geometry":{"type":"Polygon","coordinates":[[[15.65726,60.21878],[15.68729,60.23437],[15.73889,60.24071],[15.80007,60.32041],[15.83068,60.322],[15.84412,60.33553],[15.82288,60.35264],[15.88104,60.35636],[15.91951,60.37099],[15.94933,60.39084],[15.93708,60.41394],[15.92081,60.41765],[15.93108,60.45634],[15.95586,60.49174],[16.00416,60.52193],[16.13649,60.61031],[15.97951,60.58484],[15.92032,60.53285],[15.87951,60.51508],[15.86544,60.4996],[15.81116,60.4694],[15.73287,60.4524],[15.7042,60.4538],[15.63429,60.43936],[15.61625,60.45348],[15.58523,60.43885],[15.55688,60.43606],[15.54832,60.40888],[15.56092,60.39734],[15.46733,60.36127],[15.42047,60.35787],[15.39079,60.34853],[15.39306,60.33586],[15.35229,60.33723],[15.33473,60.33088],[15.34352,60.3104],[15.31239,60.30164],[15.22043,60.30057],[15.20882,60.30452],[15.23626,60.27974],[15.25809,60.28683],[15.29309,60.27741],[15.37684,60.27612],[15.42713,60.29232],[15.42858,60.26915],[15.48457,60.27079],[15.49498,60.25395],[15.56449,60.24066],[15.65726,60.21878]]]},"properties":{"lan_code":"20","kom_namn":"Säter","id":"2082","geo_point_2d":[60.37454,15.69713]}},{"type":"Feature","geometry":{"type":"Polygon","coordinates":[[[17.22472,61.39111],[17.13856,61.39494],[17.11362,61.40277],[17.042,61.44888],[16.90604,61.45734],[16.81557,61.49073],[16.71733,61.53574],[16.67568,61.52081],[16.70819,61.52266],[16.69662,61.48776],[16.69737,61.46782],[16.71396,61.45086],[16.70306,61.43708],[16.73455,61.38545],[16.72545,61.36055],[16.70013,61.32506],[16.63031,61.3174],[16.7232,61.27798],[16.74737,61.24202],[16.72995,61.21901],[16.73113,61.2033],[16.71244,61.17827],[16.6522,61.12989],[16.551,61.08853],[16.60749,61.09083],[16.64309,61.08374],[16.74114,61.07665],[16.8188,61.03951],[16.90013,61.04283],[17.16089,61.05473],[17.23409,61.05968],[17.25668,61.07573],[17.21508,61.10708],[17.22167,61.11682],[17.19846,61.21206],[17.22073,61.21707],[17.25791,61.20969],[17.31486,61.24501],[17.35731,61.34864],[17.31606,61.35654],[17.29731,61.34306],[17.25267,61.37059],[17.21888,61.37815],[17.22472,61.39111]]]},"properties":{"lan_code":"21","kom_namn":"Söderhamn","id":"2182","geo_point_2d":[61.2544,16.96508]}},{"type":"Feature","geometry":{"type":"Polygon","coordinates":[[[14.14317,58.13946],[14.1288,58.14631],[14.11863,58.12118],[14.11919,58.11767],[14.11699,58.08862],[14.11565,58.08815],[14.1146,58.08789],[14.11331,58.08741],[14.11239,58.08707],[14.11202,58.08687],[14.11144,58.08672],[14.111,58.08622],[14.1109,58.086],[14.11036,58.08535],[14.10766,58.0817],[14.10887,58.08134],[14.10906,58.0808],[14.10947,58.08044],[14.10994,58.07994],[14.11572,58.07646],[14.11631,58.07534],[14.09067,58.05405],[14.07857,58.047],[14.06469,58.03891],[14.0696,58.02515],[14.06395,58.02423],[14.02326,58.01619],[14.01483,58.01453],[14.00541,58.01263],[13.99926,58.01119],[13.99167,58.0096],[13.98683,58.00917],[13.9821,58.00888],[13.97714,58.00884],[13.96462,58.008],[13.96268,58.00787],[13.92997,58.00878],[13.90628,57.96811],[13.92184,57.92743],[13.90131,57.91649],[13.88474,57.89488],[13.85598,57.89407],[13.87071,57.86425],[13.86426,57.851],[13.88843,57.83795],[13.92135,57.85618],[13.95953,57.8328],[13.96673,57.81445],[14.01094,57.80461],[14.01728,57.82534],[14.01336,57.85015],[14.0302,57.85969],[14.09929,57.85764],[14.11843,57.87767],[14.15431,57.89048],[14.12709,57.93384],[14.16377,58.00662],[14.31286,58.13184],[14.22487,58.13556],[14.19843,58.13293],[14.19587,58.13211],[14.19274,58.13253],[14.19136,58.13181],[14.18339,58.13058],[14.18043,58.12961],[14.18015,58.12953],[14.17851,58.12929],[14.16803,58.12972],[14.1616,58.1302],[14.15533,58.13031],[14.15197,58.13155],[14.14749,58.13435],[14.14816,58.13497],[14.14825,58.13525],[14.14834,58.13629],[14.1484,58.13675],[14.14722,58.13735],[14.14593,58.13891],[14.14317,58.13946]]]},"properties":{"lan_code":"06","kom_namn":"Habo","id":"0643","geo_point_2d":[57.97073,14.0625]}},{"type":"Feature","geometry":{"type":"Polygon","coordinates":[[[14.33153,57.54023],[14.31054,57.5433],[14.27467,57.56298],[14.22839,57.54917],[14.21775,57.57286],[14.21597,57.60552],[14.19705,57.64442],[14.11322,57.61167],[14.06292,57.62987],[14.01686,57.62976],[13.96535,57.65447],[13.95457,57.63121],[13.91735,57.61038],[13.85347,57.62289],[13.82636,57.61303],[13.8589,57.58074],[13.90077,57.57575],[13.88066,57.56219],[13.89197,57.55153],[13.90914,57.49292],[13.89478,57.46463],[13.90135,57.43391],[13.89801,57.4077],[13.93903,57.36917],[13.97824,57.37586],[14.03049,57.323],[13.998,57.30939],[14.00586,57.29707],[14.04419,57.29716],[14.05957,57.3095],[14.07337,57.32385],[14.09718,57.32203],[14.09156,57.30117],[14.16901,57.31917],[14.24226,57.30747],[14.27367,57.30768],[14.27368,57.34719],[14.30202,57.36103],[14.36406,57.38242],[14.3693,57.43848],[14.38123,57.46377],[14.40877,57.46092],[14.45311,57.47622],[14.45175,57.48935],[14.42739,57.51649],[14.3466,57.51754],[14.31394,57.53178],[14.33153,57.54023]]]},"properties":{"lan_code":"06","kom_namn":"Vaggeryd","id":"0665","geo_point_2d":[57.47326,14.12258]}},{"type":"Feature","geometry":{"type":"Polygon","coordinates":[[[11.737,57.97876],[11.77643,58.00804],[11.79213,58.04866],[11.76828,58.0718],[11.7484,58.10569],[11.71549,58.08373],[11.69404,58.09896],[11.66536,58.10177],[11.63125,58.09081],[11.59801,58.07028],[11.5557,58.07248],[11.50469,58.05287],[11.46119,58.04905],[11.37979,58.04911],[11.42722,57.99747],[11.48435,57.96862],[11.41827,57.88843],[11.45886,57.86297],[11.53457,57.90801],[11.53419,57.91708],[11.63896,57.9185],[11.69407,57.939],[11.66907,57.95074],[11.70976,57.95864],[11.737,57.97876]]]},"properties":{"lan_code":"14","kom_namn":"Tjörn","id":"1419","geo_point_2d":[57.9999,11.59433]}},{"type":"Feature","geometry":{"type":"Polygon","coordinates":[[[14.63349,60.27525],[14.63391,60.28946],[14.60952,60.32385],[14.63378,60.37804],[14.61301,60.47038],[14.53586,60.57217],[14.38573,60.65137],[14.36342,60.69251],[14.22703,60.68503],[14.07777,60.67372],[14.01105,60.66431],[14.02046,60.62175],[13.99196,60.58751],[13.95404,60.58433],[13.89921,60.56223],[13.90368,60.50565],[13.91155,60.49041],[13.90453,60.45768],[13.94172,60.35816],[13.94774,60.29021],[13.94152,60.26664],[13.95107,60.251],[13.99098,60.25152],[14.02289,60.24233],[14.02379,60.22876],[14.11302,60.23009],[14.13463,60.23044],[14.1492,60.23066],[14.1436,60.2423],[14.37272,60.25565],[14.49494,60.23393],[14.54857,60.23883],[14.63349,60.27525]]]},"properties":{"lan_code":"20","kom_namn":"Vansbro","id":"2021","geo_point_2d":[60.44495,14.25866]}},{"type":"Feature","geometry":{"type":"Polygon","coordinates":[[[16.03755,61.53091],[15.77382,61.58546],[15.74208,61.58293],[15.65891,61.62406],[15.51444,61.60672],[15.40344,61.61251],[15.40135,61.60387],[15.43525,61.5667],[15.33653,61.56544],[15.2658,61.54698],[15.27777,61.52247],[15.21627,61.49465],[15.30083,61.42612],[15.44013,61.33316],[15.54315,61.28073],[15.65735,61.21562],[15.65737,61.21557],[15.68032,61.11327],[15.69573,61.10138],[15.70678,61.09286],[15.71243,61.08844],[15.71403,61.08719],[15.74167,61.06555],[15.75545,61.05474],[15.76196,61.04964],[15.92135,61.00766],[15.97022,61.05721],[15.99591,61.10077],[16.0335,61.15236],[16.05923,61.16529],[16.0582,61.18968],[16.11182,61.26514],[16.20639,61.37774],[16.25318,61.43984],[16.21102,61.46081],[16.22015,61.485],[16.19154,61.49971],[16.1371,61.499],[16.03755,61.53091]]]},"properties":{"lan_code":"21","kom_namn":"Ovanåker","id":"2121","geo_point_2d":[61.36628,15.76993]}},{"type":"Feature","geometry":{"type":"Polygon","coordinates":[[[17.99604,59.45732],[17.92152,59.49744],[17.90792,59.48321],[17.86743,59.49214],[17.86411,59.48054],[17.83267,59.47566],[17.85038,59.45384],[17.87596,59.44799],[17.89118,59.42542],[17.92223,59.42167],[17.97267,59.40045],[17.98175,59.39511],[18.00618,59.39975],[17.99124,59.41787],[18.00698,59.44138],[17.99604,59.45732]]]},"properties":{"lan_code":"01","kom_namn":"Sollentuna","id":"0163","geo_point_2d":[59.45114,17.9308]}},{"type":"Feature","geometry":{"type":"Polygon","coordinates":[[[16.45849,59.19746],[16.38139,59.19141],[16.34886,59.16491],[16.23314,59.15678],[16.21288,59.14536],[16.19525,59.18301],[16.17476,59.19769],[16.10219,59.20284],[16.07298,59.24721],[16.02437,59.26301],[15.89274,59.23048],[15.76204,59.19792],[15.76909,59.18372],[15.963,59.15979],[16.01308,59.1488],[16.03747,59.12916],[16.04619,59.10294],[16.10866,59.06379],[16.10935,59.05542],[16.14406,59.03988],[16.15765,59.02135],[16.1187,59.02314],[16.06399,58.99799],[16.00711,58.97881],[15.98647,58.95268],[15.96741,58.94715],[15.99361,58.93732],[16.05385,58.92742],[16.08129,58.91741],[16.08514,58.91408],[16.08892,58.90829],[16.09382,58.90573],[16.09914,58.8993],[16.10029,58.89404],[16.10218,58.8858],[16.10828,58.88531],[16.11091,58.88566],[16.1121,58.88541],[16.11203,58.88528],[16.11216,58.88501],[16.11291,58.88493],[16.1136,58.88483],[16.11367,58.88496],[16.11459,58.88466],[16.11478,58.88444],[16.11573,58.88408],[16.11623,58.88411],[16.11724,58.8838],[16.11765,58.88379],[16.11786,58.88376],[16.11791,58.88366],[16.11791,58.88348],[16.11866,58.88275],[16.119,58.88268],[16.11934,58.88222],[16.11916,58.88214],[16.11902,58.88214],[16.11893,58.88213],[16.11973,58.88153],[16.12011,58.8816],[16.12018,58.88158],[16.12074,58.88147],[16.12318,58.88111],[16.12341,58.88122],[16.12378,58.88136],[16.12398,58.8811],[16.12416,58.88076],[16.12548,58.88032],[16.12543,58.88047],[16.12654,58.88046],[16.12674,58.88044],[16.12736,58.87986],[16.12729,58.87974],[16.1281,58.87945],[16.12839,58.87944],[16.12853,58.87943],[16.12862,58.87934],[16.12988,58.87886],[16.12994,58.87876],[16.13021,58.87864],[16.13031,58.87866],[16.1305,58.87873],[16.13084,58.87843],[16.13122,58.87811],[16.13129,58.87804],[16.13138,58.87797],[16.1315,58.87795],[16.13163,58.87797],[16.13174,58.87806],[16.13181,58.87814],[16.13207,58.87808],[16.13209,58.87798],[16.13208,58.87777],[16.13222,58.87768],[16.1324,58.87765],[16.13269,58.87763],[16.13275,58.8776],[16.133,58.87754],[16.13319,58.87756],[16.13517,58.87683],[16.18232,58.85387],[16.19832,58.83799],[16.19892,58.83717],[16.21979,58.83835],[16.23808,58.83577],[16.26361,58.83223],[16.26906,58.82557],[16.34688,58.7955],[16.43196,58.78214],[16.46414,58.77007],[16.49937,58.77015],[16.5607,58.77958],[16.59517,58.79521],[16.60411,58.81672],[16.62572,58.82533],[16.60566,58.84813],[16.55465,58.87315],[16.49091,58.8984],[16.47128,58.89614],[16.41794,58.91771],[16.43801,58.92686],[16.48402,58.91788],[16.52761,58.94671],[16.49064,58.96347],[16.50199,58.97682],[16.54434,58.99539],[16.56672,59.02948],[16.54113,59.0307],[16.51059,59.061],[16.52435,59.08034],[16.46332,59.10067],[16.45827,59.13145],[16.46413,59.18794],[16.45849,59.19746]]]},"properties":{"lan_code":"04","kom_namn":"Katrineholm","id":"0483","geo_point_2d":[59.01347,16.26672]}},{"type":"Feature","geometry":{"type":"Polygon","coordinates":[[[15.00063,58.42087],[14.96191,58.4342],[14.99894,58.44929],[14.99029,58.45977],[15.0163,58.47377],[14.98876,58.48498],[14.9708,58.51787],[14.93897,58.53587],[14.89463,58.52575],[14.86093,58.51805],[14.88368,58.48463],[14.85465,58.47263],[14.82289,58.48026],[14.76735,58.46119],[14.76948,58.4456],[14.75124,58.42085],[14.70705,58.40428],[14.66096,58.3782],[14.64481,58.35055],[14.69032,58.32859],[14.75464,58.33796],[14.77049,58.34747],[14.81819,58.3468],[14.83451,58.35496],[14.88013,58.35966],[14.92432,58.34387],[14.97164,58.36736],[14.96918,58.3901],[15.00635,58.40158],[15.00063,58.42087]]]},"properties":{"lan_code":"05","kom_namn":"Vadstena","id":"0584","geo_point_2d":[58.41893,14.85268]}},{"type":"Feature","geometry":{"type":"Polygon","coordinates":[[[16.50957,56.88225],[16.44338,56.89081],[16.41564,56.88332],[16.39656,56.89407],[16.34958,56.89353],[16.32977,56.90547],[16.27968,56.91465],[16.2369,56.93175],[16.22562,56.91961],[16.16405,56.8954],[16.17984,56.87092],[16.14005,56.84654],[16.12978,56.83183],[16.09634,56.83569],[16.10573,56.79206],[16.13068,56.75187],[16.04809,56.73516],[16.0414,56.72658],[16.06612,56.71387],[16.04715,56.69106],[16.07513,56.68746],[16.06772,56.67018],[16.01633,56.6653],[15.95968,56.68949],[15.91814,56.68193],[15.91943,56.65162],[15.93918,56.63896],[15.92727,56.62763],[15.8817,56.61611],[15.88297,56.59634],[15.85082,56.58907],[15.81113,56.59661],[15.77493,56.58525],[15.7709,56.57127],[15.74204,56.56086],[15.75605,56.53028],[15.77991,56.51659],[15.81018,56.52061],[15.83676,56.51417],[15.89151,56.51954],[15.91733,56.51331],[15.95637,56.51426],[15.9922,56.52652],[16.0045,56.50522],[16.04427,56.47956],[16.06745,56.47729],[16.16271,56.45105],[16.19917,56.47053],[16.20548,56.5059],[16.22014,56.53333],[16.24047,56.55337],[16.24077,56.58359],[16.27989,56.60145],[16.28007,56.61008],[16.32177,56.62169],[16.33673,56.64521],[16.36304,56.65257],[16.39025,56.68276],[16.37981,56.71595],[16.39622,56.72983],[16.39704,56.74736],[16.42133,56.75939],[16.46098,56.75654],[16.48693,56.76295],[16.49056,56.79514],[16.46961,56.81706],[16.50125,56.82945],[16.49676,56.85678],[16.50957,56.88225]]]},"properties":{"lan_code":"08","kom_namn":"Kalmar","id":"0880","geo_point_2d":[56.68578,16.1704]}},{"type":"Feature","geometry":{"type":"Polygon","coordinates":[[[13.09785,56.08844],[13.07014,56.0745],[13.01751,56.04238],[13.02256,56.01837],[13.01035,55.98975],[12.98732,55.97997],[12.98589,55.9637],[12.95628,55.95075],[12.94369,55.92202],[12.99823,55.90724],[12.99275,55.88934],[12.96184,55.8747],[12.97222,55.85197],[13.01551,55.85923],[13.0432,55.85877],[13.05904,55.84116],[13.10962,55.83121],[13.14617,55.82974],[13.1559,55.85941],[13.1311,55.86376],[13.12679,55.88667],[13.15041,55.89525],[13.18246,55.88965],[13.24034,55.91695],[13.24778,55.90198],[13.28608,55.89205],[13.2923,55.90518],[13.27594,55.92288],[13.29851,55.94212],[13.26751,55.95281],[13.31106,55.97745],[13.33604,56.00671],[13.34019,56.01447],[13.31197,56.02994],[13.29937,56.02444],[13.22638,56.0239],[13.18163,56.03366],[13.1896,56.04143],[13.18825,56.04245],[13.16423,56.06637],[13.09785,56.08844]]]},"properties":{"lan_code":"12","kom_namn":"Svalöv","id":"1214","geo_point_2d":[55.95859,13.12534]}},{"type":"Feature","geometry":{"type":"Polygon","coordinates":[[[13.29575,55.60279],[13.26709,55.61678],[13.19043,55.61306],[13.18238,55.59501],[13.14034,55.59992],[13.15173,55.58161],[13.13519,55.54124],[13.10668,55.52426],[13.13167,55.50648],[13.14036,55.48967],[13.17617,55.48676],[13.17648,55.47543],[13.2009,55.46855],[13.22172,55.48209],[13.24121,55.47072],[13.29721,55.47669],[13.33992,55.47527],[13.37616,55.46877],[13.41105,55.48168],[13.4361,55.50901],[13.44773,55.5105],[13.45473,55.52401],[13.48164,55.52739],[13.44899,55.53125],[13.40209,55.52519],[13.36569,55.55595],[13.31357,55.56452],[13.31499,55.58674],[13.29575,55.60279]]]},"properties":{"lan_code":"12","kom_namn":"Svedala","id":"1263","geo_point_2d":[55.53409,13.26227]}},{"type":"Feature","geometry":{"type":"Polygon","coordinates":[[[13.9212,55.74855],[13.91284,55.75906],[13.87939,55.75302],[13.84446,55.76515],[13.7867,55.77535],[13.76118,55.763],[13.75729,55.74267],[13.71644,55.74362],[13.66594,55.73802],[13.66409,55.72764],[13.61365,55.73006],[13.57122,55.68885],[13.61392,55.6677],[13.60282,55.63142],[13.54672,55.63644],[13.53016,55.62033],[13.52353,55.58364],[13.54111,55.54704],[13.59478,55.53516],[13.62556,55.53591],[13.65738,55.52398],[13.67089,55.51137],[13.70574,55.51224],[13.71232,55.53165],[13.76068,55.53424],[13.78103,55.54197],[13.7807,55.55758],[13.81225,55.56128],[13.83229,55.57212],[13.85036,55.56608],[13.87688,55.59334],[13.89557,55.58894],[13.93162,55.59809],[13.93703,55.61962],[13.98634,55.64928],[13.92734,55.68851],[13.90478,55.71286],[13.8916,55.71538],[13.9212,55.74855]]]},"properties":{"lan_code":"12","kom_namn":"Sjöbo","id":"1265","geo_point_2d":[55.64277,13.74415]}},{"type":"Feature","geometry":{"type":"Polygon","coordinates":[[[13.19699,58.35008],[13.18562,58.35438],[13.1492,58.33061],[13.11653,58.34417],[13.09848,58.33809],[13.07279,58.34525],[13.04168,58.34158],[12.97547,58.31573],[12.95197,58.32726],[12.9669,58.34562],[12.94326,58.3698],[12.89592,58.38651],[12.84525,58.38748],[12.82588,58.38278],[12.79084,58.34966],[12.79928,58.30812],[12.83221,58.28967],[12.81542,58.27067],[12.82984,58.26096],[12.7933,58.22756],[12.81898,58.22178],[12.84303,58.19539],[12.86307,58.19966],[12.89714,58.19354],[12.86755,58.18032],[12.83878,58.18034],[12.87813,58.15585],[12.9228,58.1437],[12.91392,58.11989],[12.93474,58.11246],[12.9869,58.10943],[13.02264,58.11179],[13.07936,58.11679],[13.14227,58.1141],[13.14497,58.11465],[13.18938,58.12924],[13.22692,58.15417],[13.24703,58.1859],[13.2856,58.19052],[13.35741,58.23303],[13.38934,58.25515],[13.40478,58.27601],[13.36601,58.29351],[13.30983,58.30423],[13.26171,58.30342],[13.23891,58.32601],[13.24048,58.3449],[13.19699,58.35008]]]},"properties":{"lan_code":"14","kom_namn":"Vara","id":"1470","geo_point_2d":[58.24513,13.06049]}},{"type":"Feature","geometry":{"type":"Polygon","coordinates":[[[14.42144,58.79473],[14.38107,58.80242],[14.35259,58.81652],[14.35081,58.82818],[14.31078,58.82971],[14.29473,58.82225],[14.22905,58.82491],[14.21446,58.80277],[14.17036,58.79078],[14.1415,58.79076],[14.06152,58.7761],[14.01904,58.77633],[14.01859,58.76286],[14.04863,58.74782],[14.01898,58.71391],[13.92847,58.69548],[13.92443,58.68419],[13.96963,58.67234],[13.94098,58.62345],[13.90356,58.5942],[13.92885,58.5702],[13.94807,58.58661],[13.986,58.59332],[14.03091,58.59235],[14.07355,58.54641],[14.09228,58.50887],[14.14513,58.51179],[14.18939,58.51508],[14.28824,58.53966],[14.33834,58.56077],[14.34442,58.58552],[14.33702,58.60881],[14.31287,58.61597],[14.27182,58.61608],[14.2507,58.62392],[14.29172,58.65403],[14.27952,58.69226],[14.25324,58.69839],[14.29609,58.72058],[14.36322,58.72565],[14.3872,58.75822],[14.42144,58.79473]]]},"properties":{"lan_code":"14","kom_namn":"Töreboda","id":"1473","geo_point_2d":[58.6702,14.16743]}},{"type":"Feature","geometry":{"type":"Polygon","coordinates":[[[12.05674,57.67824],[11.96974,57.67696],[11.94922,57.66354],[11.9631,57.63443],[11.98926,57.60605],[12.00979,57.56983],[11.98796,57.56504],[11.98796,57.56503],[11.9879,57.56469],[11.99636,57.56017],[12.00311,57.5553],[12.00441,57.5543],[12.05695,57.55056],[12.07169,57.55156],[12.09024,57.55407],[12.09041,57.55412],[12.08715,57.55882],[12.08805,57.55903],[12.09202,57.55977],[12.09289,57.55991],[12.11568,57.56108],[12.12232,57.56172],[12.13751,57.56323],[12.14022,57.5635],[12.14597,57.56408],[12.14956,57.56444],[12.21398,57.57641],[12.21813,57.57792],[12.25526,57.5897],[12.2575,57.59048],[12.2772,57.59745],[12.27332,57.60583],[12.22485,57.62658],[12.07503,57.63613],[12.08234,57.65769],[12.05674,57.67824]]]},"properties":{"lan_code":"14","kom_namn":"Mölndal","id":"1481","geo_point_2d":[57.60925,12.09]}},{"type":"Feature","geometry":{"type":"Polygon","coordinates":[[[12.58471,60.07842],[12.55663,60.13673],[12.51566,60.12788],[12.5006,60.09908],[12.4497,60.04035],[12.47176,59.98791],[12.48148,59.98008],[12.4717,59.92899],[12.42452,59.91363],[12.44203,59.8907],[12.46485,59.84051],[12.46682,59.83916],[12.49263,59.81709],[12.4886,59.80978],[12.4202,59.79735],[12.37691,59.7783],[12.37497,59.75621],[12.35389,59.75271],[12.32857,59.71985],[12.32681,59.69894],[12.30507,59.66166],[12.30862,59.64882],[12.27744,59.64478],[12.29386,59.60993],[12.286,59.57516],[12.31986,59.55274],[12.32689,59.53271],[12.30864,59.49],[12.276,59.44948],[12.28218,59.4462],[12.40973,59.4503],[12.46426,59.43065],[12.49995,59.43243],[12.50914,59.41532],[12.51904,59.40308],[12.55868,59.38727],[12.60873,59.38594],[12.6455,59.39034],[12.70426,59.39001],[12.81434,59.41241],[12.84035,59.42988],[12.82358,59.47599],[12.83019,59.49307],[12.87829,59.51043],[12.87803,59.54749],[12.92784,59.55956],[12.97349,59.58874],[12.99274,59.60806],[13.03369,59.59194],[13.04611,59.60392],[13.02929,59.62644],[13.03589,59.64869],[13.06613,59.65927],[13.09329,59.65134],[13.06488,59.69059],[13.00788,59.70571],[12.99261,59.72433],[12.95894,59.73376],[12.89948,59.77989],[12.87882,59.81342],[12.8502,59.82454],[12.81326,59.84833],[12.72136,59.87475],[12.72072,59.887],[12.6882,59.89901],[12.70539,59.94227],[12.73386,59.95034],[12.75081,59.97312],[12.72879,59.9916],[12.66156,60.00851],[12.62185,60.02281],[12.6077,60.03564],[12.58471,60.07842]]]},"properties":{"lan_code":"17","kom_namn":"Arvika","id":"1784","geo_point_2d":[59.68619,12.63023]}},{"type":"Feature","geometry":{"type":"Polygon","coordinates":[[[18.17796,65.57654],[18.14721,65.58873],[18.10161,65.59416],[18.0723,65.57671],[18.03396,65.58767],[18.0311,65.60253],[17.85142,65.6236],[17.79042,65.63499],[17.75984,65.64068],[17.66216,65.66213],[17.65822,65.66386],[17.65301,65.66613],[17.62619,65.67784],[17.59829,65.6901],[17.57349,65.70088],[17.54737,65.71223],[17.48432,65.73936],[17.46661,65.74694],[17.44132,65.75768],[17.33488,65.80281],[17.25016,65.83884],[17.22808,65.8482],[17.14187,65.88467],[17.08998,65.90654],[17.03446,65.93041],[16.79685,66.02236],[16.77195,66.03203],[16.68717,66.03824],[16.60736,66.04403],[16.52919,66.05359],[16.47908,66.06837],[16.23234,66.14069],[15.7714,66.29082],[15.4539,66.34535],[15.48472,66.28247],[15.30554,66.23275],[15.03566,66.15357],[14.95134,66.15002],[15.25616,65.97917],[15.53076,65.82276],[15.95704,65.71104],[16.50141,65.5661],[16.60635,65.48692],[16.83031,65.38313],[17.01662,65.32272],[17.30039,65.26442],[17.67256,65.17012],[17.77216,65.12777],[17.79401,65.1363],[17.84994,65.11213],[17.82999,65.10293],[17.95723,65.04877],[17.95196,65.04388],[17.9825,65.03608],[18.04807,65.04982],[18.01609,65.06429],[17.97434,65.06475],[18.16806,65.24295],[18.21392,65.31737],[18.2966,65.41894],[18.28451,65.48457],[18.26791,65.52453],[18.19523,65.55488],[18.17796,65.57654]]]},"properties":{"lan_code":"24","kom_namn":"Sorsele","id":"2422","geo_point_2d":[65.72196,16.73552]}},{"type":"Feature","geometry":{"type":"Polygon","coordinates":[[[17.97083,59.54853],[17.91994,59.56405],[17.89309,59.55294],[17.85021,59.5585],[17.84757,59.56958],[17.80731,59.57556],[17.81091,59.53411],[17.83199,59.52214],[17.79925,59.50889],[17.84111,59.48956],[17.83267,59.47566],[17.86411,59.48054],[17.86743,59.49214],[17.90792,59.48321],[17.92152,59.49744],[17.99604,59.45732],[18.00047,59.47825],[17.9817,59.49773],[18.00918,59.50794],[18.01446,59.52345],[17.98327,59.53556],[17.97083,59.54853]]]},"properties":{"lan_code":"01","kom_namn":"Upplands Väsby","id":"0114","geo_point_2d":[59.52132,17.90517]}},{"type":"Feature","geometry":{"type":"Polygon","coordinates":[[[17.61861,58.67293],[17.66676,58.69599],[17.79412,58.67093],[17.7944,58.67157],[17.79481,58.67148],[17.78695,58.77794],[17.72609,58.7974],[17.71758,58.8152],[17.66861,58.82628],[17.65223,58.85999],[17.66073,58.86658],[17.65142,58.87524],[17.65476,58.89328],[17.63808,58.89958],[17.63188,58.9032],[17.63615,58.90837],[17.62518,58.93502],[17.59669,58.94444],[17.57823,58.94786],[17.56966,58.95241],[17.56605,58.95187],[17.56248,58.95081],[17.5592,58.95181],[17.55726,58.9536],[17.5571,58.95637],[17.55592,58.95728],[17.55745,58.95746],[17.55706,58.95829],[17.55777,58.95853],[17.55624,58.96021],[17.54957,58.96277],[17.54249,58.97186],[17.5535,58.98245],[17.53684,58.98152],[17.53119,58.98221],[17.52267,58.98301],[17.51692,58.98305],[17.44667,58.99051],[17.43913,58.98128],[17.41254,58.98321],[17.39397,58.98227],[17.38313,58.98482],[17.37516,58.98238],[17.37517,58.98236],[17.40903,58.94925],[17.38506,58.93375],[17.37957,58.91405],[17.38931,58.88269],[17.35799,58.87066],[17.35605,58.84072],[17.36403,58.83036],[17.42429,58.81117],[17.42787,58.77499],[17.46492,58.78014],[17.57093,58.74141],[17.57437,58.69186],[17.61861,58.67293]]]},"properties":{"lan_code":"04","kom_namn":"Trosa","id":"0488","geo_point_2d":[58.82928,17.56808]}},{"type":"Feature","geometry":{"type":"Polygon","coordinates":[[[13.89478,57.46463],[13.83894,57.47693],[13.80373,57.47224],[13.73965,57.47386],[13.70792,57.45363],[13.6704,57.47158],[13.65804,57.44617],[13.6165,57.40777],[13.59947,57.38338],[13.57827,57.3768],[13.56913,57.34601],[13.58408,57.34259],[13.62662,57.35249],[13.6743,57.34169],[13.68332,57.32805],[13.67984,57.30796],[13.7077,57.28587],[13.70992,57.24589],[13.77905,57.23463],[13.84143,57.23699],[13.84409,57.26356],[13.89879,57.28853],[13.91174,57.26914],[13.97945,57.25192],[14.00802,57.28473],[14.04338,57.27727],[14.05957,57.3095],[14.04419,57.29716],[14.00586,57.29707],[13.998,57.30939],[14.03049,57.323],[13.97824,57.37586],[13.93903,57.36917],[13.89801,57.4077],[13.90135,57.43391],[13.89478,57.46463]]]},"properties":{"lan_code":"06","kom_namn":"Gnosjö","id":"0617","geo_point_2d":[57.35635,13.80452]}},{"type":"Feature","geometry":{"type":"Polygon","coordinates":[[[19.30599,57.92357],[19.36869,57.96439],[19.31754,57.99643],[19.15482,58.00446],[19.06499,57.9708],[19.03015,57.92677],[18.94732,57.93578],[18.84631,57.9305],[18.82436,57.91338],[18.82092,57.88447],[18.78728,57.87853],[18.76829,57.91792],[18.75637,57.92992],[18.70419,57.93059],[18.6382,57.90345],[18.61382,57.88702],[18.59221,57.85507],[18.4395,57.82311],[18.33917,57.69243],[18.22864,57.61754],[18.14352,57.5763],[18.09308,57.5339],[18.11202,57.48668],[18.11853,57.45712],[18.07859,57.43575],[18.08493,57.42525],[18.1354,57.43329],[18.14304,57.40257],[18.18014,57.38557],[18.16535,57.36705],[18.15524,57.31625],[18.06551,57.32287],[17.95343,57.29304],[17.95346,57.27641],[18.09645,57.25564],[18.11057,57.24299],[18.13457,57.24126],[18.14373,57.21711],[18.14315,57.16478],[18.16623,57.13794],[18.21266,57.13188],[18.19944,57.12249],[18.17044,57.06948],[18.19884,57.05553],[18.2345,57.05646],[18.27767,57.08012],[18.28309,57.057],[18.27266,57.04491],[18.19643,57.02957],[18.14693,56.95168],[18.11116,56.91341],[18.11688,56.90617],[18.19287,56.90122],[18.26284,56.92116],[18.28895,56.91848],[18.37533,56.98142],[18.40924,56.99756],[18.39557,57.01375],[18.35854,57.01775],[18.36806,57.08075],[18.4576,57.11123],[18.4963,57.11539],[18.52814,57.12737],[18.52707,57.13992],[18.46268,57.13713],[18.44383,57.12998],[18.42197,57.14324],[18.47748,57.15002],[18.5471,57.18612],[18.58883,57.19975],[18.58081,57.21535],[18.68762,57.21191],[18.71111,57.22016],[18.72568,57.27269],[18.75421,57.26543],[18.77538,57.27207],[18.77025,57.29806],[18.72367,57.31862],[18.72667,57.33534],[18.75971,57.35909],[18.80862,57.36562],[18.84935,57.37988],[18.89031,57.37887],[18.90263,57.38867],[18.99371,57.42913],[18.99819,57.45149],[18.88729,57.45293],[18.8081,57.4481],[18.811,57.47378],[18.76371,57.51074],[18.80401,57.53188],[18.82426,57.55862],[18.81794,57.60041],[18.81003,57.61072],[18.77815,57.61755],[18.8256,57.68069],[18.87067,57.6773],[18.85921,57.7182],[18.88332,57.72058],[18.90127,57.70667],[18.9269,57.70631],[18.96177,57.72337],[19.02234,57.7345],[19.08038,57.79167],[19.07227,57.80749],[19.10333,57.81072],[19.137,57.82751],[19.20778,57.92014],[19.30599,57.92357]]]},"properties":{"lan_code":"09","kom_namn":"Gotland","id":"0980","geo_point_2d":[57.50914,18.55608]}},{"type":"Feature","geometry":{"type":"Polygon","coordinates":[[[13.98939,56.31413],[13.97148,56.32424],[13.93391,56.32765],[13.92375,56.36008],[13.9028,56.37663],[13.88517,56.4025],[13.86119,56.39166],[13.84343,56.39555],[13.81709,56.38203],[13.79915,56.3923],[13.77281,56.39309],[13.7105,56.40984],[13.69635,56.42464],[13.62801,56.41808],[13.58065,56.40903],[13.57905,56.39512],[13.52297,56.37645],[13.50869,56.35034],[13.49608,56.34662],[13.51538,56.30724],[13.49728,56.30232],[13.45537,56.30527],[13.41794,56.26596],[13.42762,56.25017],[13.46643,56.2105],[13.45132,56.19212],[13.46846,56.16416],[13.46267,56.14545],[13.46269,56.1452],[13.42782,56.10044],[13.48897,56.08086],[13.52251,56.08868],[13.55942,56.0859],[13.56214,56.06163],[13.58386,56.04759],[13.66418,56.03425],[13.65046,56.01999],[13.67044,56.00365],[13.65172,55.99599],[13.65924,55.98297],[13.6262,55.97735],[13.62027,55.95594],[13.64437,55.95312],[13.66683,55.9608],[13.71308,55.95667],[13.74973,55.94156],[13.7798,55.96468],[13.75832,55.97408],[13.77418,55.99446],[13.80305,56.01161],[13.81067,56.02672],[13.85919,56.02676],[13.88698,56.02081],[13.99507,56.09583],[13.99793,56.12309],[14.01423,56.15638],[14.01432,56.17592],[13.99395,56.17461],[13.96947,56.23678],[13.99949,56.26423],[13.98939,56.31413]]]},"properties":{"lan_code":"12","kom_namn":"Hässleholm","id":"1293","geo_point_2d":[56.20271,13.72448]}},{"type":"Feature","geometry":{"type":"Polygon","coordinates":[[[14.30462,58.4048],[14.2917,58.41816],[14.31262,58.43888],[14.36851,58.46955],[14.37812,58.4873],[14.36442,58.50031],[14.33738,58.54327],[14.33834,58.56077],[14.28824,58.53966],[14.18939,58.51508],[14.14513,58.51179],[14.11394,58.45206],[14.07483,58.44897],[14.06286,58.42723],[14.08069,58.41742],[14.0679,58.40224],[14.13673,58.37199],[14.13711,58.36597],[14.14768,58.35667],[14.18021,58.35654],[14.2045,58.3638],[14.2611,58.37011],[14.26838,58.39786],[14.30462,58.4048]]]},"properties":{"lan_code":"14","kom_namn":"Tibro","id":"1472","geo_point_2d":[58.45125,14.2221]}},{"type":"Feature","geometry":{"type":"Polygon","coordinates":[[[13.72905,57.93127],[13.64887,57.92837],[13.61837,57.91932],[13.6089,57.94864],[13.59557,57.95126],[13.57959,57.97417],[13.58293,57.99078],[13.5594,58.00666],[13.52489,58.01093],[13.48723,57.98353],[13.48649,57.9673],[13.44878,57.95839],[13.41734,57.9778],[13.35695,57.98182],[13.3281,57.95174],[13.27405,57.95269],[13.23462,57.93097],[13.21131,57.90858],[13.11658,57.8895],[13.10567,57.85592],[13.12723,57.84499],[13.13661,57.81287],[13.16996,57.8016],[13.18842,57.78813],[13.24762,57.77312],[13.23687,57.72987],[13.20639,57.7129],[13.25378,57.70531],[13.27696,57.69379],[13.30903,57.66769],[13.31868,57.61902],[13.3434,57.61343],[13.36088,57.62838],[13.40913,57.61175],[13.43946,57.61079],[13.4748,57.62065],[13.49127,57.64121],[13.53877,57.6698],[13.58838,57.64461],[13.61712,57.64577],[13.67057,57.67616],[13.69474,57.67152],[13.70341,57.67879],[13.71782,57.68125],[13.71944,57.68141],[13.72348,57.68185],[13.7225,57.69169],[13.72107,57.6924],[13.71047,57.69768],[13.70805,57.71019],[13.72662,57.71608],[13.72667,57.71612],[13.72647,57.71958],[13.72328,57.72078],[13.71844,57.72247],[13.71708,57.72299],[13.71661,57.72324],[13.71614,57.7256],[13.71619,57.72593],[13.7161,57.72629],[13.7156,57.72685],[13.72093,57.73971],[13.72288,57.74247],[13.72529,57.74358],[13.727,57.74632],[13.72757,57.74712],[13.7292,57.74863],[13.73019,57.749],[13.73298,57.75346],[13.7338,57.75389],[13.73492,57.7549],[13.736,57.75519],[13.73696,57.75527],[13.73808,57.75569],[13.73833,57.75577],[13.73864,57.75598],[13.73913,57.75633],[13.73937,57.75644],[13.73963,57.75653],[13.74008,57.75663],[13.74285,57.75866],[13.7426,57.75912],[13.74304,57.76096],[13.74558,57.76313],[13.75388,57.77344],[13.75354,57.77369],[13.75304,57.77377],[13.75003,57.77625],[13.74897,57.77658],[13.74721,57.77748],[13.7487,57.77795],[13.74624,57.78427],[13.74434,57.79481],[13.74406,57.80088],[13.7443,57.80352],[13.74301,57.80563],[13.74233,57.8065],[13.74397,57.80897],[13.74524,57.80945],[13.74646,57.81164],[13.74608,57.81231],[13.74441,57.81626],[13.74398,57.8163],[13.74347,57.8164],[13.73813,57.81705],[13.73764,57.81707],[13.73765,57.81735],[13.73789,57.81751],[13.73698,57.83884],[13.73166,57.84544],[13.74218,57.86533],[13.76636,57.87843],[13.76042,57.89144],[13.79057,57.90639],[13.78927,57.92214],[13.75644,57.94082],[13.72905,57.93127]]]},"properties":{"lan_code":"14","kom_namn":"Ulricehamn","id":"1491","geo_point_2d":[57.81133,13.46237]}},{"type":"Feature","geometry":{"type":"Polygon","coordinates":[[[14.1415,58.79076],[14.12497,58.81051],[14.14307,58.84859],[14.13412,58.88892],[14.00604,58.89271],[13.95841,58.89387],[13.94092,58.91607],[13.9438,58.93786],[13.80636,58.87904],[13.67485,58.87593],[13.5636,58.86228],[13.46554,58.88827],[13.37759,58.8315],[13.38311,58.81911],[13.61705,58.7991],[13.63559,58.74067],[13.65976,58.71354],[13.63053,58.71145],[13.63482,58.69124],[13.60498,58.65601],[13.62116,58.61355],[13.58949,58.59683],[13.62614,58.57539],[13.65362,58.57161],[13.6764,58.54492],[13.68876,58.55343],[13.71869,58.54056],[13.73495,58.55146],[13.72995,58.57643],[13.76967,58.56345],[13.78506,58.53174],[13.85186,58.52457],[13.91169,58.54893],[13.92885,58.5702],[13.90356,58.5942],[13.94098,58.62345],[13.96963,58.67234],[13.92443,58.68419],[13.92847,58.69548],[14.01898,58.71391],[14.04863,58.74782],[14.01859,58.76286],[14.01904,58.77633],[14.06152,58.7761],[14.1415,58.79076]]]},"properties":{"lan_code":"14","kom_namn":"Mariestad","id":"1493","geo_point_2d":[58.74873,13.80556]}},{"type":"Feature","geometry":{"type":"Polygon","coordinates":[[[16.5166,60.3555],[16.52979,60.37138],[16.56954,60.37701],[16.60942,60.39431],[16.66839,60.44067],[16.65086,60.46984],[16.61379,60.49495],[16.57401,60.51289],[16.5631,60.53161],[16.53408,60.54921],[16.50081,60.55603],[16.41994,60.58619],[16.32093,60.60466],[16.24607,60.60773],[16.19764,60.61405],[16.13649,60.61031],[16.15597,60.58843],[16.15904,60.58493],[16.16601,60.577],[16.16756,60.57365],[16.17146,60.561],[16.17959,60.55544],[16.18222,60.55197],[16.19482,60.53531],[16.20018,60.53219],[16.20243,60.53086],[16.27857,60.48364],[16.29803,60.45951],[16.29924,60.45833],[16.33716,60.42151],[16.39268,60.37936],[16.42321,60.37919],[16.5166,60.3555]]]},"properties":{"lan_code":"21","kom_namn":"Hofors","id":"2104","geo_point_2d":[60.49126,16.41835]}},{"type":"Feature","geometry":{"type":"Polygon","coordinates":[[[16.17412,62.21387],[16.12193,62.20374],[16.08021,62.22448],[16.06529,62.21331],[16.15456,62.13385],[16.17532,62.09493],[16.16479,62.08523],[16.19775,62.05284],[16.23503,61.94829],[16.25204,61.93228],[16.25819,61.90371],[16.27678,61.88688],[16.33681,61.87442],[16.32308,61.84498],[16.29173,61.80038],[16.27456,61.7937],[16.51301,61.6794],[16.548,61.65897],[16.59122,61.6463],[16.63283,61.62432],[16.56155,61.59841],[16.60485,61.5923],[16.61133,61.50471],[16.648,61.49144],[16.65707,61.51261],[16.67568,61.52081],[16.71733,61.53574],[16.81557,61.49073],[16.90604,61.45734],[17.042,61.44888],[17.11362,61.40277],[17.13856,61.39494],[17.22472,61.39111],[17.23994,61.42444],[17.19271,61.48073],[17.26385,61.54859],[17.30835,61.54959],[17.30403,61.52998],[17.34611,61.50554],[17.4278,61.51099],[17.48131,61.52813],[17.48673,61.56864],[17.34829,61.59182],[17.43019,61.61074],[17.50435,61.60949],[17.58832,61.73628],[17.39373,61.75418],[17.44577,61.8198],[17.37139,61.82902],[17.36372,61.85152],[17.31393,61.84898],[17.30077,61.85623],[17.20791,61.87076],[17.2086,61.86296],[17.13948,61.85724],[17.07541,61.83255],[17.02885,61.83301],[16.99963,61.84559],[16.97305,61.8438],[16.94902,61.8821],[16.85573,61.93767],[16.88135,61.95115],[16.79318,61.97682],[16.73973,62.01885],[16.71142,62.04942],[16.63915,62.07025],[16.37897,62.15195],[16.17412,62.21387]]]},"properties":{"lan_code":"21","kom_namn":"Hudiksvall","id":"2184","geo_point_2d":[61.77535,16.8221]}},{"type":"Feature","geometry":{"type":"Polygon","coordinates":[[[17.9933,63.20523],[17.99975,63.20777],[17.83822,63.27478],[17.80277,63.25819],[17.53454,63.29565],[17.54638,63.32624],[17.47564,63.33976],[17.4744,63.38428],[17.45254,63.38622],[17.41956,63.46171],[17.41714,63.5086],[17.28032,63.47973],[17.28002,63.50325],[17.29261,63.52977],[17.25116,63.55374],[17.2702,63.56447],[17.34426,63.57643],[17.26428,63.64445],[17.33643,63.69397],[17.30645,63.73984],[17.22411,63.70719],[17.2118,63.7717],[17.27059,63.79488],[17.24658,63.80987],[17.20164,63.81472],[17.1814,63.82701],[17.19281,63.85116],[17.17686,63.86945],[17.19282,63.88475],[17.32534,63.86899],[17.33557,63.88934],[17.25541,63.89546],[17.26149,63.91376],[16.99305,63.93869],[16.8783,63.95068],[16.71872,64.02748],[16.58125,63.8732],[16.56353,63.82337],[16.57454,63.78268],[16.59745,63.75446],[16.6142,63.71399],[16.52831,63.70471],[16.41883,63.6988],[16.31928,63.69773],[16.2708,63.65974],[16.22835,63.66081],[16.08716,63.70432],[15.98288,63.65427],[15.9058,63.66422],[15.89894,63.683],[15.79207,63.65782],[15.92666,63.59354],[15.99746,63.55064],[15.98617,63.51453],[15.96583,63.44413],[16.01735,63.43064],[16.04584,63.44809],[16.13952,63.42127],[16.1315,63.38301],[16.09596,63.36918],[16.2038,63.33712],[16.22431,63.32095],[16.23077,63.31847],[16.24498,63.31301],[16.24776,63.31194],[16.34647,63.27345],[16.35148,63.27152],[16.3586,63.26879],[16.36199,63.26751],[16.59948,63.17344],[16.90364,63.00725],[16.99898,62.94697],[17.09319,62.89702],[17.1636,62.85626],[17.17716,62.8618],[17.18664,62.88561],[17.2372,62.90277],[17.2621,62.89864],[17.32642,62.90971],[17.3531,62.91425],[17.33078,62.9407],[17.27078,62.93018],[17.21058,62.97181],[17.25116,62.99521],[17.18069,63.02055],[17.20845,63.03094],[17.25067,63.01523],[17.31516,63.03518],[17.29753,63.05565],[17.44085,63.09166],[17.54737,63.11428],[17.59702,63.11135],[17.69539,63.12925],[17.74866,63.10879],[17.8801,63.16091],[17.89599,63.14168],[17.98877,63.15751],[17.97726,63.17203],[18.04692,63.18609],[17.97268,63.19718],[17.9933,63.20523]]]},"properties":{"lan_code":"22","kom_namn":"Sollefteå","id":"2283","geo_point_2d":[63.44029,16.88554]}},{"type":"Feature","geometry":{"type":"Polygon","coordinates":[[[18.75689,64.98442],[18.5966,65.06359],[18.61396,65.07771],[18.55635,65.08306],[18.30347,65.2027],[18.16806,65.24295],[17.97434,65.06475],[18.01609,65.06429],[18.04807,65.04982],[17.9825,65.03608],[17.95196,65.04388],[17.89894,64.99446],[17.91281,64.91895],[17.74272,64.83598],[17.76159,64.82278],[17.5579,64.73293],[17.50482,64.7094],[17.54806,64.6692],[17.58793,64.67919],[17.65385,64.66778],[17.6543,64.63779],[17.68154,64.62464],[17.62035,64.6021],[17.70809,64.52017],[17.74083,64.4992],[17.8037,64.52229],[17.84281,64.50297],[17.78868,64.48325],[17.96956,64.41472],[17.96936,64.4041],[18.02547,64.38091],[18.19596,64.3983],[18.24824,64.3907],[18.26868,64.35833],[18.18394,64.34355],[18.29117,64.29901],[18.41243,64.23795],[18.65164,64.13698],[18.78842,64.0606],[19.07148,64.10896],[19.06186,64.1409],[19.12143,64.12136],[19.16046,64.13281],[19.13,64.16694],[19.12743,64.18082],[19.17625,64.18663],[19.11671,64.22037],[19.07729,64.22935],[19.0373,64.22227],[18.97277,64.42757],[19.17874,64.65521],[19.28758,64.77776],[19.31166,64.80468],[19.10994,64.86954],[18.75689,64.98442]]]},"properties":{"lan_code":"24","kom_namn":"Lycksele","id":"2481","geo_point_2d":[64.65376,18.46016]}},{"type":"Feature","geometry":{"type":"Polygon","coordinates":[[[18.29944,59.36924],[18.24508,59.38123],[18.1194,59.39393],[18.0879,59.38201],[18.09557,59.36969],[18.12617,59.34766],[18.16056,59.3346],[18.16393,59.32533],[18.21382,59.33884],[18.25959,59.35949],[18.29944,59.36924]]]},"properties":{"lan_code":"01","kom_namn":"Lidingö","id":"0186","geo_point_2d":[59.36467,18.18137]}},{"type":"Feature","geometry":{"type":"Polygon","coordinates":[[[14.69125,57.4728],[14.62031,57.43542],[14.57826,57.43554],[14.57731,57.45198],[14.54713,57.4737],[14.49165,57.49079],[14.45175,57.48935],[14.45311,57.47622],[14.40877,57.46092],[14.38123,57.46377],[14.3693,57.43848],[14.36406,57.38242],[14.38341,57.34524],[14.37884,57.32952],[14.41273,57.30562],[14.44059,57.29606],[14.44363,57.27349],[14.43271,57.26045],[14.40245,57.18695],[14.39003,57.1852],[14.39787,57.15111],[14.44094,57.14968],[14.44956,57.16297],[14.47667,57.15765],[14.47758,57.15765],[14.4895,57.15212],[14.49153,57.15256],[14.49339,57.15297],[14.4942,57.15318],[14.49604,57.15367],[14.49611,57.15369],[14.49743,57.15439],[14.49739,57.15471],[14.49708,57.15515],[14.4974,57.15637],[14.49871,57.1586],[14.50296,57.16025],[14.50599,57.16144],[14.5069,57.16184],[14.50754,57.16214],[14.50965,57.16317],[14.50979,57.1631],[14.51111,57.1624],[14.51203,57.16062],[14.51206,57.16062],[14.51384,57.16077],[14.51588,57.1606],[14.51644,57.1605],[14.5167,57.16044],[14.51729,57.16024],[14.51757,57.1601],[14.51982,57.15963],[14.52264,57.15981],[14.52422,57.15991],[14.52746,57.16012],[14.53422,57.16012],[14.53868,57.16068],[14.54182,57.16726],[14.54374,57.17142],[14.54375,57.17144],[14.54847,57.17118],[14.55012,57.17205],[14.55157,57.17366],[14.54978,57.17408],[14.55091,57.17598],[14.55259,57.17882],[14.55334,57.18019],[14.55341,57.18046],[14.55341,57.18099],[14.55342,57.18123],[14.55349,57.18152],[14.5534,57.18166],[14.55345,57.18179],[14.55356,57.18265],[14.55358,57.18283],[14.55368,57.18298],[14.55397,57.18344],[14.55571,57.18719],[14.55589,57.18729],[14.55847,57.18789],[14.55929,57.18792],[14.56346,57.18912],[14.56477,57.18928],[14.57062,57.18996],[14.57557,57.18945],[14.57704,57.18781],[14.57939,57.18723],[14.58094,57.18712],[14.5812,57.1871],[14.58111,57.1869],[14.58142,57.1867],[14.58222,57.18587],[14.58229,57.18606],[14.5839,57.18672],[14.58402,57.18681],[14.58433,57.18679],[14.5856,57.1857],[14.60006,57.18025],[14.60076,57.18125],[14.6031,57.18093],[14.60341,57.18024],[14.60518,57.18013],[14.60574,57.1802],[14.60585,57.18022],[14.60649,57.18041],[14.61087,57.18065],[14.61032,57.18993],[14.60857,57.19733],[14.60679,57.20438],[14.60678,57.20441],[14.61493,57.20348],[14.61643,57.2033],[14.62325,57.2038],[14.62371,57.20388],[14.62862,57.20448],[14.62897,57.20452],[14.63006,57.20486],[14.63057,57.20518],[14.63059,57.20519],[14.63214,57.20485],[14.63284,57.20473],[14.63497,57.20432],[14.63869,57.20452],[14.64374,57.20401],[14.64529,57.20384],[14.65217,57.20318],[14.65303,57.20323],[14.65404,57.20317],[14.65512,57.20309],[14.65653,57.20314],[14.65667,57.20327],[14.65647,57.20375],[14.65687,57.20447],[14.65661,57.20484],[14.65581,57.20881],[14.65629,57.20881],[14.65672,57.20876],[14.66037,57.20737],[14.66089,57.20733],[14.66129,57.20726],[14.66167,57.20714],[14.66217,57.2071],[14.66267,57.20705],[14.6634,57.20699],[14.66405,57.20708],[14.66477,57.20717],[14.66963,57.20767],[14.67006,57.20756],[14.67074,57.20758],[14.67117,57.2077],[14.67164,57.20783],[14.673,57.20776],[14.67428,57.20773],[14.67452,57.20781],[14.67736,57.20888],[14.68165,57.20942],[14.68225,57.20972],[14.68529,57.21072],[14.68722,57.21073],[14.68759,57.21085],[14.6968,57.21469],[14.69963,57.2151],[14.70067,57.2155],[14.70141,57.21574],[14.70336,57.21649],[14.70462,57.21696],[14.70523,57.21739],[14.7075,57.21791],[14.7078,57.2183],[14.7078,57.21844],[14.70792,57.21849],[14.70937,57.21888],[14.71003,57.2191],[14.71107,57.21959],[14.7115,57.2198],[14.71274,57.21993],[14.71282,57.22054],[14.71294,57.22103],[14.71311,57.22146],[14.71335,57.2219],[14.71351,57.22204],[14.71366,57.22216],[14.71476,57.22283],[14.71531,57.22327],[14.71742,57.22492],[14.71945,57.22371],[14.72395,57.22421],[14.72592,57.22488],[14.72635,57.22504],[14.72711,57.22507],[14.7286,57.2253],[14.72912,57.22521],[14.73216,57.22539],[14.73257,57.22535],[14.73346,57.22525],[14.73359,57.22524],[14.7338,57.22519],[14.73482,57.22514],[14.73524,57.22552],[14.7356,57.2256],[14.73585,57.22563],[14.73632,57.22561],[14.73654,57.22561],[14.73706,57.22566],[14.73727,57.22564],[14.74103,57.2252],[14.7412,57.2252],[14.74277,57.22555],[14.74452,57.22601],[14.74671,57.22678],[14.74737,57.22705],[14.74895,57.22762],[14.74965,57.22792],[14.75025,57.22812],[14.75058,57.22813],[14.75266,57.22775],[14.75357,57.22778],[14.75386,57.22781],[14.75569,57.22733],[14.75617,57.22714],[14.75771,57.2271],[14.75808,57.22724],[14.75943,57.2275],[14.76721,57.22648],[14.76857,57.22647],[14.76928,57.22637],[14.77001,57.22617],[14.7705,57.22611],[14.77181,57.22584],[14.77233,57.22572],[14.7729,57.22551],[14.77367,57.22495],[14.77384,57.22441],[14.7742,57.22456],[14.77648,57.2252],[14.7775,57.22545],[14.77867,57.2251],[14.77988,57.22472],[14.78083,57.22486],[14.78398,57.2251],[14.78432,57.22508],[14.78634,57.22492],[14.78706,57.22483],[14.78859,57.22479],[14.78922,57.22508],[14.78961,57.22495],[14.78967,57.22463],[14.78996,57.22458],[14.77427,57.25148],[14.80897,57.28804],[14.80639,57.3249],[14.82753,57.35162],[14.81863,57.40362],[14.76125,57.40353],[14.74844,57.44384],[14.72679,57.46491],[14.69179,57.47279],[14.69125,57.4728]]]},"properties":{"lan_code":"06","kom_namn":"Sävsjö","id":"0684","geo_point_2d":[57.32782,14.58126]}},{"type":"Feature","geometry":{"type":"Polygon","coordinates":[[[13.35695,57.98182],[13.37389,58.00214],[13.34804,58.00772],[13.30912,58.03774],[13.31186,58.05349],[13.29575,58.06531],[13.31362,58.08182],[13.25905,58.09284],[13.1991,58.08453],[13.21129,58.10108],[13.21431,58.12572],[13.18938,58.12924],[13.14497,58.11465],[13.14227,58.1141],[13.07936,58.11679],[13.02264,58.11179],[12.9869,58.10943],[12.93474,58.11246],[12.90333,58.11167],[12.90251,58.09332],[12.86325,58.09717],[12.86067,58.08233],[12.83808,58.06732],[12.87026,58.0595],[12.86874,58.04016],[12.91577,58.0407],[12.95656,58.01419],[12.98533,58.00726],[12.96481,57.99114],[12.9742,57.97516],[12.96123,57.95476],[12.94402,57.94855],[12.9302,57.92931],[12.99524,57.89934],[13.02241,57.89505],[13.10593,57.90801],[13.10598,57.90799],[13.11658,57.8895],[13.21131,57.90858],[13.23462,57.93097],[13.27405,57.95269],[13.3281,57.95174],[13.35695,57.98182]]]},"properties":{"lan_code":"14","kom_namn":"Herrljunga","id":"1466","geo_point_2d":[58.01323,13.11075]}},{"type":"Feature","geometry":{"type":"Polygon","coordinates":[[[12.1322,58.00836],[12.06084,58.02303],[12.04158,58.03099],[12.03088,58.01097],[11.99253,57.98818],[11.99323,57.96107],[11.95161,57.95324],[11.89286,57.96574],[11.85922,57.95974],[11.83082,57.96669],[11.74963,57.97283],[11.737,57.97876],[11.70976,57.95864],[11.66907,57.95074],[11.69407,57.939],[11.63896,57.9185],[11.53419,57.91708],[11.53457,57.90801],[11.45886,57.86297],[11.54529,57.82619],[11.55635,57.80653],[11.61446,57.80846],[11.64827,57.7914],[11.68136,57.78716],[11.73162,57.7711],[11.84529,57.79585],[11.89959,57.83163],[11.90359,57.84325],[11.9536,57.84829],[11.96969,57.86432],[12.01376,57.86083],[12.04319,57.9034],[12.0749,57.94144],[12.12588,57.96602],[12.1322,58.00836]]]},"properties":{"lan_code":"14","kom_namn":"Kungälv","id":"1482","geo_point_2d":[57.8904,11.80127]}},{"type":"Feature","geometry":{"type":"Polygon","coordinates":[[[15.59933,59.37325],[15.5682,59.36831],[15.52085,59.38412],[15.47603,59.38907],[15.47372,59.39779],[15.51598,59.40586],[15.47289,59.43203],[15.40654,59.42369],[15.31928,59.43285],[15.29878,59.44943],[15.27956,59.44592],[15.27275,59.48526],[15.27542,59.50537],[15.23148,59.50801],[15.2007,59.52368],[15.15007,59.50921],[15.14224,59.46723],[15.15095,59.44639],[15.069,59.43246],[15.06617,59.46623],[15.04114,59.47296],[15.0037,59.46446],[14.99894,59.42232],[14.96047,59.41429],[14.9314,59.38316],[14.89555,59.37651],[14.8324,59.37281],[14.79167,59.38684],[14.76064,59.38478],[14.7697,59.35768],[14.78997,59.33264],[14.80003,59.32188],[14.89243,59.29436],[14.92725,59.2588],[14.92715,59.24206],[14.95301,59.21522],[14.93348,59.20536],[14.94516,59.19073],[15.00188,59.2003],[15.03978,59.18799],[15.05036,59.16685],[15.09674,59.18056],[15.16083,59.17052],[15.18371,59.1821],[15.22962,59.17164],[15.29793,59.18814],[15.35858,59.17862],[15.37277,59.15436],[15.40513,59.14617],[15.40539,59.12747],[15.46716,59.08008],[15.45913,59.06091],[15.47095,59.0354],[15.46032,59.00173],[15.54336,58.97317],[15.55525,58.95652],[15.59107,58.95959],[15.62859,58.98292],[15.64158,58.97392],[15.68763,58.98197],[15.6807,58.98198],[15.67178,58.982],[15.67168,58.982],[15.65031,58.99614],[15.65122,58.99816],[15.6538,58.99925],[15.65449,58.99971],[15.65452,59.0007],[15.6546,59.00356],[15.6546,59.00456],[15.65446,59.00485],[15.6528,59.00687],[15.65201,59.00772],[15.65238,59.00923],[15.65262,59.00934],[15.65532,59.00995],[15.65599,59.01014],[15.65643,59.01046],[15.6512,59.01199],[15.65035,59.01148],[15.64965,59.0113],[15.64784,59.01153],[15.64753,59.01178],[15.64575,59.01274],[15.64481,59.01286],[15.64157,59.0128],[15.6406,59.0127],[15.64025,59.01266],[15.63995,59.0126],[15.63872,59.01231],[15.63806,59.01212],[15.63803,59.01211],[15.63758,59.01199],[15.63607,59.01141],[15.63462,59.01118],[15.63112,59.01128],[15.6308,59.01139],[15.62631,59.01318],[15.62163,59.01542],[15.62138,59.01556],[15.62119,59.01568],[15.62121,59.01577],[15.62075,59.01669],[15.62082,59.01688],[15.62081,59.01697],[15.62058,59.01747],[15.62044,59.01761],[15.6203,59.01776],[15.62011,59.01789],[15.61986,59.01798],[15.61986,59.01811],[15.61995,59.01823],[15.61979,59.01856],[15.61988,59.01864],[15.62065,59.0191],[15.62071,59.01932],[15.62071,59.0195],[15.62066,59.01976],[15.6207,59.01995],[15.62066,59.02007],[15.62043,59.02029],[15.62024,59.02039],[15.62007,59.02058],[15.61918,59.0217],[15.61904,59.02179],[15.61866,59.02205],[15.61857,59.02227],[15.61834,59.02234],[15.61784,59.0222],[15.61735,59.02327],[15.61747,59.02347],[15.61773,59.02367],[15.61806,59.02374],[15.61843,59.0238],[15.61879,59.02393],[15.61891,59.02424],[15.61905,59.02439],[15.62003,59.02468],[15.62095,59.0248],[15.6217,59.0249],[15.62346,59.02513],[15.62405,59.02518],[15.62457,59.02522],[15.62537,59.02462],[15.62968,59.02819],[15.63103,59.02874],[15.63287,59.0295],[15.63291,59.02958],[15.6334,59.03127],[15.6395,59.0326],[15.64098,59.03453],[15.63348,59.03533],[15.63858,59.04796],[15.64153,59.04854],[15.64196,59.04897],[15.64256,59.04922],[15.64255,59.04983],[15.63953,59.05303],[15.64008,59.05396],[15.63991,59.05411],[15.65782,59.05972],[15.65855,59.05995],[15.67191,59.06414],[15.67203,59.06415],[15.69089,59.06811],[15.69865,59.07143],[15.70121,59.07247],[15.71349,59.08146],[15.71562,59.08433],[15.70954,59.08777],[15.70779,59.0887],[15.70417,59.09225],[15.70357,59.09247],[15.70108,59.09445],[15.70102,59.09496],[15.70117,59.09504],[15.70574,59.10018],[15.70727,59.10101],[15.71266,59.1016],[15.71429,59.102],[15.7147,59.102],[15.71663,59.10175],[15.71712,59.10174],[15.71716,59.10186],[15.71791,59.10198],[15.72,59.10269],[15.72065,59.10288],[15.72933,59.10542],[15.75561,59.1058],[15.75726,59.10547],[15.7599,59.10494],[15.76893,59.10622],[15.77037,59.10643],[15.77304,59.10578],[15.7763,59.10439],[15.78178,59.10557],[15.78366,59.10623],[15.7895,59.11531],[15.79038,59.11636],[15.79083,59.11679],[15.79234,59.11688],[15.79084,59.12137],[15.79762,59.12287],[15.7926,59.12836],[15.79213,59.12885],[15.79202,59.12897],[15.79162,59.1294],[15.79028,59.13083],[15.78996,59.13117],[15.78788,59.13345],[15.78782,59.13422],[15.78779,59.13502],[15.78778,59.13533],[15.78778,59.1354],[15.78773,59.13663],[15.78792,59.13692],[15.76909,59.18372],[15.76204,59.19792],[15.79817,59.23053],[15.72654,59.2234],[15.69168,59.27053],[15.6077,59.28873],[15.63477,59.32211],[15.59933,59.37325]]]},"properties":{"lan_code":"18","kom_namn":"Örebro","id":"1880","geo_point_2d":[59.26375,15.33131]}},{"type":"Feature","geometry":{"type":"Polygon","coordinates":[[[21.27413,66.27859],[21.17801,66.38364],[20.96151,66.62246],[20.80202,66.67648],[20.63262,66.73594],[20.29058,66.82928],[19.8312,66.97531],[19.78415,67.04373],[19.66209,67.0946],[19.51016,67.14563],[19.31301,67.15419],[19.0898,67.27911],[18.98975,67.30404],[18.92463,67.30671],[18.89372,67.32826],[18.8783,67.35234],[18.78263,67.38562],[18.70353,67.40509],[18.63439,67.39686],[18.57294,67.41044],[18.5059,67.40079],[18.43754,67.41887],[18.36049,67.45779],[18.33988,67.48011],[18.25788,67.49777],[18.20676,67.52348],[18.14592,67.56111],[18.10474,67.57305],[17.96968,67.58603],[17.90142,67.5868],[17.86152,67.61179],[17.74853,67.63486],[17.62877,67.64286],[17.5785,67.6574],[17.45129,67.6763],[17.43408,67.6936],[17.43287,67.71407],[17.36524,67.71778],[17.30024,67.73331],[17.29018,67.74897],[17.2524,67.77444],[17.15426,67.80592],[17.09102,67.80262],[17.01422,67.82404],[16.97814,67.84452],[16.90152,67.86421],[16.8621,67.88035],[16.73262,67.90582],[16.67888,67.82445],[16.55628,67.64718],[16.49496,67.59441],[16.40764,67.53411],[16.158,67.51915],[16.08981,67.43527],[16.32996,67.26204],[16.40407,67.20497],[16.40247,67.19043],[16.71344,67.08915],[17.06424,66.99851],[17.40486,66.85494],[17.64018,66.72514],[18.06684,66.66207],[18.13756,66.65065],[18.3123,66.604],[18.69145,66.51401],[18.78343,66.39294],[18.73941,66.30154],[19.0321,66.17521],[19.07666,66.14531],[19.11615,66.12974],[19.10479,66.11955],[19.1949,66.09661],[19.27459,66.0956],[19.34161,66.08229],[19.38323,66.05669],[19.42919,66.04557],[19.50095,66.04205],[19.63474,66.04541],[19.77306,66.02473],[19.82173,66.01246],[19.90423,66.01535],[20.0231,65.96964],[20.04114,65.94722],[20.16854,65.92794],[20.20493,65.90918],[20.36199,66.01433],[20.60226,66.21868],[20.77221,66.35786],[20.99805,66.39264],[21.27413,66.27859]]]},"properties":{"lan_code":"25","kom_namn":"Jokkmokk","id":"2510","geo_point_2d":[66.89779,18.64962]}},{"type":"Feature","geometry":{"type":"Polygon","coordinates":[[[23.88921,66.90723],[23.25318,66.97379],[23.41941,66.68571],[23.04647,66.66223],[23.03173,66.65847],[23.05376,66.65382],[23.08283,66.54129],[23.11161,66.44022],[23.12047,66.41979],[23.11135,66.40414],[23.1614,66.363],[23.19332,66.36875],[23.21694,66.34707],[23.13807,66.33348],[23.17585,66.2886],[23.23447,66.23977],[23.23838,66.18809],[23.22588,66.15994],[23.20392,66.10556],[23.27646,66.07224],[23.29868,66.07069],[23.35853,66.05256],[23.6596,66.11969],[23.68303,66.09822],[23.77473,66.11268],[23.75005,66.13933],[23.87885,66.16581],[23.83224,66.17007],[23.78798,66.18639],[23.73261,66.19377],[23.72603,66.21328],[23.70183,66.22091],[23.70152,66.24186],[23.66684,66.261],[23.67202,66.27471],[23.64578,66.30152],[23.65784,66.32004],[23.65719,66.34959],[23.68922,66.38753],[23.66796,66.39779],[23.64283,66.42491],[23.64997,66.45468],[23.68804,66.47334],[23.71984,66.47724],[23.71414,66.49227],[23.79536,66.51742],[23.78595,66.5363],[23.85796,66.55787],[23.87825,66.58297],[23.88517,66.61539],[23.86467,66.65482],[23.88674,66.67523],[23.89508,66.71123],[23.90779,66.72117],[23.87656,66.75349],[23.91057,66.77022],[23.90766,66.79331],[23.95883,66.78232],[23.98282,66.79011],[23.99526,66.82177],[23.93629,66.88353],[23.88921,66.90723]]]},"properties":{"lan_code":"25","kom_namn":"Övertorneå","id":"2518","geo_point_2d":[66.52992,23.49884]}},{"type":"Feature","geometry":{"type":"Polygon","coordinates":[[[15.12815,57.72022],[15.08974,57.73894],[15.01295,57.74296],[14.96925,57.75205],[14.92486,57.73923],[14.90748,57.70535],[14.88291,57.67852],[14.84465,57.66027],[14.84655,57.64698],[14.81571,57.61802],[14.78827,57.60677],[14.84404,57.5899],[14.85953,57.59295],[14.93145,57.58235],[14.95406,57.57071],[14.9501,57.54821],[14.99168,57.53573],[15.02273,57.54381],[15.0699,57.51735],[15.11818,57.50758],[15.14463,57.50837],[15.22047,57.52554],[15.27116,57.50812],[15.31003,57.51498],[15.36705,57.49624],[15.40354,57.51136],[15.44267,57.50841],[15.44421,57.51876],[15.47675,57.53828],[15.51174,57.53356],[15.49492,57.55731],[15.51551,57.56188],[15.57652,57.54789],[15.57655,57.54795],[15.58941,57.55903],[15.59326,57.56109],[15.59991,57.56347],[15.60183,57.56474],[15.61216,57.57469],[15.61955,57.57959],[15.63085,57.59225],[15.63087,57.59309],[15.63707,57.59115],[15.66567,57.59929],[15.63231,57.60423],[15.60756,57.61857],[15.60624,57.61903],[15.6054,57.61955],[15.60381,57.61983],[15.59833,57.62292],[15.59814,57.62301],[15.59042,57.63274],[15.59033,57.63277],[15.58716,57.63366],[15.58699,57.63393],[15.5607,57.64288],[15.56044,57.64301],[15.5379,57.65046],[15.53781,57.65062],[15.53084,57.65391],[15.53001,57.65391],[15.52521,57.65611],[15.52495,57.65616],[15.50521,57.6612],[15.50504,57.66113],[15.46631,57.67771],[15.46624,57.67786],[15.46249,57.67863],[15.46181,57.67861],[15.43861,57.68573],[15.43883,57.68607],[15.42146,57.70473],[15.3565,57.70664],[15.32568,57.70122],[15.3118,57.70726],[15.25682,57.70622],[15.20427,57.71041],[15.1549,57.70613],[15.12815,57.72022]]]},"properties":{"lan_code":"06","kom_namn":"Eksjö","id":"0686","geo_point_2d":[57.61902,15.20933]}},{"type":"Feature","geometry":{"type":"Polygon","coordinates":[[[13.27185,56.21545],[13.23315,56.21787],[13.22056,56.19997],[13.17845,56.19757],[13.14636,56.2223],[13.12059,56.23153],[13.07992,56.21331],[13.00303,56.20797],[13.01255,56.18736],[13.03241,56.17227],[13.07543,56.15308],[13.09442,56.13337],[13.09464,56.13321],[13.10516,56.12462],[13.08603,56.10371],[13.09785,56.08844],[13.16423,56.06637],[13.18825,56.04245],[13.1896,56.04143],[13.18163,56.03366],[13.22638,56.0239],[13.29937,56.02444],[13.31197,56.02994],[13.34019,56.01447],[13.33604,56.00671],[13.3808,56.00099],[13.39092,56.01093],[13.42576,56.00914],[13.44459,56.02088],[13.47504,56.05974],[13.49558,56.05516],[13.51307,56.06861],[13.52251,56.08868],[13.48897,56.08086],[13.42782,56.10044],[13.40888,56.1005],[13.36553,56.11904],[13.30894,56.12868],[13.3059,56.12832],[13.28999,56.14702],[13.30934,56.15889],[13.30301,56.17137],[13.26511,56.18356],[13.27841,56.19549],[13.27185,56.21545]]]},"properties":{"lan_code":"12","kom_namn":"Klippan","id":"1276","geo_point_2d":[56.11181,13.24645]}},{"type":"Feature","geometry":{"type":"Polygon","coordinates":[[[12.89086,56.45377],[12.85863,56.44104],[12.81667,56.44482],[12.78571,56.45738],[12.70417,56.48277],[12.6124,56.43477],[12.54752,56.46047],[12.51727,56.43763],[12.62157,56.39684],[12.62485,56.38706],[12.74529,56.32045],[12.7818,56.31936],[12.83868,56.336],[12.85939,56.33616],[12.87027,56.35608],[12.89371,56.36752],[12.91983,56.36346],[12.94981,56.36932],[12.96576,56.4277],[12.94095,56.43951],[12.89086,56.45377]]]},"properties":{"lan_code":"12","kom_namn":"Båstad","id":"1278","geo_point_2d":[56.40287,12.76673]}},{"type":"Feature","geometry":{"type":"Polygon","coordinates":[[[12.76427,56.23308],[12.71869,56.24039],[12.70503,56.23342],[12.66634,56.26115],[12.51501,56.30457],[12.44634,56.31303],[12.42789,56.3057],[12.43524,56.29219],[12.47055,56.28216],[12.52045,56.23927],[12.52867,56.19746],[12.54183,56.19045],[12.56373,56.14155],[12.58348,56.13597],[12.62903,56.15043],[12.68006,56.14671],[12.67885,56.1701],[12.72878,56.18554],[12.73449,56.19627],[12.76997,56.22483],[12.76427,56.23308]]]},"properties":{"lan_code":"12","kom_namn":"Höganäs","id":"1284","geo_point_2d":[56.22425,12.60426]}},{"type":"Feature","geometry":{"type":"Polygon","coordinates":[[[11.98318,58.14994],[11.92531,58.15236],[11.91305,58.1572],[11.85331,58.16024],[11.83293,58.12686],[11.83476,58.12245],[11.82344,58.11462],[11.78665,58.12049],[11.7484,58.10569],[11.76828,58.0718],[11.79213,58.04866],[11.77643,58.00804],[11.737,57.97876],[11.74963,57.97283],[11.83082,57.96669],[11.85922,57.95974],[11.89286,57.96574],[11.95161,57.95324],[11.99323,57.96107],[11.99253,57.98818],[12.03088,58.01097],[12.04158,58.03099],[12.04664,58.0588],[12.04453,58.09339],[12.03605,58.12116],[11.99167,58.13502],[11.98318,58.14994]]]},"properties":{"lan_code":"14","kom_namn":"Stenungsund","id":"1415","geo_point_2d":[58.05485,11.90268]}},{"type":"Feature","geometry":{"type":"Polygon","coordinates":[[[12.71523,57.56416],[12.66095,57.56599],[12.63465,57.57885],[12.63404,57.59475],[12.65384,57.60308],[12.65724,57.62387],[12.63293,57.64174],[12.59585,57.62225],[12.56217,57.61984],[12.52211,57.62073],[12.4846,57.61489],[12.46014,57.60497],[12.42075,57.61811],[12.37451,57.61302],[12.35539,57.63501],[12.30601,57.61158],[12.27332,57.60583],[12.2772,57.59745],[12.28309,57.59143],[12.28805,57.5894],[12.2926,57.58755],[12.29327,57.58727],[12.34095,57.56172],[12.33758,57.55843],[12.33571,57.5566],[12.31157,57.52098],[12.34437,57.48642],[12.33408,57.47484],[12.32397,57.46313],[12.33766,57.45106],[12.37648,57.44928],[12.40228,57.43624],[12.4073,57.41106],[12.41944,57.40065],[12.39605,57.38116],[12.38698,57.35153],[12.39749,57.32866],[12.39977,57.32764],[12.43221,57.31505],[12.42151,57.30689],[12.42283,57.30637],[12.43022,57.26936],[12.50458,57.28105],[12.52953,57.3027],[12.53723,57.31949],[12.55877,57.32116],[12.60922,57.34667],[12.63905,57.33172],[12.65526,57.34138],[12.7055,57.32355],[12.70293,57.314],[12.73792,57.30244],[12.76281,57.27341],[12.80754,57.30111],[12.81301,57.32156],[12.84691,57.3299],[12.874,57.34968],[12.86992,57.38379],[12.89342,57.4029],[12.87399,57.42864],[12.88783,57.44175],[12.83981,57.46019],[12.93404,57.53909],[12.95742,57.5674],[12.91997,57.57303],[12.86979,57.55674],[12.81249,57.58824],[12.7914,57.58882],[12.79115,57.5888],[12.72276,57.56242],[12.71523,57.56416]]]},"properties":{"lan_code":"14","kom_namn":"Mark","id":"1463","geo_point_2d":[57.46421,12.6068]}},{"type":"Feature","geometry":{"type":"Polygon","coordinates":[[[16.25127,62.23453],[16.15731,62.24281],[16.09154,62.25033],[16.09114,62.25037],[16.01335,62.25921],[16.17412,62.21387],[16.37897,62.15195],[16.63915,62.07025],[16.71142,62.04942],[16.73973,62.01885],[16.79318,61.97682],[16.88135,61.95115],[16.85573,61.93767],[16.94902,61.8821],[16.97305,61.8438],[16.99963,61.84559],[17.02885,61.83301],[17.07541,61.83255],[17.13948,61.85724],[17.2086,61.86296],[17.20791,61.87076],[17.30077,61.85623],[17.31393,61.84898],[17.36372,61.85152],[17.44748,61.85008],[17.45129,61.89596],[17.55239,61.94262],[17.65832,61.99738],[17.72543,62.11686],[17.52791,62.13261],[17.35541,62.15291],[17.35105,62.15341],[17.33677,62.15506],[17.33649,62.15509],[17.30677,62.15597],[17.29346,62.15485],[17.26117,62.15214],[17.25682,62.15177],[17.2164,62.15024],[17.20705,62.16122],[17.17034,62.16251],[17.16826,62.16258],[17.1604,62.16299],[17.16035,62.16313],[17.14574,62.15693],[17.09813,62.15657],[17.09792,62.15661],[17.05223,62.16208],[17.03273,62.16002],[16.96184,62.16294],[16.95636,62.16396],[16.92653,62.16953],[16.89776,62.17491],[16.80141,62.20283],[16.7032,62.20908],[16.69262,62.20981],[16.63268,62.21424],[16.578,62.22342],[16.57513,62.2239],[16.52137,62.23293],[16.52093,62.23301],[16.43534,62.23619],[16.38205,62.23576],[16.28062,62.23485],[16.25127,62.23453]]]},"properties":{"lan_code":"21","kom_namn":"Nordanstig","id":"2132","geo_point_2d":[62.0513,17.05597]}},{"type":"Feature","geometry":{"type":"Polygon","coordinates":[[[15.81543,58.2061],[15.76718,58.20476],[15.74251,58.18679],[15.68872,58.16555],[15.65009,58.15886],[15.65222,58.17911],[15.59266,58.1877],[15.55773,58.19824],[15.55301,58.14296],[15.51563,58.1204],[15.51105,58.09322],[15.49533,58.07971],[15.45185,58.07263],[15.43499,58.08789],[15.41372,58.06613],[15.37899,58.06327],[15.36745,58.04639],[15.37524,58.01492],[15.36808,57.9712],[15.42275,57.95775],[15.41206,57.91644],[15.41936,57.8864],[15.45886,57.88469],[15.45971,57.87003],[15.48497,57.86611],[15.53492,57.84651],[15.51434,57.81907],[15.54235,57.79017],[15.54388,57.79078],[15.54396,57.79083],[15.59707,57.81838],[15.6061,57.83168],[15.59909,57.85366],[15.63953,57.84893],[15.65483,57.85537],[15.65694,57.85605],[15.71343,57.85607],[15.75667,57.8509],[15.75691,57.85091],[15.77728,57.84603],[15.78159,57.84385],[15.78945,57.83986],[15.82234,57.81656],[15.85365,57.82873],[15.89859,57.82656],[15.91194,57.8165],[15.91274,57.81619],[15.91907,57.81366],[15.92174,57.8126],[15.92355,57.81149],[15.92435,57.81098],[15.9279,57.80908],[15.93172,57.80773],[15.94417,57.80331],[15.95127,57.81288],[15.96453,57.82332],[15.96555,57.82382],[15.9735,57.82766],[15.98659,57.83417],[16.02522,57.85783],[16.02785,57.85929],[16.03529,57.86272],[16.04564,57.86664],[16.06244,57.87334],[16.05191,57.91204],[16.02936,57.92121],[16.0245,57.93577],[16.02224,57.93942],[16.03214,57.95695],[16.03694,57.95899],[16.06767,57.97079],[16.07244,57.97354],[16.02472,58.01106],[15.99549,58.02197],[15.99691,58.0362],[16.01609,58.06073],[15.98834,58.07408],[16.01452,58.08557],[16.0389,58.10134],[15.97994,58.11493],[15.96897,58.1404],[15.91855,58.16287],[15.89832,58.16382],[15.87961,58.18888],[15.8617,58.19697],[15.81897,58.19666],[15.81543,58.2061]]]},"properties":{"lan_code":"05","kom_namn":"Kinda","id":"0513","geo_point_2d":[57.99918,15.73014]}},{"type":"Feature","geometry":{"type":"Polygon","coordinates":[[[13.79224,58.05525],[13.79174,58.05543],[13.79085,58.05561],[13.78107,58.05194],[13.78086,58.05178],[13.7694,58.0292],[13.77177,58.02422],[13.77209,58.01992],[13.77308,58.01811],[13.77373,58.00644],[13.74879,57.9938],[13.71337,57.98745],[13.72182,57.98469],[13.7213,57.98273],[13.7204,57.98179],[13.72031,57.97685],[13.70108,57.97673],[13.71546,57.95954],[13.71693,57.95664],[13.72905,57.93127],[13.75644,57.94082],[13.78927,57.92214],[13.79057,57.90639],[13.76042,57.89144],[13.76636,57.87843],[13.74218,57.86533],[13.73166,57.84544],[13.85757,57.82963],[13.86426,57.851],[13.87071,57.86425],[13.85598,57.89407],[13.88474,57.89488],[13.90131,57.91649],[13.92184,57.92743],[13.90628,57.96811],[13.92997,58.00878],[13.96268,58.00787],[13.9607,58.00991],[13.95711,58.0177],[13.95401,58.02442],[13.95348,58.02556],[13.95289,58.02675],[13.95283,58.02697],[13.95259,58.02743],[13.95241,58.02767],[13.95234,58.02797],[13.95238,58.02867],[13.95233,58.02897],[13.95241,58.02914],[13.95244,58.02928],[13.95258,58.02946],[13.9527,58.02977],[13.95266,58.03017],[13.95269,58.03033],[13.95238,58.03048],[13.9517,58.03117],[13.95167,58.03132],[13.95149,58.03141],[13.95118,58.0315],[13.95066,58.03151],[13.95031,58.03177],[13.94981,58.0322],[13.94982,58.03241],[13.9499,58.03279],[13.94985,58.03293],[13.95,58.03312],[13.95001,58.03325],[13.94988,58.03358],[13.94953,58.03381],[13.94939,58.03408],[13.94889,58.03426],[13.94847,58.03435],[13.94795,58.03433],[13.94749,58.03425],[13.94715,58.03406],[13.94624,58.0339],[13.9455,58.03399],[13.94545,58.03409],[13.94535,58.03421],[13.94472,58.0347],[13.94432,58.03473],[13.94382,58.03493],[13.94354,58.03517],[13.94183,58.03534],[13.94135,58.0353],[13.9409,58.03518],[13.94082,58.03513],[13.94029,58.03489],[13.94021,58.03481],[13.93971,58.03475],[13.92887,58.03667],[13.92857,58.03669],[13.92838,58.0368],[13.92828,58.03691],[13.92819,58.03704],[13.92814,58.03715],[13.92811,58.03736],[13.92797,58.03754],[13.92779,58.03772],[13.92762,58.03798],[13.9277,58.03837],[13.92764,58.03849],[13.92727,58.03873],[13.92677,58.03887],[13.9262,58.039],[13.92585,58.03894],[13.92504,58.03909],[13.92457,58.03918],[13.92409,58.03937],[13.92366,58.03949],[13.92326,58.03952],[13.92295,58.03956],[13.92182,58.03996],[13.92089,58.04045],[13.90261,58.04273],[13.90237,58.04277],[13.90211,58.04285],[13.90191,58.04294],[13.90166,58.04313],[13.90067,58.04339],[13.90012,58.04358],[13.89932,58.04393],[13.89856,58.04419],[13.89807,58.04439],[13.8968,58.04453],[13.89572,58.0447],[13.89535,58.04472],[13.89513,58.04471],[13.89455,58.04474],[13.89372,58.04469],[13.8918,58.04462],[13.89103,58.04463],[13.88867,58.0449],[13.8882,58.04509],[13.88777,58.04523],[13.88613,58.04539],[13.88582,58.04544],[13.88473,58.04566],[13.88396,58.04579],[13.88241,58.04603],[13.88139,58.04622],[13.88039,58.04627],[13.87993,58.04632],[13.87944,58.0464],[13.87887,58.0465],[13.87858,58.04661],[13.8774,58.04695],[13.87678,58.04706],[13.87575,58.04714],[13.87526,58.04713],[13.87488,58.04724],[13.87417,58.04741],[13.87398,58.04742],[13.87336,58.04741],[13.87298,58.0475],[13.87225,58.04771],[13.87146,58.04768],[13.87045,58.04782],[13.86917,58.04825],[13.86893,58.04835],[13.86878,58.04851],[13.86884,58.04875],[13.86909,58.04897],[13.86934,58.04914],[13.86951,58.04921],[13.86978,58.04953],[13.86993,58.04982],[13.86995,58.04995],[13.86979,58.05033],[13.86953,58.05087],[13.86839,58.05095],[13.86621,58.04981],[13.86577,58.04931],[13.86748,58.04683],[13.8669,58.0462],[13.8667,58.04598],[13.8666,58.04581],[13.86678,58.04554],[13.86691,58.04541],[13.86691,58.04529],[13.86682,58.04521],[13.86667,58.04515],[13.86656,58.04513],[13.86632,58.04512],[13.86612,58.04515],[13.86591,58.04519],[13.86568,58.04517],[13.86539,58.04513],[13.86526,58.04501],[13.86514,58.0449],[13.86502,58.04475],[13.86515,58.04455],[13.86532,58.04449],[13.86551,58.04445],[13.86567,58.04443],[13.8658,58.04443],[13.8661,58.04438],[13.86627,58.04348],[13.86654,58.04329],[13.86659,58.04321],[13.86685,58.04295],[13.86691,58.04283],[13.86695,58.0425],[13.86542,58.04139],[13.86523,58.0412],[13.86458,58.04129],[13.86369,58.04148],[13.86331,58.04151],[13.86284,58.04154],[13.86114,58.04132],[13.8608,58.04134],[13.85961,58.04156],[13.8405,58.04529],[13.82256,58.05],[13.81337,58.05292],[13.80615,58.05521],[13.80501,58.05553],[13.805,58.05504],[13.80469,58.05438],[13.80454,58.05406],[13.8045,58.05322],[13.80471,58.05248],[13.8035,58.05274],[13.8036,58.05184],[13.80342,58.05113],[13.80277,58.05042],[13.80271,58.05013],[13.80274,58.05004],[13.80259,58.04977],[13.80247,58.04961],[13.80196,58.04944],[13.8011,58.04938],[13.80073,58.04926],[13.79966,58.04877],[13.79894,58.04846],[13.79867,58.04837],[13.79803,58.04824],[13.79741,58.04822],[13.7916,58.04768],[13.79624,58.05408],[13.79361,58.05541],[13.79224,58.05525]]]},"properties":{"lan_code":"06","kom_namn":"Mullsjö","id":"0642","geo_point_2d":[57.95312,13.8281]}},{"type":"Feature","geometry":{"type":"Polygon","coordinates":[[[16.31376,57.5242],[16.28545,57.53436],[16.25938,57.56966],[16.20904,57.60507],[16.2389,57.61181],[16.21222,57.63018],[16.14505,57.614],[16.12843,57.63367],[16.11714,57.67989],[16.17791,57.69245],[16.16396,57.7567],[16.13287,57.7716],[16.14301,57.78434],[16.11691,57.80912],[16.1221,57.83491],[16.09277,57.848],[16.08273,57.87578],[16.06244,57.87334],[16.04564,57.86664],[16.03529,57.86272],[16.02785,57.85929],[16.02522,57.85783],[15.98659,57.83417],[15.9735,57.82766],[15.96555,57.82382],[15.96453,57.82332],[15.95127,57.81288],[15.94417,57.80331],[15.93172,57.80773],[15.9279,57.80908],[15.92435,57.81098],[15.92355,57.81149],[15.92174,57.8126],[15.91907,57.81366],[15.91274,57.81619],[15.91194,57.8165],[15.89859,57.82656],[15.85365,57.82873],[15.82234,57.81656],[15.78945,57.83986],[15.78159,57.84385],[15.77728,57.84603],[15.75691,57.85091],[15.75667,57.8509],[15.71343,57.85607],[15.65694,57.85605],[15.65483,57.85537],[15.63953,57.84893],[15.59909,57.85366],[15.6061,57.83168],[15.59707,57.81838],[15.54396,57.79083],[15.54388,57.79078],[15.54235,57.79017],[15.54237,57.79012],[15.54228,57.7899],[15.54289,57.78858],[15.54334,57.78843],[15.55421,57.7726],[15.54483,57.77116],[15.54495,57.77132],[15.5252,57.76271],[15.48129,57.7595],[15.43404,57.74303],[15.43439,57.74295],[15.45248,57.73235],[15.43734,57.71157],[15.43019,57.7075],[15.42146,57.70473],[15.43883,57.68607],[15.43861,57.68573],[15.46181,57.67861],[15.46249,57.67863],[15.46624,57.67786],[15.46631,57.67771],[15.50504,57.66113],[15.50521,57.6612],[15.52495,57.65616],[15.52521,57.65611],[15.53001,57.65391],[15.53084,57.65391],[15.53781,57.65062],[15.5379,57.65046],[15.56044,57.64301],[15.5607,57.64288],[15.58699,57.63393],[15.58716,57.63366],[15.59033,57.63277],[15.59042,57.63274],[15.59814,57.62301],[15.59833,57.62292],[15.60381,57.61983],[15.6054,57.61955],[15.60624,57.61903],[15.60756,57.61857],[15.63231,57.60423],[15.66567,57.59929],[15.69172,57.58748],[15.70119,57.57397],[15.7488,57.58271],[15.78093,57.56224],[15.81629,57.53223],[15.84333,57.53477],[15.85402,57.55855],[15.89311,57.5552],[15.9952,57.58774],[16.03435,57.54795],[16.06442,57.52835],[16.10484,57.52341],[16.14415,57.50242],[16.17777,57.50456],[16.209,57.48338],[16.2508,57.5053],[16.31314,57.51287],[16.31376,57.5242]]]},"properties":{"lan_code":"08","kom_namn":"Vimmerby","id":"0884","geo_point_2d":[57.69132,15.87215]}},{"type":"Feature","geometry":{"type":"Polygon","coordinates":[[[11.73162,57.7711],[11.68136,57.78716],[11.64827,57.7914],[11.61446,57.80846],[11.55635,57.80653],[11.60001,57.65206],[11.6636,57.64744],[11.69605,57.65472],[11.70423,57.66516],[11.69094,57.70254],[11.69829,57.72173],[11.73162,57.7711]]]},"properties":{"lan_code":"14","kom_namn":"Öckerö","id":"1407","geo_point_2d":[57.73103,11.63967]}},{"type":"Feature","geometry":{"type":"Polygon","coordinates":[[[12.43372,58.09522],[12.42656,58.10891],[12.37552,58.11731],[12.35253,58.10884],[12.34133,58.09003],[12.25492,58.05118],[12.22955,58.02403],[12.1322,58.00836],[12.12588,57.96602],[12.0749,57.94144],[12.04319,57.9034],[12.01376,57.86083],[12.00745,57.85255],[12.01403,57.81324],[12.04368,57.83495],[12.13755,57.866],[12.14605,57.86477],[12.24675,57.88381],[12.29966,57.89641],[12.29673,57.92441],[12.31242,57.96569],[12.35228,57.9789],[12.37397,57.99278],[12.41313,57.98743],[12.41551,58.03644],[12.42212,58.04384],[12.41893,58.0654],[12.43372,58.09522]]]},"properties":{"lan_code":"14","kom_namn":"Ale","id":"1440","geo_point_2d":[57.9667,12.23015]}},{"type":"Feature","geometry":{"type":"Polygon","coordinates":[[[15.35858,59.17862],[15.29793,59.18814],[15.22962,59.17164],[15.18371,59.1821],[15.16083,59.17052],[15.09674,59.18056],[15.05036,59.16685],[15.05486,59.15224],[15.04306,59.13597],[14.99332,59.12575],[14.96079,59.12757],[14.93783,59.11463],[14.92279,59.08472],[14.93678,59.07328],[14.97937,59.07777],[14.98811,59.05747],[15.02154,59.04717],[15.0337,59.06479],[15.06057,59.06823],[15.08058,59.08543],[15.13662,59.07227],[15.16136,59.08808],[15.18462,59.09022],[15.27794,59.08645],[15.26808,59.10206],[15.29969,59.10874],[15.2981,59.13091],[15.31962,59.15328],[15.35858,59.17862]]]},"properties":{"lan_code":"18","kom_namn":"Kumla","id":"1881","geo_point_2d":[59.12423,15.13944]}},{"type":"Feature","geometry":{"type":"Polygon","coordinates":[[[14.67352,61.48922],[14.65586,61.50109],[14.67482,61.52707],[14.65518,61.56279],[14.67582,61.5753],[14.6766,61.59132],[14.44665,61.59468],[14.41777,61.57747],[14.41324,61.57482],[14.39458,61.56391],[14.32624,61.53447],[14.30404,61.50048],[14.30739,61.47106],[14.32085,61.42781],[14.36282,61.39209],[14.39762,61.30025],[14.45305,61.25065],[14.51113,61.18199],[14.53935,61.12985],[14.57205,61.06028],[14.59192,61.06162],[14.65799,61.05242],[14.7165,61.04974],[14.81073,61.05383],[14.94543,61.05399],[15.04155,61.05925],[15.08138,61.15454],[15.06122,61.17613],[15.01474,61.18849],[15.06461,61.37207],[15.09322,61.48412],[14.97794,61.49127],[14.94837,61.48947],[14.90091,61.49654],[14.82432,61.49225],[14.79712,61.49504],[14.79552,61.49485],[14.71876,61.49008],[14.71862,61.48998],[14.70114,61.49099],[14.70022,61.49089],[14.69251,61.49024],[14.69138,61.49044],[14.67369,61.48901],[14.67352,61.48922]]]},"properties":{"lan_code":"20","kom_namn":"Orsa","id":"2034","geo_point_2d":[61.31814,14.71621]}},{"type":"Feature","geometry":{"type":"Polygon","coordinates":[[[15.37684,60.27612],[15.29309,60.27741],[15.25809,60.28683],[15.23626,60.27974],[15.2307,60.27228],[15.24382,60.21974],[15.24519,60.18935],[15.23814,60.16287],[15.22173,60.14302],[15.2397,60.13182],[15.22249,60.10486],[15.16615,60.06944],[15.13646,60.044],[15.12546,60.00842],[15.1749,60.00417],[15.17782,60.00392],[15.20542,60.00178],[15.22843,59.97613],[15.28132,59.94166],[15.30883,59.9235],[15.31165,59.92163],[15.33135,59.90863],[15.36023,59.88087],[15.36045,59.88054],[15.3792,59.87753],[15.42224,59.85415],[15.43852,59.87118],[15.44574,59.87885],[15.47975,59.91063],[15.47938,59.91423],[15.49297,59.93604],[15.53123,59.95716],[15.60198,59.94806],[15.62589,59.93587],[15.68175,59.93792],[15.71954,59.97373],[15.7135,59.98522],[15.71366,59.98631],[15.71441,60.00015],[15.70625,60.00654],[15.70301,60.01089],[15.70155,60.01275],[15.69983,60.01341],[15.69918,60.01394],[15.69877,60.01426],[15.6986,60.01536],[15.73089,60.02301],[15.73115,60.0281],[15.73127,60.02849],[15.69491,60.03546],[15.7225,60.06408],[15.72252,60.06423],[15.72291,60.06936],[15.72294,60.06947],[15.71768,60.08179],[15.71608,60.08171],[15.72525,60.09922],[15.75994,60.11571],[15.765,60.13063],[15.7265,60.13787],[15.72537,60.14491],[15.77595,60.15288],[15.7907,60.16298],[15.80142,60.17748],[15.65726,60.21878],[15.56449,60.24066],[15.49498,60.25395],[15.48457,60.27079],[15.42858,60.26915],[15.37684,60.27612]]]},"properties":{"lan_code":"20","kom_namn":"Smedjebacken","id":"2061","geo_point_2d":[60.08807,15.45489]}},{"type":"Feature","geometry":{"type":"MultiPolygon","coordinates":[[[[15.3655,60.83088],[15.35178,60.81715],[15.38192,60.79876],[15.41121,60.80835],[15.41755,60.8242],[15.3655,60.83088]]],[[[15.61965,60.86225],[15.59673,60.88056],[15.58108,60.86522],[15.61965,60.86225]]],[[[16.2287,60.89125],[16.19748,60.92351],[16.17474,60.94693],[16.13101,60.99214],[15.92135,61.00766],[15.76196,61.04964],[15.705,61.0542],[15.6788,61.04367],[15.67718,60.98411],[15.62927,60.92627],[15.63154,60.88089],[15.66026,60.85906],[15.63706,60.84987],[15.62528,60.8421],[15.45901,60.7945],[15.37986,60.79541],[15.32837,60.75201],[15.35852,60.74045],[15.28953,60.73652],[15.26427,60.71549],[15.31432,60.70495],[15.34944,60.71154],[15.39652,60.70777],[15.42194,60.68317],[15.40212,60.66188],[15.33324,60.63945],[15.34728,60.61655],[15.40503,60.59022],[15.37212,60.57575],[15.40879,60.55262],[15.49205,60.53411],[15.50874,60.52225],[15.54146,60.52572],[15.55597,60.53923],[15.63497,60.5268],[15.64961,60.51507],[15.66182,60.47319],[15.7042,60.4538],[15.73287,60.4524],[15.81116,60.4694],[15.86544,60.4996],[15.87951,60.51508],[15.92032,60.53285],[15.97951,60.58484],[16.13649,60.61031],[16.19764,60.61405],[16.23841,60.62311],[16.25889,60.64148],[16.26205,60.64442],[16.2713,60.6519],[16.2721,60.65254],[16.31781,60.68945],[16.30774,60.70621],[16.37966,60.7485],[16.37989,60.74892],[16.38615,60.78679],[16.29081,60.84291],[16.26509,60.858],[16.2522,60.8669],[16.24977,60.86942],[16.24891,60.87031],[16.24541,60.87394],[16.2287,60.89125]]]]},"properties":{"lan_code":"20","kom_namn":"Falun","id":"2080","geo_point_2d":[60.75133,15.8394]}},{"type":"Feature","geometry":{"type":"Polygon","coordinates":[[[16.5166,60.3555],[16.42321,60.37919],[16.39268,60.37936],[16.31582,60.34635],[16.29895,60.31348],[16.33423,60.28124],[16.25835,60.26837],[16.24992,60.24896],[16.22945,60.25134],[16.20478,60.23013],[16.16627,60.23483],[16.15246,60.24637],[16.10892,60.25198],[16.0884,60.23729],[16.06529,60.20476],[16.01691,60.18145],[16.03424,60.16973],[16.03823,60.16417],[16.05701,60.14706],[16.07762,60.14499],[16.09682,60.14295],[16.1025,60.14253],[16.11527,60.14159],[16.12851,60.13928],[16.13235,60.13857],[16.13346,60.13793],[16.14737,60.12988],[16.16385,60.12026],[16.16341,60.11969],[16.16035,60.11601],[16.1418,60.0925],[16.18152,60.08449],[16.18413,60.076],[16.22818,60.07892],[16.26456,60.07347],[16.32161,60.07359],[16.33204,60.0801],[16.33279,60.07982],[16.34064,60.07816],[16.34243,60.07746],[16.3872,60.08141],[16.41671,60.11049],[16.41789,60.11127],[16.43807,60.12477],[16.50289,60.13674],[16.53896,60.13743],[16.52703,60.16462],[16.5816,60.17983],[16.70479,60.1951],[16.69897,60.20931],[16.62934,60.23857],[16.61518,60.27888],[16.60555,60.28543],[16.58839,60.29428],[16.57934,60.29762],[16.5734,60.30643],[16.54275,60.33999],[16.5166,60.3555]]]},"properties":{"lan_code":"20","kom_namn":"Avesta","id":"2084","geo_point_2d":[60.21365,16.36511]}},{"type":"Feature","geometry":{"type":"Polygon","coordinates":[[[16.17412,62.21387],[16.01335,62.25921],[15.96582,62.26936],[15.87784,62.28796],[15.7322,62.31847],[15.63319,62.33917],[15.62592,62.34069],[15.62297,62.34133],[15.61316,62.34349],[15.60699,62.34323],[15.50535,62.33863],[15.37802,62.297],[15.37182,62.29401],[15.32612,62.27199],[15.3322,62.25936],[15.33517,62.25319],[15.34377,62.23532],[15.34875,62.22496],[15.3662,62.2095],[15.36834,62.20855],[15.39949,62.19352],[15.40077,62.18674],[15.40143,62.18325],[15.42001,62.15749],[15.42925,62.1449],[15.41715,62.11139],[15.33979,62.0911],[15.31226,62.07918],[15.30927,62.07788],[15.26195,62.05734],[15.23289,62.0464],[15.21202,62.03901],[15.20926,62.03777],[15.15568,62.01969],[15.12455,62.00851],[15.11727,62.00589],[15.09214,61.99685],[15.09766,61.98711],[15.09843,61.98577],[15.11055,61.95683],[15.14062,61.95217],[15.12865,61.94506],[15.11282,61.93129],[15.11589,61.89444],[15.08789,61.89278],[15.10863,61.84397],[15.0918,61.81912],[15.04758,61.82388],[15.04518,61.86766],[15.04496,61.86801],[14.98079,61.87301],[14.92852,61.87707],[14.90487,61.87932],[14.92785,61.82131],[14.86539,61.80912],[14.86313,61.82738],[14.80584,61.8862],[14.76106,61.86398],[14.80934,61.8182],[14.84169,61.8042],[14.85628,61.78359],[14.80305,61.79557],[14.7852,61.80484],[14.7852,61.80515],[14.76264,61.82402],[14.75652,61.82897],[14.74535,61.8377],[14.74501,61.83798],[14.69873,61.87949],[14.67294,61.89662],[14.5303,61.78381],[14.51448,61.72262],[14.50973,61.69295],[14.49938,61.62587],[14.49465,61.62306],[14.44665,61.59468],[14.6766,61.59132],[14.67582,61.5753],[14.65518,61.56279],[14.67482,61.52707],[14.65586,61.50109],[14.67352,61.48922],[14.67369,61.48901],[14.69138,61.49044],[14.69251,61.49024],[14.70022,61.49089],[14.70114,61.49099],[14.71862,61.48998],[14.71876,61.49008],[14.79552,61.49485],[14.79712,61.49504],[14.82432,61.49225],[14.90091,61.49654],[14.94837,61.48947],[14.97794,61.49127],[15.09322,61.48412],[15.11224,61.52298],[15.12466,61.54512],[15.12702,61.54931],[15.12992,61.55447],[15.15328,61.59576],[15.20496,61.50387],[15.21627,61.49465],[15.27777,61.52247],[15.2658,61.54698],[15.33653,61.56544],[15.43525,61.5667],[15.40135,61.60387],[15.40344,61.61251],[15.51444,61.60672],[15.65891,61.62406],[15.74208,61.58293],[15.77382,61.58546],[16.03755,61.53091],[16.05939,61.55576],[16.17541,61.59585],[16.18616,61.59069],[16.23591,61.608],[16.27996,61.64437],[16.32424,61.64449],[16.4176,61.63898],[16.51804,61.6292],[16.58273,61.6404],[16.63283,61.62432],[16.59122,61.6463],[16.548,61.65897],[16.51301,61.6794],[16.27456,61.7937],[16.29173,61.80038],[16.32308,61.84498],[16.33681,61.87442],[16.27678,61.88688],[16.25819,61.90371],[16.25204,61.93228],[16.23503,61.94829],[16.19775,62.05284],[16.16479,62.08523],[16.17532,62.09493],[16.15456,62.13385],[16.06529,62.21331],[16.08021,62.22448],[16.12193,62.20374],[16.17412,62.21387]]]},"properties":{"lan_code":"21","kom_namn":"Ljusdal","id":"2161","geo_point_2d":[61.8531,15.53778]}},{"type":"Feature","geometry":{"type":"Polygon","coordinates":[[[18.78842,64.0606],[18.65164,64.13698],[18.41243,64.23795],[18.29117,64.29901],[18.18394,64.34355],[18.26868,64.35833],[18.24824,64.3907],[18.19596,64.3983],[18.02547,64.38091],[17.96936,64.4041],[17.96956,64.41472],[17.78868,64.48325],[17.84281,64.50297],[17.8037,64.52229],[17.74083,64.4992],[17.70809,64.52017],[17.69527,64.50074],[17.6569,64.48697],[16.9499,64.39903],[16.92089,64.3561],[16.72728,64.35352],[16.66784,64.33597],[16.65584,64.29665],[16.69771,64.2469],[16.74441,64.23401],[16.71545,64.22602],[16.8751,64.03733],[16.94541,64.00328],[16.8783,63.95068],[16.99305,63.93869],[17.26149,63.91376],[17.28967,63.91144],[17.31449,63.90939],[17.35707,63.90592],[17.36201,63.90553],[17.53158,63.89283],[17.73344,63.8801],[17.95583,63.92221],[18.40648,63.99579],[18.78842,64.0606]]]},"properties":{"lan_code":"24","kom_namn":"Åsele","id":"2463","geo_point_2d":[64.17455,17.62712]}},{"type":"Feature","geometry":{"type":"Polygon","coordinates":[[[18.1776,60.44817],[18.17212,60.47368],[18.02077,60.6434],[17.95511,60.64399],[17.68261,60.563],[17.70688,60.60358],[17.65973,60.59955],[17.57377,60.57615],[17.54573,60.56415],[17.51535,60.56209],[17.47288,60.53504],[17.47763,60.48998],[17.43383,60.46346],[17.32091,60.47026],[17.32311,60.44751],[17.28781,60.44677],[17.25755,60.4251],[17.21764,60.43396],[17.21734,60.41962],[17.19553,60.41048],[17.1934,60.38891],[17.18908,60.38227],[17.21261,60.36422],[17.19702,60.3454],[17.19382,60.30081],[17.20952,60.3027],[17.24818,60.28604],[17.28455,60.2587],[17.34584,60.24565],[17.37511,60.22844],[17.35869,60.19362],[17.32176,60.1335],[17.36447,60.15105],[17.40002,60.14517],[17.46379,60.1789],[17.49163,60.17028],[17.51364,60.13446],[17.57331,60.08945],[17.62662,60.09669],[17.60967,60.11011],[17.63875,60.12134],[17.71586,60.13439],[17.71218,60.14134],[17.70987,60.16222],[17.73506,60.17638],[17.75672,60.2035],[17.75833,60.22018],[17.79707,60.22981],[17.79845,60.25106],[17.8148,60.26185],[17.82294,60.28874],[17.8628,60.30138],[17.92005,60.30727],[17.93121,60.3298],[17.96627,60.32945],[17.97327,60.34422],[17.97529,60.39245],[17.99891,60.40148],[18.04508,60.40072],[18.1007,60.43158],[18.1776,60.44817]]]},"properties":{"lan_code":"03","kom_namn":"Tierp","id":"0360","geo_point_2d":[60.3888,17.66692]}},{"type":"Feature","geometry":{"type":"Polygon","coordinates":[[[17.53857,59.73329],[17.40951,59.73212],[17.38109,59.78023],[17.31459,59.79333],[17.28147,59.78387],[17.24226,59.80685],[17.21347,59.83294],[17.18231,59.83047],[17.15497,59.85151],[17.16989,59.8635],[17.11886,59.88307],[17.0775,59.85857],[17.00246,59.82845],[16.96097,59.8624],[16.90979,59.86838],[16.8585,59.86588],[16.79901,59.8815],[16.80056,59.87308],[16.80055,59.87241],[16.80058,59.87151],[16.8145,59.86705],[16.82234,59.86497],[16.82698,59.8645],[16.82873,59.86434],[16.83655,59.85994],[16.82768,59.85628],[16.81837,59.85243],[16.80851,59.84892],[16.81015,59.81944],[16.79927,59.81446],[16.78715,59.81127],[16.78589,59.8084],[16.78792,59.80773],[16.7851,59.80634],[16.77003,59.80275],[16.7697,59.80246],[16.76491,59.80211],[16.76496,59.80193],[16.76476,59.79688],[16.76175,59.79564],[16.75368,59.79175],[16.7535,59.79107],[16.74378,59.78541],[16.72896,59.77676],[16.77577,59.74644],[16.78205,59.72649],[16.78108,59.72424],[16.81567,59.71034],[16.82411,59.68876],[16.85481,59.6666],[16.87324,59.62774],[16.87357,59.62739],[16.9174,59.56471],[16.92602,59.54638],[16.96591,59.52035],[17.03016,59.5084],[17.064,59.511],[17.08388,59.53071],[17.11784,59.52627],[17.15006,59.50782],[17.15904,59.48534],[17.20782,59.4626],[17.23219,59.45779],[17.29066,59.44623],[17.31119,59.43768],[17.35391,59.43778],[17.36496,59.41663],[17.38908,59.41407],[17.38336,59.39685],[17.4151,59.38347],[17.43204,59.39706],[17.42578,59.4205],[17.43571,59.44174],[17.45311,59.44653],[17.50435,59.44054],[17.50207,59.45982],[17.4818,59.48542],[17.46482,59.5074],[17.43368,59.54661],[17.40968,59.56048],[17.37778,59.59728],[17.3851,59.63081],[17.42188,59.6596],[17.47411,59.66644],[17.50892,59.68366],[17.53645,59.72039],[17.53857,59.73329]]]},"properties":{"lan_code":"03","kom_namn":"Enköping","id":"0381","geo_point_2d":[59.66318,17.14349]}},{"type":"Feature","geometry":{"type":"Polygon","coordinates":[[[15.36808,57.9712],[15.33545,57.96446],[15.2982,57.96454],[15.26947,57.99994],[15.17424,58.02026],[15.15013,58.01597],[15.12674,58.02876],[15.08019,58.03212],[15.06365,58.0253],[15.08128,57.99895],[15.06627,57.98535],[15.01963,57.99103],[15.01583,57.95446],[14.99474,57.93964],[14.99558,57.9386],[15.00459,57.93343],[15.01205,57.9234],[14.99375,57.90934],[15.0446,57.85935],[15.07803,57.8359],[15.06774,57.82228],[15.08869,57.77278],[15.1119,57.75317],[15.12815,57.72022],[15.1549,57.70613],[15.20427,57.71041],[15.25682,57.70622],[15.3118,57.70726],[15.32568,57.70122],[15.3565,57.70664],[15.42146,57.70473],[15.43019,57.7075],[15.43734,57.71157],[15.45248,57.73235],[15.43439,57.74295],[15.43404,57.74303],[15.48129,57.7595],[15.5252,57.76271],[15.54495,57.77132],[15.54483,57.77116],[15.55421,57.7726],[15.54334,57.78843],[15.54289,57.78858],[15.54228,57.7899],[15.54237,57.79012],[15.54235,57.79017],[15.51434,57.81907],[15.53492,57.84651],[15.48497,57.86611],[15.45971,57.87003],[15.45886,57.88469],[15.41936,57.8864],[15.41206,57.91644],[15.42275,57.95775],[15.36808,57.9712]]]},"properties":{"lan_code":"05","kom_namn":"Ydre","id":"0512","geo_point_2d":[57.8555,15.2551]}},{"type":"Feature","geometry":{"type":"Polygon","coordinates":[[[17.09401,58.30904],[17.03139,58.29691],[16.98747,58.30011],[16.97669,58.2929],[16.92696,58.29445],[16.84298,58.28092],[16.81803,58.26858],[16.77683,58.26735],[16.72687,58.25914],[16.67221,58.27611],[16.62259,58.30753],[16.62643,58.31457],[16.56802,58.33098],[16.54741,58.35079],[16.52567,58.34638],[16.50023,58.36712],[16.46725,58.35714],[16.44445,58.37726],[16.422,58.36401],[16.37685,58.38078],[16.29866,58.38645],[16.25685,58.39424],[16.26665,58.37099],[16.29037,58.35521],[16.27734,58.33122],[16.25074,58.3161],[16.30154,58.30621],[16.32658,58.27181],[16.40665,58.24599],[16.45175,58.22469],[16.43284,58.2101],[16.44429,58.19173],[16.41812,58.19054],[16.39765,58.17929],[16.41098,58.14729],[16.39776,58.1295],[16.42915,58.11336],[16.45687,58.11213],[16.4852,58.09028],[16.48814,58.09019],[16.53251,58.1162],[16.54353,58.11045],[16.55071,58.1093],[16.57037,58.09786],[16.56788,58.08414],[16.56888,58.08376],[16.60024,58.06006],[16.5927,58.05099],[16.59262,58.05098],[16.59369,58.04981],[16.59382,58.04967],[16.59784,58.04815],[16.59804,58.04832],[16.59972,58.04101],[16.59961,58.04083],[16.62747,58.00279],[16.65786,57.99262],[16.67336,57.99963],[16.73411,57.98685],[16.73144,57.99551],[16.73521,57.9958],[16.74333,58.00023],[16.74742,57.9943],[16.7721,58.0039],[16.77781,58.00327],[16.78886,58.00407],[16.79171,57.99959],[16.81243,58.00559],[16.81642,58.01034],[16.81767,58.01132],[16.82081,58.02674],[16.89628,58.00312],[16.92724,58.04374],[16.91984,58.10812],[16.89074,58.13881],[16.88607,58.16039],[16.93704,58.15941],[16.97045,58.1634],[16.96846,58.14145],[17.0093,58.1523],[17.001,58.16866],[17.05829,58.16668],[17.09217,58.22606],[17.09401,58.30904]]]},"properties":{"lan_code":"05","kom_namn":"Valdemarsvik","id":"0563","geo_point_2d":[58.1938,16.68491]}},{"type":"Feature","geometry":{"type":"Polygon","coordinates":[[[14.1559,56.99849],[14.13235,57.02255],[14.09481,57.0211],[14.09101,57.04112],[14.0168,57.05182],[13.98999,57.02935],[13.97569,57.04149],[13.92477,57.04059],[13.91032,57.01842],[13.87442,57.01839],[13.85843,56.99946],[13.82186,57.008],[13.80249,57.02877],[13.77632,57.02422],[13.74688,57.03852],[13.71262,57.01796],[13.7096,57.00463],[13.6807,56.9721],[13.69357,56.96354],[13.68742,56.92681],[13.66204,56.91355],[13.6234,56.90756],[13.57661,56.88928],[13.52179,56.88786],[13.48672,56.87112],[13.44369,56.8798],[13.43222,56.86904],[13.40647,56.87076],[13.3399,56.85004],[13.33791,56.83824],[13.29816,56.82365],[13.31887,56.78224],[13.31712,56.71952],[13.32498,56.70922],[13.30779,56.68547],[13.32827,56.68769],[13.36414,56.6651],[13.39759,56.60885],[13.43415,56.61324],[13.46718,56.62405],[13.50673,56.66072],[13.54711,56.66934],[13.57677,56.66767],[13.60606,56.64971],[13.70381,56.64653],[13.74867,56.67592],[13.77011,56.65789],[13.76023,56.61999],[13.77461,56.60477],[13.79273,56.6058],[13.84184,56.60493],[13.88432,56.61884],[13.91081,56.63919],[13.96777,56.62673],[13.9897,56.66601],[14.03995,56.69876],[14.04826,56.71481],[14.07923,56.70794],[14.09169,56.68494],[14.1301,56.66228],[14.1977,56.67438],[14.20553,56.68975],[14.2358,56.7026],[14.24209,56.71802],[14.26636,56.72572],[14.28837,56.74308],[14.28669,56.75909],[14.28867,56.77971],[14.30281,56.81319],[14.27974,56.83745],[14.2992,56.87921],[14.25584,56.88674],[14.22542,56.91134],[14.21502,56.94073],[14.21479,56.94113],[14.21613,56.95496],[14.1865,56.96557],[14.1889,56.96528],[14.18035,56.98871],[14.15726,56.99861],[14.1559,56.99849]]]},"properties":{"lan_code":"07","kom_namn":"Ljungby","id":"0781","geo_point_2d":[56.81431,13.82769]}},{"type":"Feature","geometry":{"type":"Polygon","coordinates":[[[14.50675,56.22193],[14.47745,56.23273],[14.47627,56.23351],[14.47466,56.23457],[14.47112,56.23689],[14.4674,56.23929],[14.46523,56.23826],[14.46472,56.23785],[14.46402,56.23728],[14.4466,56.22812],[14.44358,56.22863],[14.44174,56.22893],[14.44087,56.22905],[14.43494,56.20854],[14.41181,56.19761],[14.42843,56.17578],[14.42057,56.13995],[14.43761,56.12366],[14.46364,56.14902],[14.47551,56.14614],[14.46202,56.11952],[14.4459,56.10454],[14.44458,56.07493],[14.40335,56.06953],[14.38062,56.03699],[14.44536,56.0298],[14.49369,56.0151],[14.53275,56.01201],[14.53209,56.03688],[14.5415,56.04353],[14.54157,56.05611],[14.54684,56.06116],[14.54641,56.06147],[14.54641,56.0615],[14.54645,56.06155],[14.54647,56.06156],[14.54656,56.06185],[14.54658,56.06188],[14.54686,56.06221],[14.54704,56.06243],[14.54702,56.06244],[14.54698,56.06249],[14.54698,56.06252],[14.54698,56.06254],[14.54718,56.06263],[14.54719,56.06269],[14.54718,56.06272],[14.54718,56.06274],[14.54728,56.06282],[14.54741,56.06285],[14.5475,56.06292],[14.54763,56.06293],[14.5477,56.0629],[14.54838,56.06302],[14.54843,56.06302],[14.54853,56.063],[14.54942,56.063],[14.54961,56.06314],[14.54975,56.06324],[14.54985,56.06351],[14.54996,56.06364],[14.55049,56.06394],[14.55054,56.06403],[14.55056,56.06411],[14.55049,56.06423],[14.55057,56.06446],[14.55101,56.06485],[14.55161,56.06516],[14.55168,56.0654],[14.55178,56.06553],[14.55224,56.06555],[14.55251,56.06553],[14.55278,56.06552],[14.55305,56.06557],[14.55324,56.0658],[14.55331,56.0659],[14.55363,56.06611],[14.55366,56.06616],[14.55374,56.06627],[14.55381,56.06634],[14.55382,56.06671],[14.55389,56.06721],[14.55396,56.06771],[14.55402,56.06813],[14.55247,56.07593],[14.55534,56.07865],[14.55586,56.08294],[14.55858,56.08409],[14.56058,56.08415],[14.56567,56.08798],[14.56968,56.091],[14.57248,56.0931],[14.57832,56.09749],[14.57847,56.10181],[14.57835,56.10275],[14.57835,56.10564],[14.58113,56.11594],[14.58165,56.11686],[14.58465,56.12662],[14.5849,56.12717],[14.58572,56.12839],[14.58618,56.12974],[14.58608,56.13058],[14.58279,56.13518],[14.58051,56.13924],[14.57978,56.14033],[14.57948,56.14203],[14.57927,56.14483],[14.58108,56.14723],[14.57898,56.15611],[14.57849,56.15705],[14.57859,56.15814],[14.57787,56.16052],[14.57766,56.16169],[14.57759,56.16224],[14.57753,56.16242],[14.58132,56.17196],[14.58179,56.17311],[14.5775,56.1824],[14.57736,56.18271],[14.57673,56.1841],[14.57547,56.18769],[14.57509,56.18878],[14.57449,56.19048],[14.57469,56.19098],[14.57468,56.19139],[14.57461,56.193],[14.57452,56.19328],[14.57334,56.19636],[14.573,56.19715],[14.57233,56.1987],[14.5718,56.19992],[14.57134,56.20139],[14.57128,56.20157],[14.57115,56.20252],[14.57098,56.20269],[14.57081,56.20312],[14.57059,56.20325],[14.57034,56.20371],[14.56984,56.20386],[14.56994,56.20494],[14.56976,56.20509],[14.5694,56.20554],[14.56875,56.20652],[14.56861,56.20681],[14.56816,56.20858],[14.56789,56.20895],[14.56624,56.21094],[14.56615,56.21104],[14.56539,56.21544],[14.56536,56.21597],[14.56607,56.22013],[14.5662,56.22071],[14.56664,56.22412],[14.53834,56.22114],[14.53501,56.22351],[14.53348,56.2234],[14.53207,56.22362],[14.5313,56.22349],[14.52486,56.22078],[14.52337,56.21901],[14.52319,56.21909],[14.52294,56.21907],[14.51914,56.21593],[14.51836,56.21425],[14.51835,56.21472],[14.51823,56.21493],[14.51804,56.21507],[14.51674,56.21509],[14.51659,56.21525],[14.51632,56.21563],[14.51607,56.21593],[14.51579,56.21624],[14.5111,56.21872],[14.51151,56.21927],[14.51037,56.22001],[14.50991,56.22039],[14.50959,56.22051],[14.50844,56.22091],[14.50829,56.221],[14.50791,56.22119],[14.50675,56.22193]]]},"properties":{"lan_code":"12","kom_namn":"Bromölla","id":"1272","geo_point_2d":[56.12437,14.49569]}},{"type":"Feature","geometry":{"type":"Polygon","coordinates":[[[13.06665,55.62357],[13.05773,55.63352],[13.05753,55.63359],[13.02285,55.64013],[13.01832,55.64127],[12.98108,55.63604],[12.98404,55.62479],[12.96269,55.60815],[12.92391,55.597],[12.8807,55.56416],[12.88928,55.55696],[12.89115,55.527],[12.90478,55.49112],[12.94069,55.50632],[13.00836,55.50606],[13.05327,55.52247],[13.10668,55.52426],[13.13519,55.54124],[13.15173,55.58161],[13.14034,55.59992],[13.12499,55.60771],[13.09602,55.6048],[13.06842,55.6115],[13.06686,55.62335],[13.06665,55.62357]]]},"properties":{"lan_code":"12","kom_namn":"Malmö","id":"1280","geo_point_2d":[55.56553,13.01087]}},{"type":"Feature","geometry":{"type":"Polygon","coordinates":[[[13.55546,55.8208],[13.52006,55.81141],[13.5059,55.77789],[13.4783,55.79354],[13.46175,55.7945],[13.43681,55.82811],[13.43624,55.85769],[13.4165,55.88458],[13.45969,55.89713],[13.43926,55.92328],[13.38588,55.93763],[13.37555,55.94948],[13.38879,55.96499],[13.37617,55.97502],[13.38895,55.99138],[13.3808,56.00099],[13.33604,56.00671],[13.31106,55.97745],[13.26751,55.95281],[13.29851,55.94212],[13.27594,55.92288],[13.2923,55.90518],[13.28608,55.89205],[13.24778,55.90198],[13.24034,55.91695],[13.18246,55.88965],[13.15041,55.89525],[13.12679,55.88667],[13.1311,55.86376],[13.1559,55.85941],[13.14617,55.82974],[13.21123,55.84494],[13.20956,55.82773],[13.21875,55.78931],[13.20652,55.78627],[13.24257,55.77568],[13.29268,55.7756],[13.30255,55.74793],[13.3313,55.75425],[13.36793,55.74418],[13.39933,55.74425],[13.44277,55.72939],[13.46681,55.73048],[13.49886,55.72157],[13.57122,55.68885],[13.61365,55.73006],[13.59783,55.73817],[13.56545,55.73825],[13.58341,55.78119],[13.61842,55.79349],[13.56127,55.80775],[13.55546,55.8208]]]},"properties":{"lan_code":"12","kom_namn":"Eslöv","id":"1285","geo_point_2d":[55.83596,13.36755]}},{"type":"Feature","geometry":{"type":"Polygon","coordinates":[[[13.29816,56.82365],[13.26662,56.8529],[13.2131,56.83229],[13.16306,56.8272],[13.15608,56.83982],[13.17873,56.87439],[13.13716,56.89213],[13.11805,56.87378],[13.08765,56.86588],[13.06743,56.84419],[13.04314,56.84109],[13.03252,56.85375],[13.00108,56.86533],[13.00264,56.91515],[12.9727,56.92385],[12.94212,56.92231],[12.93535,56.9436],[12.91191,56.94334],[12.87102,56.90386],[12.87356,56.88063],[12.84165,56.85579],[12.77095,56.85569],[12.72706,56.84197],[12.66592,56.81471],[12.63162,56.7847],[12.60503,56.77749],[12.6296,56.70338],[12.71255,56.6343],[12.82621,56.63825],[12.93199,56.5531],[12.96592,56.54877],[12.99639,56.5592],[13.02833,56.5947],[13.05739,56.6011],[13.16415,56.63433],[13.16409,56.65026],[13.18875,56.65084],[13.18981,56.67694],[13.24926,56.67533],[13.30779,56.68547],[13.32498,56.70922],[13.31712,56.71952],[13.31887,56.78224],[13.29816,56.82365]]]},"properties":{"lan_code":"13","kom_namn":"Halmstad","id":"1380","geo_point_2d":[56.7441,12.96741]}},{"type":"Feature","geometry":{"type":"Polygon","coordinates":[[[12.01376,57.86083],[11.96969,57.86432],[11.9536,57.84829],[11.90359,57.84325],[11.89959,57.83163],[11.84529,57.79585],[11.73162,57.7711],[11.69829,57.72173],[11.69094,57.70254],[11.70423,57.66516],[11.69605,57.65472],[11.6636,57.64744],[11.60001,57.65206],[11.58919,57.63652],[11.71244,57.49991],[11.77908,57.49967],[11.81803,57.55642],[11.87803,57.55913],[11.88986,57.56219],[11.90873,57.56263],[11.91202,57.56255],[11.91908,57.56338],[11.92108,57.56308],[11.92434,57.5633],[11.92744,57.56209],[11.94991,57.56263],[11.95042,57.56271],[11.95357,57.56337],[11.95366,57.56329],[11.9538,57.56329],[11.95425,57.563],[11.95479,57.56302],[11.95499,57.56299],[11.95543,57.5631],[11.95557,57.56314],[11.95679,57.56332],[11.95788,57.56398],[11.95872,57.56378],[11.9588,57.56376],[11.96293,57.56236],[11.96381,57.56218],[11.9648,57.56212],[11.9673,57.56262],[11.96739,57.56282],[11.96775,57.56326],[11.96811,57.56345],[11.96917,57.5638],[11.96977,57.56386],[11.97022,57.56373],[11.97037,57.56358],[11.97083,57.56348],[11.97108,57.56346],[11.97226,57.5635],[11.97322,57.56314],[11.97602,57.56168],[11.97825,57.56269],[11.97912,57.56401],[11.98285,57.56454],[11.98352,57.56464],[11.98472,57.5647],[11.98596,57.56484],[11.9875,57.56499],[11.98796,57.56503],[11.98796,57.56504],[12.00979,57.56983],[11.98926,57.60605],[11.9631,57.63443],[11.94922,57.66354],[11.96974,57.67696],[12.05674,57.67824],[12.08867,57.68217],[12.05572,57.7286],[12.07272,57.73493],[12.07321,57.73496],[12.0782,57.76182],[12.11403,57.7724],[12.17371,57.77596],[12.20386,57.78881],[12.24161,57.79636],[12.20471,57.816],[12.17015,57.85568],[12.14605,57.86477],[12.13755,57.866],[12.04368,57.83495],[12.01403,57.81324],[12.00745,57.85255],[12.01376,57.86083]]]},"properties":{"lan_code":"14","kom_namn":"Göteborg","id":"1480","geo_point_2d":[57.69293,11.88344]}},{"type":"Feature","geometry":{"type":"Polygon","coordinates":[[[15.34759,58.82921],[15.3355,58.88521],[15.32306,58.8948],[15.33462,58.9139],[15.29234,58.93969],[15.26159,58.94719],[15.21824,58.97931],[15.18587,58.97385],[15.16801,58.98268],[15.16415,58.99956],[15.09258,59.00272],[15.09168,59.02214],[15.04255,59.02621],[14.96039,59.01029],[14.93959,59.00253],[14.88631,59.0115],[14.86055,58.99104],[14.72553,58.97506],[14.74457,58.95485],[14.78557,58.93989],[14.69206,58.88901],[14.65091,58.89071],[14.64662,58.84908],[14.63011,58.83134],[14.647,58.80118],[14.67703,58.78605],[14.69135,58.74013],[14.69928,58.69627],[14.7396,58.6717],[14.77882,58.64617],[14.81272,58.66677],[14.9194,58.69429],[14.97508,58.68708],[15.03454,58.70429],[15.06456,58.74901],[15.06695,58.75436],[15.08367,58.76677],[15.11517,58.77023],[15.13812,58.82065],[15.16742,58.81066],[15.18989,58.8132],[15.19087,58.81338],[15.27543,58.86322],[15.29634,58.84995],[15.32641,58.8503],[15.34759,58.82921]]]},"properties":{"lan_code":"18","kom_namn":"Askersund","id":"1882","geo_point_2d":[58.85317,14.95325]}},{"type":"Feature","geometry":{"type":"Polygon","coordinates":[[[16.85899,60.77723],[16.73197,60.76133],[16.6324,60.78547],[16.52497,60.79149],[16.38615,60.78679],[16.37989,60.74892],[16.37966,60.7485],[16.30774,60.70621],[16.31781,60.68945],[16.2721,60.65254],[16.2713,60.6519],[16.26205,60.64442],[16.25889,60.64148],[16.23841,60.62311],[16.19764,60.61405],[16.24607,60.60773],[16.32093,60.60466],[16.41994,60.58619],[16.50081,60.55603],[16.53408,60.54921],[16.5631,60.53161],[16.57401,60.51289],[16.61379,60.49495],[16.65086,60.46984],[16.66839,60.44067],[16.60942,60.39431],[16.56954,60.37701],[16.52979,60.37138],[16.5166,60.3555],[16.54275,60.33999],[16.5734,60.30643],[16.57934,60.29762],[16.58839,60.29428],[16.60555,60.28543],[16.61518,60.27888],[16.62934,60.23857],[16.69897,60.20931],[16.70479,60.1951],[16.75006,60.18864],[16.79673,60.19768],[16.80261,60.21213],[16.84182,60.21684],[16.9049,60.23949],[16.89146,60.2597],[16.90888,60.2815],[16.89073,60.30471],[16.90275,60.3309],[16.88757,60.3528],[16.8218,60.37072],[16.78573,60.39254],[16.77392,60.42421],[16.81725,60.44209],[16.84717,60.44737],[16.88407,60.42961],[16.91012,60.49218],[16.93614,60.50176],[16.9421,60.52478],[16.89944,60.55371],[16.87493,60.56199],[16.83734,60.59302],[16.8396,60.60907],[16.8773,60.61528],[16.87041,60.63326],[16.87734,60.66584],[16.85387,60.68572],[16.84021,60.728],[16.85899,60.77723]]]},"properties":{"lan_code":"21","kom_namn":"Sandviken","id":"2181","geo_point_2d":[60.54073,16.65673]}},{"type":"Feature","geometry":{"type":"Polygon","coordinates":[[[20.20493,65.90918],[20.16854,65.92794],[20.04114,65.94722],[20.0231,65.96964],[19.90423,66.01535],[19.82173,66.01246],[19.77306,66.02473],[19.63474,66.04541],[19.50095,66.04205],[19.42919,66.04557],[19.38323,66.05669],[19.34161,66.08229],[19.27459,66.0956],[19.1949,66.09661],[19.10479,66.11955],[19.11615,66.12974],[19.07666,66.14531],[19.0321,66.17521],[18.83737,66.01002],[18.61866,66.04454],[18.49973,65.98501],[18.44233,65.91555],[18.46234,65.89727],[18.43134,65.89102],[18.48647,65.8043],[18.46495,65.79491],[18.5249,65.78529],[18.39526,65.66467],[18.37785,65.66943],[18.25801,65.6773],[18.25533,65.62292],[18.29436,65.58588],[18.17892,65.58495],[18.17796,65.57654],[18.19523,65.55488],[18.26791,65.52453],[18.34205,65.4939],[18.36723,65.49475],[18.39728,65.49575],[18.42556,65.49681],[18.45322,65.48899],[18.50329,65.47482],[18.52197,65.45202],[18.62725,65.43415],[18.71153,65.43827],[18.74773,65.42333],[18.75256,65.40395],[18.81023,65.38754],[18.83392,65.37141],[18.86946,65.37297],[18.91904,65.35436],[18.92077,65.35381],[18.93635,65.34605],[18.94075,65.34574],[19.01531,65.33079],[19.02214,65.31127],[19.09672,65.30511],[19.17536,65.28213],[19.19573,65.27458],[19.20235,65.27233],[19.24364,65.2602],[19.24405,65.26001],[19.24602,65.25912],[19.24699,65.25869],[19.25351,65.25657],[19.25415,65.25635],[19.26328,65.25235],[19.26453,65.25141],[19.2654,65.24952],[19.26583,65.24867],[19.27126,65.24342],[19.27326,65.24212],[19.2606,65.24028],[19.26023,65.24042],[19.24975,65.23817],[19.24961,65.23775],[19.24157,65.22401],[19.24156,65.22345],[19.25579,65.21047],[19.2928,65.1996],[19.30124,65.19674],[19.33844,65.17956],[19.3437,65.17665],[19.39035,65.14282],[19.39514,65.14406],[19.4235,65.15143],[19.59041,65.19426],[19.60757,65.19864],[19.85395,65.3549],[19.85473,65.35539],[19.89482,65.38095],[19.6288,65.4516],[19.69758,65.52626],[19.75739,65.53587],[20.02555,65.50335],[20.21717,65.56505],[20.20591,65.59405],[20.10862,65.84708],[20.20493,65.90918]]]},"properties":{"lan_code":"25","kom_namn":"Arvidsjaur","id":"2505","geo_point_2d":[65.68405,19.25879]}},{"type":"Feature","geometry":{"type":"Polygon","coordinates":[[[19.0321,66.17521],[18.73941,66.30154],[18.78343,66.39294],[18.69145,66.51401],[18.3123,66.604],[18.13756,66.65065],[18.06684,66.66207],[17.64018,66.72514],[17.40486,66.85494],[17.06424,66.99851],[16.71344,67.08915],[16.40247,67.19043],[16.38773,67.04546],[16.19393,66.98235],[16.03867,66.91246],[15.99362,66.87324],[15.80759,66.7355],[15.62134,66.59435],[15.45103,66.52398],[15.37719,66.48431],[15.43038,66.39223],[15.4539,66.34535],[15.7714,66.29082],[16.23234,66.14069],[16.47908,66.06837],[16.52919,66.05359],[16.60736,66.04403],[16.68717,66.03824],[16.77195,66.03203],[16.79685,66.02236],[17.03446,65.93041],[17.08998,65.90654],[17.14187,65.88467],[17.22808,65.8482],[17.25016,65.83884],[17.33488,65.80281],[17.44132,65.75768],[17.46661,65.74694],[17.48432,65.73936],[17.54737,65.71223],[17.57349,65.70088],[17.59829,65.6901],[17.62619,65.67784],[17.65301,65.66613],[17.65822,65.66386],[17.66216,65.66213],[17.75984,65.64068],[17.79042,65.63499],[17.85142,65.6236],[18.0311,65.60253],[18.03396,65.58767],[18.0723,65.57671],[18.10161,65.59416],[18.14721,65.58873],[18.17796,65.57654],[18.17892,65.58495],[18.29436,65.58588],[18.25533,65.62292],[18.25801,65.6773],[18.37785,65.66943],[18.39526,65.66467],[18.5249,65.78529],[18.46495,65.79491],[18.48647,65.8043],[18.43134,65.89102],[18.46234,65.89727],[18.44233,65.91555],[18.49973,65.98501],[18.61866,66.04454],[18.83737,66.01002],[19.0321,66.17521]]]},"properties":{"lan_code":"25","kom_namn":"Arjeplog","id":"2506","geo_point_2d":[66.36485,17.23931]}},{"type":"Feature","geometry":{"type":"Polygon","coordinates":[[[23.22588,66.15994],[23.21443,66.16438],[22.9749,66.16749],[22.98102,66.14589],[22.95589,66.13581],[22.90157,66.1525],[22.91896,66.16823],[22.81332,66.16981],[22.53508,66.2388],[22.33804,66.13621],[22.42812,66.0623],[22.48887,65.99187],[22.542,65.95629],[22.53776,65.93377],[22.55804,65.90731],[22.59457,65.84516],[22.6313,65.79034],[22.65757,65.77561],[22.60419,65.74897],[22.65199,65.7256],[22.71079,65.7308],[22.71697,65.71032],[22.74772,65.69814],[22.80195,65.69809],[22.83463,65.69117],[22.8765,65.63687],[23.08908,65.62698],[23.45061,65.66743],[23.60898,65.6465],[23.62198,65.69084],[23.60857,65.7723],[23.57008,65.78333],[23.59933,65.8681],[23.47292,65.95589],[23.39983,66.01492],[23.33195,66.04656],[23.35853,66.05256],[23.29868,66.07069],[23.27646,66.07224],[23.20392,66.10556],[23.22588,66.15994]]]},"properties":{"lan_code":"25","kom_namn":"Kalix","id":"2514","geo_point_2d":[65.9136,23.00279]}},{"type":"Feature","geometry":{"type":"Polygon","coordinates":[[[17.22819,58.69462],[17.12576,58.70333],[17.07701,58.69188],[17.00462,58.70701],[16.99313,58.69167],[17.00512,58.6715],[17.04514,58.65958],[17.08673,58.63467],[17.16729,58.63976],[17.19138,58.63698],[17.19957,58.65252],[17.23343,58.66664],[17.22819,58.69462]]]},"properties":{"lan_code":"04","kom_namn":"Oxelösund","id":"0481","geo_point_2d":[58.6721,17.11815]}},{"type":"Feature","geometry":{"type":"MultiPolygon","coordinates":[[[[13.65705,57.60415],[13.65737,57.6047],[13.66007,57.60614],[13.65697,57.60738],[13.65656,57.60749],[13.65374,57.6084],[13.65249,57.60766],[13.65706,57.60684],[13.65718,57.60649],[13.65071,57.60604],[13.65094,57.60646],[13.65113,57.60694],[13.64727,57.60497],[13.64906,57.60432],[13.64743,57.60297],[13.64534,57.60095],[13.64316,57.5987],[13.64237,57.59883],[13.6416,57.59776],[13.64213,57.59747],[13.63685,57.59349],[13.63887,57.59271],[13.64186,57.593],[13.64919,57.59439],[13.65004,57.5954],[13.65046,57.59578],[13.65203,57.59745],[13.65417,57.59974],[13.65586,57.60154],[13.6571,57.60287],[13.65705,57.60415]]],[[[14.39707,58.10796],[14.37502,58.09883],[14.29485,58.02898],[14.28211,57.99998],[14.31423,58.00673],[14.34831,58.02884],[14.37158,58.05925],[14.37597,58.08469],[14.41494,58.09159],[14.39707,58.10796]]],[[[14.55147,58.10482],[14.54938,58.10536],[14.54917,58.10573],[14.54825,58.10654],[14.54789,58.10655],[14.54554,58.10718],[14.54553,58.10735],[14.54554,58.10775],[14.54565,58.1086],[14.54566,58.10889],[14.54391,58.11137],[14.54358,58.11137],[14.5069,58.0738],[14.45395,58.02639],[14.43726,58.00171],[14.36058,57.96797],[14.32329,57.93715],[14.27762,57.88062],[14.26542,57.853],[14.27153,57.8061],[14.26722,57.79609],[14.22593,57.79327],[14.21148,57.78402],[14.15873,57.78557],[14.14745,57.86527],[14.11843,57.87767],[14.09929,57.85764],[14.0302,57.85969],[14.01336,57.85015],[14.01728,57.82534],[14.01094,57.80461],[13.96673,57.81445],[13.95953,57.8328],[13.92135,57.85618],[13.88843,57.83795],[13.86426,57.851],[13.85757,57.82963],[13.73166,57.84544],[13.73698,57.83884],[13.73789,57.81751],[13.73765,57.81735],[13.73764,57.81707],[13.73813,57.81705],[13.74347,57.8164],[13.74398,57.8163],[13.74441,57.81626],[13.74608,57.81231],[13.74646,57.81164],[13.74524,57.80945],[13.74397,57.80897],[13.74233,57.8065],[13.74301,57.80563],[13.7443,57.80352],[13.74406,57.80088],[13.74434,57.79481],[13.74624,57.78427],[13.7487,57.77795],[13.74721,57.77748],[13.74897,57.77658],[13.75003,57.77625],[13.75304,57.77377],[13.75354,57.77369],[13.75388,57.77344],[13.74558,57.76313],[13.74304,57.76096],[13.7426,57.75912],[13.74285,57.75866],[13.74008,57.75663],[13.73963,57.75653],[13.73937,57.75644],[13.73913,57.75633],[13.73864,57.75598],[13.73833,57.75577],[13.73808,57.75569],[13.73696,57.75527],[13.736,57.75519],[13.73492,57.7549],[13.7338,57.75389],[13.73298,57.75346],[13.73019,57.749],[13.7292,57.74863],[13.72757,57.74712],[13.727,57.74632],[13.72529,57.74358],[13.72288,57.74247],[13.72093,57.73971],[13.7156,57.72685],[13.7161,57.72629],[13.71619,57.72593],[13.71614,57.7256],[13.71661,57.72324],[13.71708,57.72299],[13.71844,57.72247],[13.72328,57.72078],[13.72647,57.71958],[13.72667,57.71612],[13.72662,57.71608],[13.70805,57.71019],[13.71047,57.69768],[13.72107,57.6924],[13.7225,57.69169],[13.72424,57.6742],[13.72482,57.66944],[13.72313,57.66611],[13.72094,57.66272],[13.72008,57.66142],[13.71644,57.6559],[13.71579,57.65491],[13.71422,57.6516],[13.71245,57.65036],[13.71267,57.65009],[13.71347,57.64991],[13.71219,57.6473],[13.71181,57.64651],[13.71173,57.64636],[13.69477,57.63485],[13.68561,57.63236],[13.68247,57.62584],[13.6712,57.61714],[13.6708,57.61649],[13.66695,57.61517],[13.66891,57.61625],[13.66903,57.61668],[13.66878,57.61733],[13.66638,57.61713],[13.66523,57.61587],[13.66424,57.61505],[13.66468,57.6145],[13.66514,57.6138],[13.66542,57.61301],[13.66594,57.61219],[13.66596,57.6117],[13.66872,57.61133],[13.66854,57.61078],[13.66818,57.6105],[13.66783,57.60991],[13.66731,57.60928],[13.668,57.6089],[13.66902,57.60691],[13.66905,57.60608],[13.66955,57.60554],[13.6698,57.60439],[13.67021,57.6043],[13.66957,57.60412],[13.6702,57.60151],[13.66992,57.60015],[13.66978,57.5993],[13.66983,57.59816],[13.66858,57.59669],[13.66845,57.59627],[13.66842,57.59615],[13.66848,57.59586],[13.67869,57.59325],[13.67831,57.59248],[13.67745,57.59163],[13.67727,57.5914],[13.67706,57.5909],[13.67331,57.58867],[13.67312,57.5883],[13.67373,57.58611],[13.67402,57.58593],[13.68007,57.58093],[13.68018,57.58027],[13.67987,57.57937],[13.67974,57.57883],[13.67908,57.57765],[13.68044,57.57674],[13.68659,57.57637],[13.68857,57.55829],[13.7421,57.56861],[13.77588,57.55523],[13.80138,57.58932],[13.80746,57.61241],[13.82636,57.61303],[13.85347,57.62289],[13.91735,57.61038],[13.95457,57.63121],[13.96535,57.65447],[14.01686,57.62976],[14.06292,57.62987],[14.11322,57.61167],[14.19705,57.64442],[14.21597,57.60552],[14.21775,57.57286],[14.22839,57.54917],[14.27467,57.56298],[14.31054,57.5433],[14.33153,57.54023],[14.34762,57.55166],[14.33166,57.59606],[14.36087,57.59902],[14.3799,57.61268],[14.36027,57.62586],[14.38698,57.63984],[14.39563,57.66495],[14.43774,57.69198],[14.44701,57.71292],[14.43423,57.71828],[14.43411,57.7187],[14.45636,57.73095],[14.49945,57.72333],[14.51531,57.74098],[14.54521,57.7471],[14.56924,57.73705],[14.65069,57.75909],[14.62124,57.80221],[14.61361,57.82606],[14.5986,57.83512],[14.60426,57.85366],[14.56765,57.87158],[14.54374,57.87342],[14.50605,57.85437],[14.47955,57.87361],[14.48103,57.91617],[14.50358,57.93907],[14.53514,57.93946],[14.5772,57.95872],[14.57718,57.98823],[14.61345,58.00071],[14.62046,58.01739],[14.60886,58.05008],[14.61994,58.05431],[14.59338,58.09854],[14.59182,58.10037],[14.59167,58.10045],[14.59153,58.10082],[14.59123,58.10105],[14.59095,58.10125],[14.5903,58.10176],[14.58925,58.10269],[14.58905,58.1029],[14.58884,58.10299],[14.58854,58.1031],[14.58782,58.10333],[14.58758,58.10336],[14.58674,58.10418],[14.58278,58.10462],[14.58091,58.10564],[14.57976,58.10528],[14.57802,58.10543],[14.57774,58.10541],[14.57681,58.10529],[14.57397,58.10592],[14.57335,58.10644],[14.57254,58.10702],[14.57096,58.10746],[14.57016,58.10634],[14.56771,58.10649],[14.56698,58.1066],[14.56621,58.10655],[14.56487,58.1063],[14.56396,58.10562],[14.56377,58.10548],[14.56243,58.10543],[14.56102,58.10564],[14.55992,58.10566],[14.5586,58.10523],[14.55774,58.10478],[14.55696,58.10456],[14.55615,58.1046],[14.55564,58.10463],[14.55506,58.10452],[14.55266,58.10484],[14.55147,58.10482]]]]},"properties":{"lan_code":"06","kom_namn":"Jönköping","id":"0680","geo_point_2d":[57.77456,14.191]}},{"type":"Feature","geometry":{"type":"Polygon","coordinates":[[[15.51927,56.90066],[15.44717,56.87673],[15.4225,56.90152],[15.37426,56.88889],[15.33649,56.87278],[15.3422,56.85307],[15.27629,56.87522],[15.27509,56.85615],[15.28548,56.83185],[15.1874,56.83468],[15.18122,56.82529],[15.06532,56.80274],[15.08857,56.78629],[15.06608,56.76538],[15.07674,56.74258],[15.12102,56.72816],[15.14094,56.70438],[15.18657,56.69825],[15.19619,56.7176],[15.21304,56.721],[15.24095,56.69085],[15.28368,56.67848],[15.31987,56.6612],[15.33689,56.64454],[15.30453,56.63521],[15.33888,56.61112],[15.36714,56.6023],[15.37809,56.61041],[15.37843,56.61044],[15.39042,56.62206],[15.39043,56.62251],[15.40344,56.63051],[15.40627,56.6321],[15.41125,56.64622],[15.4109,56.64663],[15.40472,56.66183],[15.42396,56.67321],[15.42391,56.67343],[15.41374,56.67838],[15.41284,56.67853],[15.42066,56.70125],[15.42023,56.70176],[15.41977,56.70216],[15.41909,56.70306],[15.41578,56.71656],[15.38943,56.72605],[15.38663,56.74156],[15.3866,56.74181],[15.36084,56.75797],[15.36829,56.78065],[15.39626,56.78118],[15.40475,56.7804],[15.43746,56.77938],[15.44122,56.77921],[15.44908,56.7838],[15.44858,56.7851],[15.46144,56.79625],[15.47785,56.79625],[15.47792,56.79625],[15.4869,56.79629],[15.48885,56.7968],[15.48994,56.79537],[15.50451,56.7987],[15.52257,56.80284],[15.55314,56.8226],[15.55258,56.83839],[15.53773,56.86174],[15.55619,56.87406],[15.54286,56.89172],[15.54271,56.89173],[15.52866,56.90041],[15.51927,56.90066]]]},"properties":{"lan_code":"07","kom_namn":"Lessebo","id":"0761","geo_point_2d":[56.77509,15.31874]}},{"type":"Feature","geometry":{"type":"Polygon","coordinates":[[[16.74592,56.65704],[16.69557,56.66898],[16.66374,56.66639],[16.60748,56.68219],[16.6249,56.7185],[16.6292,56.74203],[16.56254,56.74631],[16.50393,56.7641],[16.46921,56.70895],[16.44378,56.69871],[16.43753,56.67087],[16.46422,56.6652],[16.44468,56.63446],[16.42185,56.61247],[16.38434,56.61223],[16.35794,56.47752],[16.38248,56.37727],[16.39278,56.34777],[16.38069,56.26728],[16.40041,56.25474],[16.38774,56.22345],[16.388,56.19053],[16.41229,56.19129],[16.48911,56.23257],[16.50157,56.26551],[16.58711,56.37536],[16.66242,56.53564],[16.7013,56.57316],[16.71741,56.61421],[16.74592,56.65704]]]},"properties":{"lan_code":"08","kom_namn":"Mörbylånga","id":"0840","geo_point_2d":[56.50438,16.51474]}},{"type":"Feature","geometry":{"type":"Polygon","coordinates":[[[16.17902,56.97897],[16.09179,56.98591],[16.05981,56.96534],[16.03876,56.97519],[16.00268,56.97801],[15.9982,57.03398],[15.93074,57.08232],[15.8937,57.08001],[15.888,57.08938],[15.83294,57.08653],[15.81437,57.07431],[15.77241,57.06321],[15.72989,57.06144],[15.74321,57.05133],[15.75631,57.04427],[15.76477,57.03973],[15.76726,57.03888],[15.81078,57.00822],[15.81185,57.00782],[15.81265,57.00662],[15.81312,57.00594],[15.8256,56.99546],[15.82556,56.99485],[15.82816,56.99255],[15.82871,56.9921],[15.83614,56.97419],[15.83368,56.94351],[15.82297,56.93117],[15.82297,56.9311],[15.79993,56.91493],[15.78364,56.91479],[15.77697,56.91651],[15.74552,56.91255],[15.74366,56.91223],[15.69259,56.91427],[15.66687,56.90277],[15.63689,56.9113],[15.62166,56.91652],[15.58175,56.9215],[15.58113,56.92171],[15.58059,56.92193],[15.58004,56.92204],[15.57948,56.92212],[15.57858,56.92221],[15.57785,56.9223],[15.57629,56.92251],[15.56988,56.92455],[15.56698,56.92559],[15.55888,56.92848],[15.55545,56.9297],[15.52017,56.91406],[15.51929,56.90069],[15.52866,56.90041],[15.54271,56.89173],[15.54286,56.89172],[15.55619,56.87406],[15.53773,56.86174],[15.55258,56.83839],[15.61526,56.82842],[15.64793,56.82716],[15.66625,56.78183],[15.70454,56.80372],[15.73573,56.78398],[15.71169,56.7682],[15.70627,56.74745],[15.66836,56.70135],[15.65242,56.69359],[15.63624,56.66018],[15.68061,56.66384],[15.67013,56.64876],[15.72496,56.61982],[15.77493,56.58525],[15.81113,56.59661],[15.85082,56.58907],[15.88297,56.59634],[15.8817,56.61611],[15.92727,56.62763],[15.93918,56.63896],[15.91943,56.65162],[15.91814,56.68193],[15.95968,56.68949],[16.01633,56.6653],[16.06772,56.67018],[16.07513,56.68746],[16.04715,56.69106],[16.06612,56.71387],[16.0414,56.72658],[16.04809,56.73516],[16.13068,56.75187],[16.10573,56.79206],[16.09634,56.83569],[16.12978,56.83183],[16.14005,56.84654],[16.17984,56.87092],[16.16405,56.8954],[16.22562,56.91961],[16.2369,56.93175],[16.22467,56.93675],[16.21194,56.96461],[16.17902,56.97897]]]},"properties":{"lan_code":"08","kom_namn":"Nybro","id":"0881","geo_point_2d":[56.83623,15.8854]}},{"type":"Feature","geometry":{"type":"Polygon","coordinates":[[[13.46267,56.14545],[13.46846,56.16416],[13.45132,56.19212],[13.46643,56.2105],[13.42762,56.25017],[13.41794,56.26596],[13.34749,56.2693],[13.3214,56.24595],[13.27944,56.22552],[13.27185,56.21545],[13.27841,56.19549],[13.26511,56.18356],[13.30301,56.17137],[13.30934,56.15889],[13.28999,56.14702],[13.3059,56.12832],[13.30894,56.12868],[13.36553,56.11904],[13.40888,56.1005],[13.42782,56.10044],[13.46269,56.1452],[13.46267,56.14545]]]},"properties":{"lan_code":"12","kom_namn":"Perstorp","id":"1275","geo_point_2d":[56.18713,13.3747]}},{"type":"Feature","geometry":{"type":"Polygon","coordinates":[[[13.6764,58.54492],[13.65362,58.57161],[13.62614,58.57539],[13.58949,58.59683],[13.62116,58.61355],[13.60498,58.65601],[13.63482,58.69124],[13.63053,58.71145],[13.62022,58.72532],[13.49817,58.68498],[13.42606,58.64465],[13.39735,58.6417],[13.33949,58.61107],[13.30182,58.55158],[13.28714,58.54664],[13.2678,58.50557],[13.25291,58.50414],[13.26959,58.48749],[13.31084,58.47581],[13.30226,58.46367],[13.31973,58.44834],[13.38997,58.43335],[13.43681,58.43273],[13.46086,58.45197],[13.54032,58.45553],[13.56774,58.47295],[13.62116,58.48033],[13.6421,58.51436],[13.66225,58.52324],[13.6764,58.54492]]]},"properties":{"lan_code":"14","kom_namn":"Götene","id":"1471","geo_point_2d":[58.55807,13.47581]}},{"type":"Feature","geometry":{"type":"Polygon","coordinates":[[[16.22695,59.4673],[16.19213,59.45094],[16.10794,59.45924],[16.08442,59.47191],[16.05567,59.4707],[16.00625,59.47956],[15.9622,59.4689],[15.93781,59.48168],[15.90474,59.46577],[15.86776,59.45792],[15.88566,59.42451],[15.95289,59.41002],[15.9783,59.3954],[15.99644,59.35954],[16.03513,59.36926],[16.07232,59.35197],[16.10518,59.3505],[16.11307,59.35029],[16.15666,59.34645],[16.1567,59.34643],[16.18116,59.35204],[16.18519,59.35218],[16.19212,59.35374],[16.20353,59.3585],[16.20958,59.3598],[16.21033,59.35996],[16.21167,59.3601],[16.23561,59.35997],[16.24063,59.36029],[16.24473,59.36051],[16.26648,59.36195],[16.27363,59.38855],[16.2802,59.39319],[16.3002,59.39771],[16.30553,59.39941],[16.29892,59.39922],[16.27299,59.40505],[16.26927,59.40638],[16.26198,59.40924],[16.26187,59.4092],[16.26179,59.40902],[16.26156,59.40902],[16.24755,59.42622],[16.24786,59.4298],[16.24801,59.43189],[16.2482,59.4333],[16.24881,59.44021],[16.25426,59.45246],[16.22695,59.4673]]]},"properties":{"lan_code":"19","kom_namn":"Kungsör","id":"1960","geo_point_2d":[59.41527,16.0868]}},{"type":"Feature","geometry":{"type":"Polygon","coordinates":[[[13.54264,61.03167],[13.51327,61.09246],[13.43993,61.1477],[13.39392,61.21049],[13.35311,61.28723],[13.25229,61.36366],[13.23955,61.38587],[13.19825,61.41655],[13.09837,61.52175],[13.07422,61.50206],[12.87086,61.35649],[12.83384,61.25846],[12.79035,61.19704],[12.70702,61.14327],[12.68259,61.06122],[12.67023,61.056],[12.6987,60.99812],[12.79075,60.95063],[12.80536,60.94309],[12.84266,60.92379],[12.8435,60.92335],[12.96144,60.86254],[12.97772,60.85478],[12.98636,60.85069],[13.0815,60.80591],[13.16026,60.75425],[13.16632,60.74531],[13.1911,60.70792],[13.19205,60.7065],[13.19469,60.70257],[13.19732,60.69853],[13.19648,60.69701],[13.19663,60.69698],[13.19972,60.69097],[13.19957,60.69081],[13.19466,60.68484],[13.21568,60.68533],[13.23058,60.6857],[13.24249,60.68596],[13.25346,60.6789],[13.26312,60.66414],[13.27295,60.64896],[13.27551,60.64491],[13.29522,60.62991],[13.30575,60.62206],[13.30921,60.61948],[13.32414,60.60834],[13.3328,60.59895],[13.34878,60.58486],[13.36027,60.5751],[13.36046,60.57496],[13.36511,60.57099],[13.36613,60.57008],[13.38837,60.55114],[13.38849,60.55104],[13.39346,60.54679],[13.39392,60.54643],[13.40805,60.53433],[13.4083,60.53413],[13.40911,60.53343],[13.41212,60.53084],[13.41684,60.52678],[13.42345,60.52119],[13.42348,60.52115],[13.42359,60.52106],[13.43712,60.50461],[13.43786,60.50357],[13.43897,60.50201],[13.43967,60.50109],[13.46223,60.46799],[13.46477,60.46426],[13.47114,60.45791],[13.47649,60.45526],[13.54234,60.42247],[13.55043,60.42165],[13.58816,60.41781],[13.58932,60.41769],[13.59467,60.41715],[13.59733,60.41688],[13.62169,60.41439],[13.62711,60.41325],[13.6625,60.40525],[13.67083,60.40336],[13.6966,60.38197],[13.72108,60.36175],[13.73771,60.3448],[13.74371,60.33813],[13.7871,60.2908],[13.78741,60.29046],[13.82801,60.25474],[13.96552,60.1752],[14.01193,60.19111],[13.99591,60.21097],[13.95107,60.251],[13.94152,60.26664],[13.94774,60.29021],[13.94172,60.35816],[13.90453,60.45768],[13.91155,60.49041],[13.90368,60.50565],[13.89921,60.56223],[13.95404,60.58433],[13.99196,60.58751],[14.02046,60.62175],[14.01105,60.66431],[14.00566,60.68791],[13.94343,60.73469],[13.95882,60.74351],[14.01627,60.80385],[13.97874,60.84322],[13.90669,60.86735],[13.61088,60.86109],[13.61285,60.90224],[13.54264,61.03167]]]},"properties":{"lan_code":"20","kom_namn":"Malung-Sälen","id":"2023","geo_point_2d":[60.8844,13.36851]}},{"type":"Feature","geometry":{"type":"Polygon","coordinates":[[[23.28645,68.15446],[23.2106,68.14599],[23.16982,68.13306],[23.14007,68.1554],[23.15163,68.23423],[23.14199,68.24784],[23.11033,68.25236],[23.06463,68.27933],[23.07007,68.30031],[22.98754,68.31983],[22.97184,68.33218],[22.91731,68.33356],[22.89174,68.34923],[22.84573,68.36079],[22.84511,68.38318],[22.80124,68.39344],[22.75812,68.38444],[22.68788,68.39947],[22.64596,68.41685],[22.64354,68.4314],[22.57092,68.42272],[22.55534,68.4342],[22.50702,68.44213],[22.46742,68.44165],[22.43668,68.46013],[22.40319,68.46619],[22.34047,68.44605],[22.35138,68.48122],[22.25117,68.48232],[22.15291,68.47013],[22.11466,68.48203],[22.04441,68.4793],[22.01114,68.49987],[21.99236,68.53376],[21.88713,68.58491],[21.83965,68.59123],[21.77081,68.58572],[21.70002,68.59743],[21.69749,68.63217],[21.56407,68.67568],[21.51136,68.67567],[21.42906,68.69193],[21.40545,68.7362],[21.40211,68.75739],[21.36695,68.76719],[21.31774,68.7594],[21.26971,68.78029],[21.23392,68.81401],[21.14462,68.84008],[21.12843,68.85351],[21.0186,68.88961],[20.91445,68.89696],[20.84316,68.93665],[20.89026,68.94139],[20.91392,68.96145],[20.88355,68.98317],[20.83461,68.9962],[20.8134,69.01717],[20.7715,69.03301],[20.70841,69.04292],[20.64054,69.04367],[20.54864,69.05997],[20.06005,69.04576],[20.2377,68.95606],[20.30643,68.92617],[20.33587,68.80231],[20.2027,68.66591],[20.05212,68.59105],[19.9375,68.55794],[20.02577,68.5308],[20.22642,68.49081],[19.97786,68.38815],[19.9214,68.35601],[19.70749,68.3939],[18.9837,68.51695],[18.62115,68.50694],[18.48563,68.55649],[18.40561,68.58185],[18.12585,68.53649],[18.10109,68.40604],[18.11458,68.34045],[18.15129,68.19878],[17.89971,67.96934],[18.18652,67.89515],[18.35186,67.85431],[18.78256,67.85206],[18.85256,67.84447],[19.00504,67.85732],[19.08185,67.85136],[19.2492,67.84844],[19.32165,67.85628],[19.40816,67.85218],[19.48443,67.83762],[19.63579,67.82808],[19.64187,67.82095],[19.70199,67.81322],[19.78131,67.8149],[19.81321,67.80138],[19.87296,67.7866],[19.92398,67.78054],[19.97738,67.76334],[20.00913,67.74582],[20.04219,67.74271],[20.08275,67.74998],[20.11795,67.74754],[20.16474,67.73079],[20.22286,67.72176],[20.28085,67.73099],[20.35229,67.72925],[20.40117,67.70402],[20.47062,67.6885],[20.49633,67.68796],[20.58746,67.66546],[20.69219,67.64296],[20.77353,67.60788],[20.91697,67.56012],[20.96961,67.53269],[21.01535,67.52163],[21.06786,67.49488],[21.18564,67.48059],[21.29481,67.47374],[21.355,67.48475],[21.41871,67.46907],[21.44082,67.4739],[21.5034,67.47029],[21.54185,67.46251],[21.7849,67.45043],[21.86504,67.42861],[21.90981,67.41146],[21.91508,67.39578],[21.88538,67.3912],[21.96226,67.35616],[22.05892,67.42624],[22.19509,67.55364],[22.46464,67.74589],[22.81309,67.83866],[23.28645,68.15446]]]},"properties":{"lan_code":"25","kom_namn":"Kiruna","id":"2584","geo_point_2d":[68.16269,20.71106]}},{"type":"Feature","geometry":{"type":"Polygon","coordinates":[[[18.17719,59.23243],[18.13367,59.2424],[18.10928,59.22705],[17.98032,59.26257],[17.94665,59.2867],[17.91528,59.27896],[17.90555,59.26841],[17.86349,59.27454],[17.85583,59.26727],[17.87246,59.26028],[17.87626,59.22979],[17.92839,59.22251],[17.93503,59.19329],[17.9644,59.18794],[17.98483,59.15669],[18.02493,59.1412],[18.08731,59.14949],[18.10805,59.16701],[18.11806,59.19169],[18.18314,59.21083],[18.17719,59.23243]]]},"properties":{"lan_code":"01","kom_namn":"Huddinge","id":"0126","geo_point_2d":[59.21394,18.01648]}},{"type":"Feature","geometry":{"type":"Polygon","coordinates":[[[17.71218,60.14134],[17.71586,60.13439],[17.63875,60.12134],[17.60967,60.11011],[17.62662,60.09669],[17.57331,60.08945],[17.51364,60.13446],[17.49163,60.17028],[17.46379,60.1789],[17.40002,60.14517],[17.36447,60.15105],[17.32176,60.1335],[17.30854,60.10711],[17.3027,60.06458],[17.27933,60.04369],[17.25225,60.03858],[17.20676,60.0448],[17.16001,60.00663],[17.0846,59.99064],[17.07986,59.97223],[17.12443,59.9711],[17.12921,59.94593],[17.12786,59.88791],[17.11886,59.88307],[17.16989,59.8635],[17.15497,59.85151],[17.18231,59.83047],[17.21347,59.83294],[17.24226,59.80685],[17.28147,59.78387],[17.31459,59.79333],[17.38109,59.78023],[17.40951,59.73212],[17.53857,59.73329],[17.56521,59.73406],[17.60991,59.74473],[17.62207,59.7731],[17.66046,59.78617],[17.6955,59.7669],[17.75699,59.77783],[17.77096,59.80052],[17.80455,59.82389],[17.87945,59.81383],[17.90146,59.81852],[17.9614,59.80723],[18.00662,59.81179],[18.02792,59.82684],[18.06537,59.80939],[18.15297,59.82251],[18.1977,59.83154],[18.21968,59.82818],[18.25958,59.83592],[18.27341,59.85059],[18.33731,59.86342],[18.36474,59.86451],[18.40388,59.89923],[18.37728,59.93636],[18.39028,59.95361],[18.42337,59.95633],[18.42722,59.98186],[18.45051,59.9931],[18.45965,59.99365],[18.46792,60.00718],[18.41775,60.0253],[18.38852,60.04124],[18.38877,60.05899],[18.35042,60.06588],[18.31914,60.06139],[18.33891,60.03842],[18.26329,60.03455],[18.21246,60.02396],[18.06599,60.04956],[18.04911,60.04333],[18.0373,60.02328],[17.99068,60.0479],[17.98539,60.05852],[17.91526,60.06328],[17.89041,60.07325],[17.90364,60.08718],[17.8881,60.10328],[17.85256,60.10287],[17.85198,60.13593],[17.80353,60.14949],[17.75704,60.12581],[17.71218,60.14134]]]},"properties":{"lan_code":"03","kom_namn":"Uppsala","id":"0380","geo_point_2d":[59.94494,17.71649]}},{"type":"Feature","geometry":{"type":"Polygon","coordinates":[[[15.48832,58.63469],[15.46943,58.62873],[15.41749,58.65219],[15.37235,58.62861],[15.39076,58.60877],[15.37236,58.54764],[15.38016,58.52238],[15.37076,58.49061],[15.38966,58.47105],[15.35368,58.45307],[15.32205,58.44896],[15.31079,58.43497],[15.29516,58.41632],[15.25981,58.40143],[15.28755,58.39111],[15.32208,58.3983],[15.35209,58.38911],[15.34188,58.35679],[15.36709,58.3443],[15.34078,58.29237],[15.37057,58.25357],[15.36061,58.23098],[15.37643,58.20744],[15.37591,58.16686],[15.3441,58.15727],[15.33614,58.14698],[15.27693,58.13478],[15.29546,58.10261],[15.34878,58.10282],[15.34453,58.08369],[15.37896,58.07872],[15.37899,58.06327],[15.41372,58.06613],[15.43499,58.08789],[15.45185,58.07263],[15.49533,58.07971],[15.51105,58.09322],[15.51563,58.1204],[15.55301,58.14296],[15.55773,58.19824],[15.59266,58.1877],[15.65222,58.17911],[15.65009,58.15886],[15.68872,58.16555],[15.74251,58.18679],[15.76718,58.20476],[15.81543,58.2061],[15.82794,58.21018],[15.82811,58.21232],[15.83835,58.22913],[15.82012,58.25029],[15.83165,58.2699],[15.79671,58.28609],[15.81569,58.29317],[15.80221,58.3084],[15.85054,58.3285],[15.88577,58.33302],[15.90194,58.34646],[15.92929,58.33554],[15.99696,58.36062],[16.05103,58.37376],[16.07527,58.37182],[16.05432,58.38341],[16.00912,58.41971],[15.95206,58.4271],[15.97624,58.44388],[15.94627,58.47073],[15.92113,58.47366],[15.92883,58.49266],[15.91751,58.51197],[15.81746,58.51858],[15.75942,58.51174],[15.75667,58.55158],[15.69104,58.55947],[15.68363,58.57828],[15.62702,58.61421],[15.59873,58.63271],[15.58011,58.63634],[15.56658,58.61259],[15.53608,58.60552],[15.53971,58.64006],[15.48832,58.63469]]]},"properties":{"lan_code":"05","kom_namn":"Linköping","id":"0580","geo_point_2d":[58.37157,15.59924]}},{"type":"Feature","geometry":{"type":"Polygon","coordinates":[[[13.79273,56.6058],[13.77461,56.60477],[13.76023,56.61999],[13.77011,56.65789],[13.74867,56.67592],[13.70381,56.64653],[13.60606,56.64971],[13.57677,56.66767],[13.54711,56.66934],[13.50673,56.66072],[13.46718,56.62405],[13.43415,56.61324],[13.39759,56.60885],[13.41781,56.57764],[13.43989,56.57126],[13.44022,56.55414],[13.46479,56.51396],[13.45461,56.49709],[13.44988,56.46787],[13.46458,56.44762],[13.46176,56.42784],[13.50053,56.40562],[13.52162,56.41173],[13.54262,56.40379],[13.58065,56.40903],[13.62801,56.41808],[13.69635,56.42464],[13.71583,56.43113],[13.7199,56.46368],[13.76115,56.47021],[13.78004,56.4982],[13.82215,56.50346],[13.8261,56.52689],[13.80725,56.54573],[13.80865,56.55793],[13.79273,56.6058]]]},"properties":{"lan_code":"07","kom_namn":"Markaryd","id":"0767","geo_point_2d":[56.54103,13.61318]}},{"type":"Feature","geometry":{"type":"MultiPolygon","coordinates":[[[[15.3802,56.39571],[15.36922,56.37914],[15.39733,56.35988],[15.39912,56.38699],[15.3802,56.39571]]],[[[15.44388,56.48676],[15.39498,56.49832],[15.38648,56.50062],[15.36468,56.48214],[15.31684,56.45552],[15.28679,56.45678],[15.26742,56.46672],[15.20876,56.4595],[15.21999,56.45094],[15.20998,56.43488],[15.20998,56.43479],[15.17995,56.42759],[15.14674,56.4363],[15.12336,56.45521],[15.03315,56.45078],[15.00088,56.44564],[14.97923,56.43403],[14.97163,56.40908],[14.93077,56.38374],[14.95703,56.37034],[15.01514,56.36281],[15.03508,56.31913],[15.01196,56.27177],[15.03277,56.26196],[15.07063,56.20455],[15.05977,56.18824],[15.06556,56.16728],[15.04752,56.1375],[15.06238,56.1215],[15.13799,56.14281],[15.16432,56.13513],[15.22624,56.13086],[15.2225,56.1156],[15.26594,56.12186],[15.41297,56.11112],[15.42694,56.12137],[15.47832,56.13397],[15.50584,56.13104],[15.5236,56.14115],[15.5193,56.15827],[15.50226,56.1646],[15.4731,56.20709],[15.49129,56.23837],[15.47067,56.24791],[15.48848,56.26078],[15.47529,56.27474],[15.44439,56.27467],[15.43347,56.28467],[15.40727,56.27854],[15.38684,56.28552],[15.37518,56.34298],[15.35016,56.34478],[15.31407,56.36101],[15.3076,56.38454],[15.3484,56.38138],[15.33612,56.40757],[15.38827,56.41518],[15.41365,56.40249],[15.43422,56.4418],[15.45562,56.45175],[15.50045,56.44086],[15.5068,56.45302],[15.4727,56.46613],[15.48102,56.47978],[15.4806,56.47998],[15.44438,56.48553],[15.44388,56.48676]]]]},"properties":{"lan_code":"10","kom_namn":"Ronneby","id":"1081","geo_point_2d":[56.29161,15.24043]}},{"type":"Feature","geometry":{"type":"Polygon","coordinates":[[[13.29575,55.60279],[13.30795,55.61399],[13.34135,55.60993],[13.35162,55.62976],[13.31496,55.63942],[13.28965,55.66048],[13.2927,55.67202],[13.26817,55.68464],[13.21793,55.67603],[13.17958,55.67783],[13.15603,55.6978],[13.11188,55.70229],[13.11204,55.66612],[13.11653,55.66229],[13.11671,55.6622],[13.13652,55.6556],[13.1191,55.64039],[13.11908,55.64024],[13.10912,55.63188],[13.12499,55.60771],[13.14034,55.59992],[13.18238,55.59501],[13.19043,55.61306],[13.26709,55.61678],[13.29575,55.60279]]]},"properties":{"lan_code":"12","kom_namn":"Staffanstorp","id":"1230","geo_point_2d":[55.64581,13.21087]}},{"type":"Feature","geometry":{"type":"Polygon","coordinates":[[[14.34536,56.2911],[14.28006,56.30029],[14.28567,56.32757],[14.31399,56.33613],[14.2944,56.37155],[14.25797,56.36981],[14.24846,56.33839],[14.21707,56.34554],[14.20731,56.36006],[14.21466,56.39451],[14.24693,56.44454],[14.22395,56.45332],[14.2096,56.43784],[14.18026,56.428],[14.15915,56.38902],[14.13886,56.38542],[14.12039,56.36555],[14.07711,56.35521],[14.07251,56.33508],[14.02203,56.33929],[13.98939,56.31413],[13.99949,56.26423],[13.96947,56.23678],[13.99395,56.17461],[14.01432,56.17592],[14.01423,56.15638],[14.06688,56.13329],[14.13893,56.12543],[14.17582,56.15414],[14.20343,56.15137],[14.22802,56.17091],[14.24605,56.17419],[14.2647,56.21653],[14.28437,56.24731],[14.34536,56.2911]]]},"properties":{"lan_code":"12","kom_namn":"Östra Göinge","id":"1256","geo_point_2d":[56.26535,14.14437]}},{"type":"Feature","geometry":{"type":"Polygon","coordinates":[[[13.44773,55.5105],[13.4361,55.50901],[13.41105,55.48168],[13.37616,55.46877],[13.33992,55.47527],[13.29721,55.47669],[13.24121,55.47072],[13.22172,55.48209],[13.2009,55.46855],[13.17648,55.47543],[13.15654,55.47185],[13.12215,55.45061],[13.10593,55.46266],[13.05311,55.45905],[13.05236,55.43116],[13.04252,55.40395],[13.01103,55.38053],[13.08246,55.36259],[13.0998,55.36977],[13.14713,55.36112],[13.16598,55.36481],[13.20141,55.35916],[13.27298,55.34053],[13.35653,55.32758],[13.39573,55.34008],[13.48389,55.37697],[13.49071,55.39351],[13.47252,55.41374],[13.44536,55.42054],[13.47094,55.46047],[13.44622,55.47943],[13.44773,55.5105]]]},"properties":{"lan_code":"12","kom_namn":"Trelleborg","id":"1287","geo_point_2d":[55.41101,13.27251]}},{"type":"Feature","geometry":{"type":"Polygon","coordinates":[[[12.23835,59.24236],[12.23563,59.25712],[12.20007,59.25209],[12.19157,59.25088],[12.18551,59.25],[12.12881,59.25054],[12.12336,59.25019],[12.09318,59.25474],[12.09188,59.25496],[12.09161,59.25502],[12.08495,59.25655],[12.0822,59.25724],[12.08256,59.24051],[12.08349,59.23302],[12.08896,59.22176],[12.08961,59.22026],[12.0927,59.20976],[12.0926,59.20965],[12.0943,59.2026],[12.09399,59.20228],[12.09447,59.20012],[12.09465,59.2],[12.09545,59.19819],[12.09553,59.1981],[12.09644,59.19795],[12.09653,59.19798],[12.09868,59.19836],[12.09885,59.19815],[12.09973,59.19788],[12.10047,59.19748],[12.10103,59.19695],[12.10134,59.19697],[12.10327,59.19705],[12.10342,59.19704],[12.1046,59.19695],[12.10487,59.19691],[12.10701,59.19647],[12.10713,59.19645],[12.10093,59.19089],[12.09547,59.18877],[12.09466,59.18725],[12.09437,59.18489],[12.09407,59.18483],[12.09377,59.18479],[12.08924,59.18359],[12.08457,59.17636],[12.04839,59.19307],[12.03253,59.2014],[12.02949,59.21199],[12.0186,59.21292],[11.98811,59.22447],[11.96292,59.23913],[11.94842,59.24967],[11.94307,59.24034],[11.94185,59.2333],[11.93848,59.23154],[11.91443,59.22381],[11.9077,59.22315],[11.8922,59.22484],[11.89102,59.22517],[11.89055,59.2253],[11.89022,59.22539],[11.88914,59.22568],[11.88306,59.2262],[11.86939,59.23055],[11.86316,59.23118],[11.84827,59.2332],[11.83785,59.23537],[11.83572,59.23581],[11.82999,59.20451],[11.83627,59.19103],[11.87233,59.16947],[11.88078,59.15652],[11.91064,59.16009],[11.94985,59.15418],[11.97053,59.12303],[11.99687,59.11974],[11.97095,59.09628],[12.01557,59.07332],[12.01387,59.0494],[12.04765,59.03364],[12.07805,59.03794],[12.11672,58.99904],[12.11302,58.97737],[12.14109,58.97844],[12.1439,58.95918],[12.08778,58.94211],[12.08255,58.91703],[12.10091,58.90607],[12.08639,58.88132],[12.10114,58.86117],[12.08856,58.8387],[12.05238,58.83457],[11.99743,58.795],[12.02175,58.77604],[12.09921,58.7839],[12.1296,58.79485],[12.16439,58.77468],[12.18959,58.74954],[12.221,58.76898],[12.23615,58.76354],[12.26269,58.77731],[12.25915,58.79674],[12.23174,58.81903],[12.23345,58.83769],[12.26318,58.85368],[12.31797,58.84667],[12.35932,58.85361],[12.35786,58.83967],[12.40276,58.842],[12.39922,58.85239],[12.43282,58.86714],[12.44615,58.91739],[12.45631,58.93267],[12.443,58.94418],[12.4176,58.94461],[12.41109,58.98405],[12.42538,59.00269],[12.4024,59.00548],[12.42926,59.0303],[12.4118,59.05216],[12.45742,59.13216],[12.46581,59.14114],[12.4623,59.14317],[12.46066,59.1528],[12.46053,59.15274],[12.45989,59.15266],[12.45966,59.1527],[12.45884,59.15303],[12.45876,59.15312],[12.45736,59.15425],[12.45708,59.15428],[12.45598,59.15459],[12.45608,59.1547],[12.45618,59.15478],[12.45253,59.15708],[12.45228,59.1572],[12.45146,59.15729],[12.45136,59.15743],[12.45141,59.15749],[12.42316,59.16347],[12.42246,59.17502],[12.434,59.17538],[12.45714,59.17676],[12.45728,59.1769],[12.45751,59.17751],[12.45783,59.17767],[12.45813,59.178],[12.45925,59.17863],[12.46246,59.18193],[12.46221,59.18279],[12.45998,59.18918],[12.4587,59.19285],[12.44848,59.19426],[12.44657,59.19429],[12.44013,59.19448],[12.42242,59.19261],[12.37583,59.17899],[12.37008,59.17759],[12.35673,59.17525],[12.35509,59.17497],[12.35429,59.17483],[12.33644,59.17524],[12.29729,59.19641],[12.26084,59.1945],[12.24334,59.23419],[12.24316,59.23435],[12.23995,59.23929],[12.23922,59.23932],[12.23866,59.24177],[12.23835,59.24236]]]},"properties":{"lan_code":"14","kom_namn":"Bengtsfors","id":"1460","geo_point_2d":[59.03457,12.20302]}},{"type":"Feature","geometry":{"type":"Polygon","coordinates":[[[12.92784,59.55956],[12.87803,59.54749],[12.87829,59.51043],[12.83019,59.49307],[12.82358,59.47599],[12.84035,59.42988],[12.90633,59.44323],[12.89364,59.42347],[12.92798,59.39941],[12.90712,59.38628],[12.90216,59.34751],[12.91518,59.31401],[12.90699,59.27991],[12.9173,59.25099],[13.00349,59.23655],[13.03899,59.24416],[13.07245,59.23661],[13.11398,59.25276],[13.17692,59.25496],[13.16537,59.32514],[13.17711,59.34005],[13.14824,59.39748],[13.16334,59.47012],[13.15248,59.47245],[13.09812,59.49589],[13.07685,59.49818],[13.04067,59.53574],[13.00133,59.5301],[12.93351,59.5396],[12.92784,59.55956]]]},"properties":{"lan_code":"17","kom_namn":"Grums","id":"1764","geo_point_2d":[59.39109,13.01562]}},{"type":"Feature","geometry":{"type":"Polygon","coordinates":[[[14.87362,62.40048],[14.84767,62.39405],[14.80101,62.40394],[14.73834,62.3696],[14.72654,62.35866],[14.55575,62.2808],[14.4643,62.30478],[14.34018,62.30344],[14.29698,62.33179],[14.21618,62.3588],[14.08427,62.44708],[14.02083,62.50587],[14.0023,62.5774],[13.98049,62.58632],[13.975,62.60321],[13.99235,62.61889],[13.87056,62.62665],[13.87617,62.67112],[13.8131,62.71575],[13.6868,62.67673],[13.63156,62.67261],[13.58083,62.69331],[13.49668,62.71353],[13.42576,62.75963],[13.38433,62.75063],[13.36683,62.67796],[13.43157,62.64297],[13.48303,62.63164],[13.38747,62.6195],[13.3671,62.60872],[13.27242,62.61733],[13.26349,62.6341],[13.27794,62.66403],[13.18974,62.67567],[13.14751,62.70675],[13.04698,62.71075],[12.97253,62.74351],[12.89675,62.71301],[12.89748,62.67741],[12.85922,62.69477],[12.7813,62.7064],[12.63726,62.70669],[12.59016,62.73456],[12.51605,62.75445],[12.4921,62.76472],[12.13641,62.74791],[12.05614,62.61193],[12.10553,62.54108],[12.29941,62.2675],[12.33898,62.25908],[12.34018,62.25882],[12.36256,62.25467],[12.53538,62.22658],[12.60781,62.21478],[12.64067,62.21562],[12.80597,62.22053],[12.81675,62.21179],[12.82965,62.20134],[12.90264,62.14185],[12.90937,62.1407],[12.92874,62.13737],[12.95144,62.13342],[13.00415,62.06587],[13.03843,62.07144],[13.0801,62.05207],[13.08351,62.0511],[13.11639,62.04176],[13.15868,62.01966],[13.19413,62.03195],[13.20477,62.03573],[13.21907,62.04081],[13.258,62.05084],[13.2734,62.05481],[13.28614,62.05808],[13.28706,62.05231],[13.29354,62.01162],[13.39193,62.00081],[13.32487,61.97519],[13.31842,61.97274],[13.29739,61.96475],[13.23766,61.94202],[13.20032,61.9291],[13.23624,61.91948],[13.26132,61.91282],[13.29295,61.89249],[13.32603,61.87119],[13.38316,61.83397],[13.41328,61.7964],[13.42999,61.78361],[13.43467,61.78003],[13.44309,61.77358],[13.49639,61.72952],[13.51154,61.70976],[13.49277,61.70125],[13.49214,61.69887],[13.48983,61.69014],[13.55922,61.6435],[13.59838,61.65633],[13.69038,61.64768],[13.75345,61.64157],[13.81593,61.64242],[13.89795,61.63506],[13.97679,61.6214],[14.05249,61.61934],[14.0642,61.61918],[14.10959,61.61856],[14.19475,61.61647],[14.20929,61.61519],[14.212,61.61494],[14.25127,61.61134],[14.28509,61.60825],[14.3079,61.60428],[14.33613,61.59937],[14.36446,61.58223],[14.37544,61.57556],[14.39274,61.56498],[14.39458,61.56391],[14.41324,61.57482],[14.41777,61.57747],[14.44665,61.59468],[14.49465,61.62306],[14.49938,61.62587],[14.50973,61.69295],[14.51448,61.72262],[14.5303,61.78381],[14.67294,61.89662],[14.69873,61.87949],[14.74501,61.83798],[14.74535,61.8377],[14.75652,61.82897],[14.76264,61.82402],[14.7852,61.80515],[14.7852,61.80484],[14.80305,61.79557],[14.85628,61.78359],[14.84169,61.8042],[14.80934,61.8182],[14.76106,61.86398],[14.80584,61.8862],[14.86313,61.82738],[14.86539,61.80912],[14.92785,61.82131],[14.90487,61.87932],[14.92852,61.87707],[14.98079,61.87301],[15.04496,61.86801],[15.04518,61.86766],[15.04758,61.82388],[15.0918,61.81912],[15.10863,61.84397],[15.08789,61.89278],[15.11589,61.89444],[15.11282,61.93129],[15.12865,61.94506],[15.14062,61.95217],[15.11055,61.95683],[15.09843,61.98577],[15.09766,61.98711],[15.09214,61.99685],[15.11727,62.00589],[15.12455,62.00851],[15.15568,62.01969],[15.20926,62.03777],[15.21202,62.03901],[15.23289,62.0464],[15.26195,62.05734],[15.30927,62.07788],[15.31226,62.07918],[15.33979,62.0911],[15.41715,62.11139],[15.42925,62.1449],[15.42001,62.15749],[15.40143,62.18325],[15.40077,62.18674],[15.39949,62.19352],[15.36834,62.20855],[15.3662,62.2095],[15.34875,62.22496],[15.34377,62.23532],[15.33517,62.25319],[15.3322,62.25936],[15.32612,62.27199],[15.28455,62.29297],[15.15264,62.24998],[15.00094,62.30003],[14.9461,62.31815],[14.94552,62.31834],[14.93951,62.32033],[14.93827,62.32137],[14.89694,62.35658],[14.86528,62.39078],[14.87362,62.40048]]]},"properties":{"lan_code":"23","kom_namn":"Härjedalen","id":"2361","geo_point_2d":[62.21275,13.70328]}},{"type":"Feature","geometry":{"type":"Polygon","coordinates":[[[17.5579,64.73293],[17.51081,64.75228],[17.33908,64.75682],[17.33988,64.78092],[16.77922,64.96539],[16.59513,65.02547],[16.12134,65.31223],[15.8049,65.37888],[15.70511,65.40087],[15.27374,65.41067],[15.20857,65.42167],[15.12556,65.40526],[14.99366,65.40623],[14.97849,65.40188],[14.90282,65.42842],[14.81977,65.42188],[14.78931,65.41547],[14.68503,65.41492],[14.65036,65.42521],[14.60893,65.42229],[14.56681,65.43624],[14.50065,65.44421],[14.50677,65.30973],[14.37873,65.24763],[14.3259,65.11892],[14.61303,65.00236],[14.69751,64.99049],[14.70511,64.98135],[15.13314,64.92958],[15.17087,64.9211],[15.48081,64.87209],[15.78621,64.76329],[15.94473,64.70434],[16.13768,64.55443],[16.37215,64.47493],[16.6045,64.43318],[16.7149,64.37316],[16.72728,64.35352],[16.92089,64.3561],[16.9499,64.39903],[17.6569,64.48697],[17.69527,64.50074],[17.70809,64.52017],[17.62035,64.6021],[17.68154,64.62464],[17.6543,64.63779],[17.65385,64.66778],[17.58793,64.67919],[17.54806,64.6692],[17.50482,64.7094],[17.5579,64.73293]]]},"properties":{"lan_code":"24","kom_namn":"Vilhelmina","id":"2462","geo_point_2d":[64.93607,16.00661]}},{"type":"Feature","geometry":{"type":"Polygon","coordinates":[[[17.80731,59.57556],[17.75636,59.59637],[17.67053,59.61558],[17.64141,59.63416],[17.59045,59.64976],[17.57818,59.64029],[17.53961,59.63526],[17.51356,59.61155],[17.5427,59.58051],[17.54438,59.5788],[17.55139,59.57263],[17.57403,59.56144],[17.55975,59.54845],[17.55889,59.54857],[17.54842,59.54996],[17.54718,59.54743],[17.54522,59.54427],[17.51639,59.51796],[17.46482,59.5074],[17.4818,59.48542],[17.50207,59.45982],[17.50435,59.44054],[17.54364,59.4418],[17.6067,59.42822],[17.63678,59.45157],[17.73211,59.42055],[17.75985,59.42957],[17.79706,59.4676],[17.79925,59.50889],[17.83199,59.52214],[17.81091,59.53411],[17.80731,59.57556]]]},"properties":{"lan_code":"01","kom_namn":"Upplands-Bro","id":"0139","geo_point_2d":[59.52626,17.65133]}},{"type":"Feature","geometry":{"type":"Polygon","coordinates":[[[14.98464,58.1494],[14.98419,58.14953],[14.92697,58.13428],[14.8986,58.13772],[14.88906,58.12889],[14.91489,58.1112],[14.9124,58.11072],[14.89841,58.11211],[14.89729,58.11177],[14.89655,58.10994],[14.89734,58.08539],[14.89678,58.08542],[14.89049,58.0847],[14.8868,58.08524],[14.88564,58.08862],[14.88553,58.08876],[14.88051,58.0909],[14.8803,58.09089],[14.84413,58.0853],[14.84328,58.08536],[14.8088,58.0827],[14.76564,58.08614],[14.75923,58.10382],[14.73135,58.10006],[14.72914,58.09931],[14.65783,58.10087],[14.65196,58.09582],[14.59338,58.09854],[14.61994,58.05431],[14.60886,58.05008],[14.62046,58.01739],[14.61345,58.00071],[14.64125,57.95802],[14.71459,57.93944],[14.71182,57.95307],[14.75877,57.9476],[14.7923,57.93109],[14.82533,57.94823],[14.85462,57.95239],[14.88732,57.94499],[14.93575,57.94993],[14.95741,57.92816],[15.00459,57.93343],[14.99558,57.9386],[14.99474,57.93964],[15.01583,57.95446],[15.01963,57.99103],[15.06627,57.98535],[15.08128,57.99895],[15.06365,58.0253],[15.04485,58.03801],[15.03768,58.04295],[15.02765,58.04969],[15.03119,58.05471],[15.03884,58.05673],[15.00632,58.10139],[15.00552,58.10208],[14.99528,58.1218],[14.97582,58.13371],[14.98464,58.1494]]]},"properties":{"lan_code":"06","kom_namn":"Tranås","id":"0687","geo_point_2d":[58.02704,14.83846]}},{"type":"Feature","geometry":{"type":"Polygon","coordinates":[[[15.36714,56.6023],[15.33888,56.61112],[15.30453,56.63521],[15.33689,56.64454],[15.31987,56.6612],[15.28368,56.67848],[15.24095,56.69085],[15.21304,56.721],[15.19619,56.7176],[15.18657,56.69825],[15.14094,56.70438],[15.09164,56.68776],[15.10598,56.66866],[15.09746,56.62767],[15.10151,56.61368],[15.06886,56.6111],[15.02995,56.64149],[15.00509,56.64264],[14.97094,56.67685],[14.96459,56.68959],[14.9074,56.67005],[14.87929,56.67705],[14.85662,56.66177],[14.85602,56.64858],[14.81571,56.62897],[14.74979,56.6404],[14.72625,56.63023],[14.69351,56.64931],[14.67468,56.62888],[14.63631,56.62463],[14.65987,56.60093],[14.65195,56.5631],[14.62235,56.53705],[14.57911,56.5394],[14.59696,56.513],[14.57833,56.50409],[14.60596,56.49068],[14.58021,56.44399],[14.58043,56.44399],[14.5976,56.44359],[14.59892,56.44301],[14.61226,56.43861],[14.61357,56.43813],[14.61815,56.43078],[14.61905,56.42895],[14.62147,56.42541],[14.62209,56.42457],[14.62324,56.42305],[14.62429,56.42059],[14.62454,56.42021],[14.62519,56.42012],[14.62628,56.41996],[14.63158,56.41879],[14.63985,56.41189],[14.64032,56.41178],[14.64182,56.41114],[14.64357,56.41011],[14.64452,56.40981],[14.64869,56.40691],[14.64941,56.40687],[14.64932,56.40383],[14.6539,56.40341],[14.65625,56.40249],[14.65754,56.40314],[14.65918,56.40206],[14.66254,56.40257],[14.66327,56.40206],[14.66494,56.39919],[14.66821,56.39877],[14.67273,56.39012],[14.67447,56.38955],[14.70712,56.38479],[14.71512,56.38443],[14.71639,56.38268],[14.71687,56.38248],[14.7258,56.38305],[14.72651,56.383],[14.72991,56.38466],[14.73184,56.38467],[14.73707,56.38376],[14.73741,56.38363],[14.74333,56.38266],[14.74465,56.38226],[14.7567,56.38154],[14.75696,56.3814],[14.75735,56.38153],[14.75749,56.38215],[14.75751,56.38236],[14.75826,56.38308],[14.77555,56.38266],[14.77764,56.38259],[14.78204,56.38164],[14.78265,56.38156],[14.79559,56.377],[14.79673,56.37648],[14.79841,56.37621],[14.79901,56.37608],[14.801,56.37324],[14.80208,56.37337],[14.80324,56.37361],[14.80368,56.3736],[14.80436,56.37341],[14.84765,56.36459],[14.85317,56.36337],[14.85533,56.36302],[14.85552,56.36287],[14.85575,56.36273],[14.85584,56.36255],[14.85624,56.36232],[14.857,56.36218],[14.85766,56.362],[14.85801,56.36187],[14.85809,56.36153],[14.85818,56.3613],[14.85844,56.36104],[14.85838,56.36061],[14.85833,56.36038],[14.85828,56.36019],[14.85862,56.35999],[14.8664,56.35952],[14.86703,56.35973],[14.86754,56.36006],[14.86859,56.36021],[14.88101,56.36189],[14.88476,56.36224],[14.88759,56.36241],[14.89655,56.36233],[14.89921,56.36252],[14.90235,56.36181],[14.90415,56.36141],[14.90481,56.36162],[14.93077,56.38374],[14.97163,56.40908],[14.97923,56.43403],[15.00088,56.44564],[15.03315,56.45078],[15.12336,56.45521],[15.14674,56.4363],[15.17995,56.42759],[15.20998,56.43479],[15.20998,56.43488],[15.21999,56.45094],[15.20876,56.4595],[15.26742,56.46672],[15.28679,56.45678],[15.31684,56.45552],[15.36468,56.48214],[15.36445,56.48218],[15.36216,56.48237],[15.36182,56.48234],[15.36063,56.48214],[15.36029,56.48212],[15.35492,56.48306],[15.35414,56.4832],[15.35216,56.48326],[15.35213,56.48338],[15.35011,56.48333],[15.34983,56.48334],[15.34928,56.48328],[15.34629,56.48315],[15.34584,56.48343],[15.34561,56.4838],[15.34338,56.48451],[15.34247,56.48449],[15.33882,56.48828],[15.33887,56.48845],[15.33888,56.48865],[15.33807,56.4889],[15.33738,56.48904],[15.34574,56.50591],[15.34572,56.50614],[15.35103,56.53209],[15.35073,56.53231],[15.35804,56.5589],[15.35735,56.5594],[15.35716,56.55957],[15.35714,56.55983],[15.38727,56.56951],[15.38192,56.59011],[15.38075,56.59055],[15.36714,56.6023]]]},"properties":{"lan_code":"07","kom_namn":"Tingsryd","id":"0763","geo_point_2d":[56.53572,14.97439]}},{"type":"Feature","geometry":{"type":"Polygon","coordinates":[[[14.70227,56.14453],[14.65642,56.17255],[14.66154,56.19152],[14.65059,56.20761],[14.60042,56.20064],[14.57449,56.19048],[14.57509,56.18878],[14.57547,56.18769],[14.57673,56.1841],[14.57736,56.18271],[14.5775,56.1824],[14.58179,56.17311],[14.58132,56.17196],[14.57753,56.16242],[14.57759,56.16224],[14.57766,56.16169],[14.57787,56.16052],[14.57859,56.15814],[14.57849,56.15705],[14.57898,56.15611],[14.58108,56.14723],[14.57927,56.14483],[14.57948,56.14203],[14.57978,56.14033],[14.58051,56.13924],[14.58279,56.13518],[14.58608,56.13058],[14.58618,56.12974],[14.58572,56.12839],[14.5849,56.12717],[14.58465,56.12662],[14.58165,56.11686],[14.58113,56.11594],[14.57835,56.10564],[14.57835,56.10275],[14.57847,56.10181],[14.57832,56.09749],[14.57248,56.0931],[14.56968,56.091],[14.56567,56.08798],[14.56058,56.08415],[14.55858,56.08409],[14.55586,56.08294],[14.55534,56.07865],[14.55247,56.07593],[14.55402,56.06813],[14.55396,56.06771],[14.55389,56.06721],[14.55382,56.06671],[14.55381,56.06634],[14.55374,56.06627],[14.55366,56.06616],[14.55363,56.06611],[14.55331,56.0659],[14.55324,56.0658],[14.55305,56.06557],[14.55278,56.06552],[14.55251,56.06553],[14.55224,56.06555],[14.55178,56.06553],[14.55168,56.0654],[14.55161,56.06516],[14.55101,56.06485],[14.55057,56.06446],[14.55049,56.06423],[14.55056,56.06411],[14.55054,56.06403],[14.55049,56.06394],[14.54996,56.06364],[14.54985,56.06351],[14.54975,56.06324],[14.54961,56.06314],[14.54942,56.063],[14.54853,56.063],[14.54843,56.06302],[14.54838,56.06302],[14.5477,56.0629],[14.54763,56.06293],[14.5475,56.06292],[14.54741,56.06285],[14.54728,56.06282],[14.54718,56.06274],[14.54718,56.06272],[14.54719,56.06269],[14.54718,56.06263],[14.54698,56.06254],[14.54698,56.06252],[14.54698,56.06249],[14.54702,56.06244],[14.54704,56.06243],[14.54686,56.06221],[14.54658,56.06188],[14.54656,56.06185],[14.54647,56.06156],[14.54645,56.06155],[14.54641,56.0615],[14.54641,56.06147],[14.54684,56.06116],[14.54157,56.05611],[14.5415,56.04353],[14.53209,56.03688],[14.53275,56.01201],[14.5702,56.00687],[14.63532,55.98494],[14.86428,55.99761],[14.86382,56.01634],[14.79208,56.04223],[14.73614,56.07215],[14.73923,56.0909],[14.71148,56.10468],[14.70227,56.14453]]]},"properties":{"lan_code":"10","kom_namn":"Sölvesborg","id":"1083","geo_point_2d":[56.06918,14.66475]}},{"type":"Feature","geometry":{"type":"Polygon","coordinates":[[[13.14617,55.82974],[13.10962,55.83121],[13.05904,55.84116],[13.02822,55.82492],[12.9509,55.8272],[12.90482,55.82295],[12.91666,55.78036],[12.89778,55.77113],[12.89039,55.74244],[12.98997,55.71481],[12.99255,55.72852],[13.01679,55.75097],[13.04857,55.75692],[13.07729,55.73946],[13.11853,55.74727],[13.13857,55.74897],[13.13681,55.78934],[13.18279,55.79392],[13.20652,55.78627],[13.21875,55.78931],[13.20956,55.82773],[13.21123,55.84494],[13.14617,55.82974]]]},"properties":{"lan_code":"12","kom_namn":"Kävlinge","id":"1261","geo_point_2d":[55.78759,13.04102]}},{"type":"Feature","geometry":{"type":"Polygon","coordinates":[[[13.74973,55.94156],[13.71308,55.95667],[13.66683,55.9608],[13.64437,55.95312],[13.62027,55.95594],[13.6149,55.92775],[13.54783,55.89263],[13.55952,55.87853],[13.54523,55.86753],[13.55814,55.83957],[13.55546,55.8208],[13.56127,55.80775],[13.61842,55.79349],[13.58341,55.78119],[13.56545,55.73825],[13.59783,55.73817],[13.61365,55.73006],[13.66409,55.72764],[13.66594,55.73802],[13.71644,55.74362],[13.75729,55.74267],[13.76118,55.763],[13.7867,55.77535],[13.84446,55.76515],[13.87939,55.75302],[13.91284,55.75906],[13.9212,55.74855],[13.94836,55.76162],[13.96144,55.7767],[13.95201,55.8015],[13.91921,55.80236],[13.91429,55.81909],[13.8916,55.82323],[13.88331,55.83734],[13.91001,55.85132],[13.91385,55.87834],[13.88693,55.88085],[13.9075,55.89989],[13.86767,55.91937],[13.85918,55.90527],[13.82435,55.9021],[13.81499,55.88633],[13.78291,55.89666],[13.78131,55.90845],[13.7476,55.93159],[13.74973,55.94156]]]},"properties":{"lan_code":"12","kom_namn":"Hörby","id":"1266","geo_point_2d":[55.83751,13.73062]}},{"type":"Feature","geometry":{"type":"Polygon","coordinates":[[[11.84139,58.75399],[11.79909,58.75572],[11.79191,58.79497],[11.75609,58.81899],[11.71491,58.81475],[11.72529,58.80017],[11.72335,58.77133],[11.71038,58.75786],[11.70099,58.70989],[11.68698,58.70326],[11.67864,58.67212],[11.6957,58.65426],[11.67136,58.63191],[11.54513,58.66572],[11.51569,58.63945],[11.52662,58.61977],[11.48935,58.5846],[11.50003,58.57772],[11.48855,58.5375],[11.45241,58.53232],[11.43738,58.50022],[11.46586,58.47132],[11.47805,58.48202],[11.51002,58.48156],[11.52019,58.49604],[11.56798,58.48587],[11.59901,58.40057],[11.61922,58.39481],[11.64716,58.41768],[11.67763,58.43202],[11.70514,58.41872],[11.77044,58.42916],[11.79964,58.44519],[11.84074,58.42638],[11.87905,58.43589],[11.90181,58.45137],[11.87978,58.46536],[11.87537,58.4995],[11.88432,58.51734],[11.843,58.53262],[11.85855,58.58225],[11.84397,58.60356],[11.86837,58.62214],[11.90628,58.64005],[11.92212,58.67587],[11.8997,58.71057],[11.84402,58.72925],[11.84139,58.75399]]]},"properties":{"lan_code":"14","kom_namn":"Munkedal","id":"1430","geo_point_2d":[58.57911,11.70875]}},{"type":"Feature","geometry":{"type":"Polygon","coordinates":[[[11.99743,58.795],[11.94193,58.79906],[11.92054,58.78957],[11.89074,58.79357],[11.86366,58.78303],[11.84139,58.75399],[11.84402,58.72925],[11.8997,58.71057],[11.92212,58.67587],[11.90628,58.64005],[11.86837,58.62214],[11.84397,58.60356],[11.85855,58.58225],[11.843,58.53262],[11.88432,58.51734],[11.87537,58.4995],[11.87978,58.46536],[11.90181,58.45137],[11.87905,58.43589],[11.91438,58.43497],[11.97623,58.45283],[12.05669,58.4437],[12.07114,58.43902],[12.09325,58.49853],[12.11717,58.50419],[12.12065,58.54685],[12.13359,58.6005],[12.17637,58.63585],[12.21513,58.67945],[12.22483,58.70089],[12.21214,58.72728],[12.18959,58.74954],[12.16439,58.77468],[12.1296,58.79485],[12.09921,58.7839],[12.02175,58.77604],[11.99743,58.795]]]},"properties":{"lan_code":"14","kom_namn":"Färgelanda","id":"1439","geo_point_2d":[58.63107,12.01521]}},{"type":"Feature","geometry":{"type":"Polygon","coordinates":[[[12.75651,57.86536],[12.68072,57.86132],[12.6601,57.8564],[12.62972,57.83643],[12.59273,57.82176],[12.59998,57.80974],[12.57622,57.79146],[12.51547,57.76188],[12.48441,57.77645],[12.42756,57.7313],[12.47987,57.71521],[12.51076,57.69854],[12.50055,57.68881],[12.56217,57.61984],[12.59585,57.62225],[12.63293,57.64174],[12.76281,57.68613],[12.76149,57.69872],[12.69768,57.73113],[12.71363,57.73794],[12.72173,57.77222],[12.73622,57.78671],[12.69926,57.80181],[12.70726,57.8167],[12.73613,57.82109],[12.76382,57.84441],[12.75651,57.86536]]]},"properties":{"lan_code":"14","kom_namn":"Bollebygd","id":"1443","geo_point_2d":[57.73823,12.61896]}},{"type":"Feature","geometry":{"type":"Polygon","coordinates":[[[12.07114,58.43902],[12.05669,58.4437],[11.97623,58.45283],[11.91438,58.43497],[11.87905,58.43589],[11.84074,58.42638],[11.79964,58.44519],[11.77044,58.42916],[11.70514,58.41872],[11.67763,58.43202],[11.64716,58.41768],[11.61922,58.39481],[11.59901,58.40057],[11.60182,58.37204],[11.50445,58.28597],[11.47247,58.26929],[11.50384,58.25768],[11.49511,58.23334],[11.54177,58.24011],[11.55938,58.22721],[11.64849,58.26237],[11.67717,58.26926],[11.6692,58.28094],[11.67789,58.30075],[11.72281,58.30215],[11.74684,58.30889],[11.78757,58.26971],[11.8079,58.27418],[11.83113,58.26329],[11.85183,58.22764],[11.85331,58.16024],[11.91305,58.1572],[11.92531,58.15236],[11.98318,58.14994],[12.00988,58.18311],[12.02237,58.20823],[12.09274,58.2559],[12.0908,58.28423],[12.11866,58.30454],[12.12231,58.32455],[12.10569,58.35105],[12.15477,58.38982],[12.14677,58.40414],[12.10442,58.41783],[12.07114,58.43902]]]},"properties":{"lan_code":"14","kom_namn":"Uddevalla","id":"1485","geo_point_2d":[58.32277,11.85783]}},{"type":"Feature","geometry":{"type":"Polygon","coordinates":[[[15.68175,59.93792],[15.62589,59.93587],[15.60198,59.94806],[15.53123,59.95716],[15.49297,59.93604],[15.47938,59.91423],[15.47975,59.91063],[15.44574,59.87885],[15.43852,59.87118],[15.42224,59.85415],[15.45697,59.83531],[15.45611,59.82108],[15.42588,59.79556],[15.5054,59.79607],[15.52677,59.75302],[15.53423,59.74442],[15.55323,59.72591],[15.55037,59.69917],[15.60717,59.69756],[15.64682,59.68299],[15.72677,59.68559],[15.74895,59.68291],[15.77446,59.64814],[15.80721,59.64783],[15.82073,59.63167],[15.90581,59.6689],[15.96486,59.66636],[15.97344,59.69436],[15.99658,59.71303],[15.99674,59.72767],[15.99208,59.76261],[15.97928,59.8057],[15.94349,59.83935],[15.94147,59.85005],[15.92113,59.85481],[15.86401,59.89507],[15.80672,59.8903],[15.77175,59.88102],[15.76087,59.90859],[15.72228,59.90527],[15.68175,59.93792]]]},"properties":{"lan_code":"19","kom_namn":"Skinnskatteberg","id":"1904","geo_point_2d":[59.79709,15.72118]}},{"type":"Feature","geometry":{"type":"Polygon","coordinates":[[[19.34704,64.74639],[19.43772,64.75129],[19.47319,64.78048],[19.63101,64.75539],[19.81484,64.75885],[19.98399,64.66745],[20.11483,64.6724],[20.10582,64.68932],[20.04281,64.72297],[20.03555,64.74973],[20.0757,64.76695],[20.10082,64.79444],[20.12991,64.78961],[20.14441,64.82843],[20.20233,64.84282],[20.21616,64.85784],[20.15562,64.87335],[20.14817,64.89066],[20.06169,64.92447],[20.09878,64.94205],[19.98041,64.99121],[19.8235,65.03085],[19.78531,65.06726],[19.68751,65.12662],[19.70168,65.13322],[19.657,65.15132],[19.59041,65.19426],[19.4235,65.15143],[19.39514,65.14406],[19.39035,65.14282],[19.00752,65.04303],[18.75689,64.98442],[19.10994,64.86954],[19.31166,64.80468],[19.28758,64.77776],[19.34704,64.74639]]]},"properties":{"lan_code":"24","kom_namn":"Norsjö","id":"2417","geo_point_2d":[64.93139,19.5512]}},{"type":"Feature","geometry":{"type":"Polygon","coordinates":[[[15.77493,56.58525],[15.72496,56.61982],[15.67013,56.64876],[15.68061,56.66384],[15.63624,56.66018],[15.65242,56.69359],[15.66836,56.70135],[15.70627,56.74745],[15.71169,56.7682],[15.73573,56.78398],[15.70454,56.80372],[15.66625,56.78183],[15.64793,56.82716],[15.61526,56.82842],[15.55258,56.83839],[15.55314,56.8226],[15.52257,56.80284],[15.50451,56.7987],[15.48994,56.79537],[15.48885,56.7968],[15.4869,56.79629],[15.47792,56.79625],[15.47785,56.79625],[15.46144,56.79625],[15.44858,56.7851],[15.44908,56.7838],[15.44122,56.77921],[15.43746,56.77938],[15.40475,56.7804],[15.39626,56.78118],[15.36829,56.78065],[15.36084,56.75797],[15.3866,56.74181],[15.38663,56.74156],[15.38943,56.72605],[15.41578,56.71656],[15.41909,56.70306],[15.41977,56.70216],[15.42023,56.70176],[15.42066,56.70125],[15.41284,56.67853],[15.41374,56.67838],[15.42391,56.67343],[15.42396,56.67321],[15.40472,56.66183],[15.4109,56.64663],[15.41125,56.64622],[15.40627,56.6321],[15.40344,56.63051],[15.39043,56.62251],[15.39042,56.62206],[15.37843,56.61044],[15.37809,56.61041],[15.36714,56.6023],[15.38075,56.59055],[15.38192,56.59011],[15.38727,56.56951],[15.35714,56.55983],[15.35716,56.55957],[15.35735,56.5594],[15.35804,56.5589],[15.35073,56.53231],[15.35103,56.53209],[15.34572,56.50614],[15.34574,56.50591],[15.33738,56.48904],[15.33807,56.4889],[15.33888,56.48865],[15.33887,56.48845],[15.33882,56.48828],[15.34247,56.48449],[15.34338,56.48451],[15.34561,56.4838],[15.34584,56.48343],[15.34629,56.48315],[15.34928,56.48328],[15.34983,56.48334],[15.35011,56.48333],[15.35213,56.48338],[15.35216,56.48326],[15.35414,56.4832],[15.35492,56.48306],[15.36029,56.48212],[15.36063,56.48214],[15.36182,56.48234],[15.36216,56.48237],[15.36445,56.48218],[15.36468,56.48214],[15.38648,56.50062],[15.39498,56.49832],[15.44388,56.48676],[15.44438,56.48553],[15.4806,56.47998],[15.4944,56.47572],[15.50321,56.47437],[15.50436,56.4742],[15.50508,56.47409],[15.50534,56.47405],[15.50885,56.47526],[15.51173,56.47638],[15.51206,56.47684],[15.51238,56.47743],[15.51305,56.47812],[15.51375,56.48237],[15.51331,56.48699],[15.51102,56.4913],[15.51262,56.49416],[15.516,56.49497],[15.51673,56.49535],[15.51749,56.49654],[15.5185,56.49757],[15.52388,56.50249],[15.54299,56.50353],[15.54768,56.50326],[15.54983,56.5022],[15.5509,56.50198],[15.55101,56.50196],[15.55195,56.50137],[15.55262,56.5011],[15.55349,56.50086],[15.5549,56.50085],[15.5585,56.50021],[15.56168,56.49965],[15.56183,56.49962],[15.56792,56.49836],[15.56917,56.4974],[15.57064,56.4971],[15.57087,56.49701],[15.57125,56.49681],[15.57153,56.49666],[15.5719,56.49638],[15.57257,56.49532],[15.57517,56.49466],[15.57587,56.49476],[15.57608,56.49486],[15.57637,56.49518],[15.57722,56.49552],[15.58173,56.49621],[15.58565,56.49529],[15.58576,56.49524],[15.58582,56.49518],[15.58577,56.49505],[15.58545,56.49486],[15.58552,56.49451],[15.58533,56.49433],[15.58541,56.49422],[15.5855,56.49416],[15.58557,56.49412],[15.58548,56.49386],[15.58537,56.49385],[15.58523,56.49384],[15.58508,56.49381],[15.58494,56.49371],[15.58514,56.49327],[15.58535,56.49312],[15.58557,56.49306],[15.58574,56.49306],[15.58586,56.49305],[15.58605,56.4928],[15.58602,56.4927],[15.58593,56.49256],[15.58604,56.49245],[15.58619,56.49241],[15.58634,56.49239],[15.58645,56.49237],[15.58651,56.49235],[15.58709,56.49191],[15.58726,56.49156],[15.58723,56.49147],[15.58722,56.4914],[15.58724,56.49134],[15.5874,56.49123],[15.58753,56.49121],[15.5876,56.49124],[15.58767,56.4913],[15.58781,56.4916],[15.58843,56.49188],[15.58874,56.49162],[15.58863,56.49133],[15.58842,56.49113],[15.58829,56.49102],[15.58819,56.49092],[15.58751,56.48977],[15.58725,56.48948],[15.58721,56.48935],[15.58714,56.48895],[15.58724,56.48839],[15.58711,56.48797],[15.58701,56.48783],[15.58687,56.48762],[15.58645,56.48652],[15.58651,56.48539],[15.58594,56.48454],[15.58864,56.48174],[15.5924,56.48029],[15.59924,56.4738],[15.60529,56.47065],[15.60824,56.47086],[15.61092,56.47086],[15.61455,56.46846],[15.61869,56.46652],[15.61994,56.46614],[15.62053,56.46584],[15.62069,56.46568],[15.62087,56.46556],[15.62312,56.46452],[15.62475,56.46403],[15.62821,56.46312],[15.62966,56.46241],[15.63012,56.46207],[15.6307,56.4617],[15.63087,56.46148],[15.63074,56.45991],[15.63964,56.45683],[15.64477,56.45755],[15.64598,56.46002],[15.64685,56.46028],[15.64872,56.46014],[15.64944,56.46041],[15.65258,56.46242],[15.65233,56.46323],[15.65314,56.4636],[15.65416,56.46342],[15.65435,56.46333],[15.65443,56.46322],[15.65451,56.46261],[15.65493,56.46258],[15.65525,56.46255],[15.65562,56.4625],[15.65602,56.4624],[15.65677,56.46195],[15.65726,56.46138],[15.65777,56.46099],[15.65826,56.4605],[15.65846,56.46027],[15.65754,56.45845],[15.66283,56.45474],[15.66221,56.45278],[15.66237,56.45246],[15.66257,56.45238],[15.66281,56.4523],[15.66309,56.45223],[15.66473,56.4512],[15.66507,56.4509],[15.66515,56.45071],[15.66511,56.45033],[15.66507,56.44992],[15.66506,56.44971],[15.6654,56.44841],[15.66584,56.44807],[15.66612,56.44789],[15.66642,56.44764],[15.66689,56.44733],[15.66706,56.44717],[15.66865,56.44147],[15.68965,56.47686],[15.69086,56.4935],[15.73499,56.51295],[15.75605,56.53028],[15.74204,56.56086],[15.7709,56.57127],[15.77493,56.58525]]]},"properties":{"lan_code":"08","kom_namn":"Emmaboda","id":"0862","geo_point_2d":[56.63611,15.5544]}},{"type":"Feature","geometry":{"type":"Polygon","coordinates":[[[13.20652,55.78627],[13.18279,55.79392],[13.13681,55.78934],[13.13857,55.74897],[13.11853,55.74727],[13.13015,55.71953],[13.11188,55.70229],[13.15603,55.6978],[13.17958,55.67783],[13.21793,55.67603],[13.26817,55.68464],[13.2927,55.67202],[13.28965,55.66048],[13.31496,55.63942],[13.35162,55.62976],[13.34135,55.60993],[13.30795,55.61399],[13.29575,55.60279],[13.31499,55.58674],[13.31357,55.56452],[13.36569,55.55595],[13.40209,55.52519],[13.44899,55.53125],[13.48164,55.52739],[13.50791,55.55646],[13.50558,55.57273],[13.52353,55.58364],[13.53016,55.62033],[13.54672,55.63644],[13.60282,55.63142],[13.61392,55.6677],[13.57122,55.68885],[13.49886,55.72157],[13.46681,55.73048],[13.44277,55.72939],[13.39933,55.74425],[13.36793,55.74418],[13.3313,55.75425],[13.30255,55.74793],[13.29268,55.7756],[13.24257,55.77568],[13.20652,55.78627]]]},"properties":{"lan_code":"12","kom_namn":"Lund","id":"1281","geo_point_2d":[55.66778,13.37302]}},{"type":"Feature","geometry":{"type":"Polygon","coordinates":[[[12.37552,58.11731],[12.37004,58.12599],[12.30537,58.12306],[12.24308,58.11618],[12.18778,58.13477],[12.16192,58.16903],[12.18314,58.1898],[12.15772,58.21666],[12.22863,58.25655],[12.18688,58.27499],[12.14713,58.26815],[12.1366,58.28129],[12.15594,58.29737],[12.13634,58.30807],[12.11866,58.30454],[12.0908,58.28423],[12.09274,58.2559],[12.02237,58.20823],[12.00988,58.18311],[11.98318,58.14994],[11.99167,58.13502],[12.03605,58.12116],[12.04453,58.09339],[12.04664,58.0588],[12.04158,58.03099],[12.06084,58.02303],[12.1322,58.00836],[12.22955,58.02403],[12.25492,58.05118],[12.34133,58.09003],[12.35253,58.10884],[12.37552,58.11731]]]},"properties":{"lan_code":"14","kom_namn":"Lilla Edet","id":"1462","geo_point_2d":[58.13303,12.14235]}},{"type":"Feature","geometry":{"type":"Polygon","coordinates":[[[12.66356,59.17737],[12.63493,59.18095],[12.62395,59.16044],[12.62377,59.16034],[12.61819,59.15383],[12.618,59.1536],[12.61902,59.1417],[12.58164,59.11456],[12.58175,59.11407],[12.5171,59.13077],[12.49344,59.12605],[12.45742,59.13216],[12.4118,59.05216],[12.42926,59.0303],[12.4024,59.00548],[12.42538,59.00269],[12.41109,58.98405],[12.4176,58.94461],[12.443,58.94418],[12.45631,58.93267],[12.44615,58.91739],[12.43282,58.86714],[12.45547,58.85029],[12.47677,58.82232],[12.49152,58.83226],[12.52484,58.82392],[12.55877,58.79895],[12.56266,58.78401],[12.60151,58.78487],[12.66826,58.86868],[12.76854,59.01063],[12.78237,59.02366],[12.77328,59.03978],[12.77024,59.04449],[12.77074,59.04703],[12.76762,59.07013],[12.76713,59.07287],[12.76693,59.07387],[12.76552,59.08076],[12.75455,59.13085],[12.7061,59.15879],[12.70552,59.15943],[12.69539,59.17074],[12.66383,59.17747],[12.66356,59.17737]]]},"properties":{"lan_code":"14","kom_namn":"Åmål","id":"1492","geo_point_2d":[58.99241,12.58716]}},{"type":"Feature","geometry":{"type":"Polygon","coordinates":[[[14.90541,59.76798],[14.87485,59.81135],[14.85261,59.86381],[14.83843,59.86511],[14.77348,59.92179],[14.75366,59.99718],[14.43704,60.02572],[14.45655,59.97301],[14.35693,59.95649],[14.35669,59.95645],[14.35623,59.95638],[14.35603,59.95634],[14.35336,59.9559],[14.3532,59.95588],[14.33919,59.94146],[14.36113,59.93242],[14.37168,59.91],[14.37634,59.90875],[14.39833,59.91289],[14.42301,59.90126],[14.42034,59.89953],[14.41718,59.89527],[14.41633,59.89402],[14.41669,59.8895],[14.41716,59.88823],[14.41931,59.88628],[14.42053,59.8859],[14.42091,59.84386],[14.41485,59.82178],[14.43471,59.77094],[14.40433,59.75488],[14.40172,59.74341],[14.41909,59.70485],[14.42103,59.70149],[14.43498,59.68396],[14.42779,59.67028],[14.43633,59.64014],[14.43692,59.63921],[14.46135,59.59809],[14.46513,59.57992],[14.46521,59.57957],[14.46571,59.57734],[14.46966,59.55836],[14.47578,59.52908],[14.50145,59.52471],[14.55985,59.50485],[14.63112,59.49434],[14.65641,59.47237],[14.70959,59.47611],[14.71084,59.48943],[14.73482,59.51786],[14.69408,59.53044],[14.67048,59.52732],[14.62984,59.53656],[14.62408,59.55826],[14.66233,59.57342],[14.6873,59.59231],[14.75553,59.61979],[14.77442,59.63695],[14.77198,59.65609],[14.72528,59.697],[14.7769,59.70068],[14.81749,59.69434],[14.83969,59.70547],[14.91022,59.71879],[14.95299,59.71185],[14.93045,59.73865],[14.91149,59.74727],[14.90541,59.76798]]]},"properties":{"lan_code":"18","kom_namn":"Hällefors","id":"1863","geo_point_2d":[59.77772,14.61669]}},{"type":"Feature","geometry":{"type":"Polygon","coordinates":[[[16.29803,60.45951],[16.27857,60.48364],[16.20243,60.53086],[16.20018,60.53219],[16.19482,60.53531],[16.18222,60.55197],[16.17959,60.55544],[16.17146,60.561],[16.16756,60.57365],[16.16601,60.577],[16.15904,60.58493],[16.15597,60.58843],[16.13649,60.61031],[16.00416,60.52193],[15.95586,60.49174],[15.93108,60.45634],[15.92081,60.41765],[15.93708,60.41394],[15.94933,60.39084],[15.91951,60.37099],[15.88104,60.35636],[15.82288,60.35264],[15.84412,60.33553],[15.83068,60.322],[15.80007,60.32041],[15.73889,60.24071],[15.68729,60.23437],[15.65726,60.21878],[15.80142,60.17748],[15.80513,60.17692],[15.81201,60.17588],[15.83655,60.17208],[15.85825,60.16932],[15.88198,60.1663],[15.96587,60.18276],[15.96867,60.18427],[15.97619,60.18595],[15.98218,60.1853],[15.98848,60.18517],[15.99137,60.18529],[16.01691,60.18145],[16.06529,60.20476],[16.0884,60.23729],[16.10892,60.25198],[16.15246,60.24637],[16.16627,60.23483],[16.20478,60.23013],[16.22945,60.25134],[16.24992,60.24896],[16.25835,60.26837],[16.33423,60.28124],[16.29895,60.31348],[16.31582,60.34635],[16.39268,60.37936],[16.33716,60.42151],[16.29924,60.45833],[16.29803,60.45951]]]},"properties":{"lan_code":"20","kom_namn":"Hedemora","id":"2083","geo_point_2d":[60.35465,16.0602]}},{"type":"Feature","geometry":{"type":"Polygon","coordinates":[[[16.63283,61.62432],[16.58273,61.6404],[16.51804,61.6292],[16.4176,61.63898],[16.32424,61.64449],[16.27996,61.64437],[16.23591,61.608],[16.18616,61.59069],[16.17541,61.59585],[16.05939,61.55576],[16.03755,61.53091],[16.1371,61.499],[16.19154,61.49971],[16.22015,61.485],[16.21102,61.46081],[16.25318,61.43984],[16.20639,61.37774],[16.11182,61.26514],[16.0582,61.18968],[16.05923,61.16529],[16.0335,61.15236],[15.99591,61.10077],[15.97022,61.05721],[15.92135,61.00766],[16.13101,60.99214],[16.30615,61.0505],[16.46509,61.05343],[16.52046,61.04807],[16.51944,61.07615],[16.551,61.08853],[16.6522,61.12989],[16.71244,61.17827],[16.73113,61.2033],[16.72995,61.21901],[16.74737,61.24202],[16.7232,61.27798],[16.63031,61.3174],[16.70013,61.32506],[16.72545,61.36055],[16.73455,61.38545],[16.70306,61.43708],[16.71396,61.45086],[16.69737,61.46782],[16.69662,61.48776],[16.70819,61.52266],[16.67568,61.52081],[16.65707,61.51261],[16.648,61.49144],[16.61133,61.50471],[16.60485,61.5923],[16.56155,61.59841],[16.63283,61.62432]]]},"properties":{"lan_code":"21","kom_namn":"Bollnäs","id":"2183","geo_point_2d":[61.31249,16.37811]}},{"type":"Feature","geometry":{"type":"Polygon","coordinates":[[[21.14461,65.1772],[20.80554,65.20928],[20.59912,65.24799],[20.10996,65.34571],[19.89482,65.38095],[19.85473,65.35539],[19.85395,65.3549],[19.60757,65.19864],[19.59041,65.19426],[19.657,65.15132],[19.70168,65.13322],[19.68751,65.12662],[19.78531,65.06726],[19.8235,65.03085],[19.98041,64.99121],[20.09878,64.94205],[20.06169,64.92447],[20.14817,64.89066],[20.15562,64.87335],[20.21616,64.85784],[20.20233,64.84282],[20.14441,64.82843],[20.12991,64.78961],[20.10082,64.79444],[20.0757,64.76695],[20.03555,64.74973],[20.04281,64.72297],[20.10582,64.68932],[20.11483,64.6724],[19.98399,64.66745],[19.81484,64.75885],[19.63101,64.75539],[19.47319,64.78048],[19.43772,64.75129],[19.34704,64.74639],[19.3831,64.72738],[19.39597,64.68936],[19.50548,64.63761],[19.66189,64.62243],[19.71128,64.59752],[19.78827,64.56905],[19.77595,64.56192],[19.80806,64.54401],[19.79134,64.53284],[19.85904,64.50389],[19.87896,64.51236],[19.94617,64.47793],[19.9919,64.44859],[20.01655,64.44174],[20.03996,64.45524],[20.06982,64.43986],[20.07037,64.41405],[20.10598,64.39202],[20.19262,64.37184],[20.23019,64.34119],[20.30896,64.31793],[20.30751,64.3281],[20.432,64.32125],[20.46663,64.31224],[20.49015,64.32214],[20.57029,64.3181],[20.66668,64.34458],[20.71228,64.39024],[20.74798,64.39173],[20.74991,64.41949],[20.78915,64.41589],[20.82497,64.42389],[20.85353,64.4386],[20.88162,64.43965],[20.91622,64.4301],[20.99119,64.39388],[21.02013,64.3603],[21.05711,64.34838],[21.06542,64.3353],[21.1487,64.35924],[21.18773,64.31796],[21.18526,64.3004],[21.22336,64.26824],[21.28001,64.26899],[21.4018,64.30089],[21.62335,64.43489],[21.62986,64.46481],[21.52716,64.55374],[21.50759,64.60114],[21.3484,64.63792],[21.35435,64.68317],[21.27407,64.70868],[21.22989,64.73624],[21.31021,64.74314],[21.31012,64.75993],[21.27934,64.80309],[21.37704,64.92325],[21.47476,64.99716],[21.57898,65.02811],[21.572,65.05326],[21.48798,65.08557],[21.31877,65.1359],[21.26605,65.16341],[21.19894,65.17208],[21.19406,65.17254],[21.17416,65.17445],[21.14461,65.1772]]]},"properties":{"lan_code":"24","kom_namn":"Skellefteå","id":"2482","geo_point_2d":[64.80639,20.59336]}},{"type":"Feature","geometry":{"type":"Polygon","coordinates":[[[17.73211,59.42055],[17.63678,59.45157],[17.6067,59.42822],[17.54364,59.4418],[17.50435,59.44054],[17.45311,59.44653],[17.43571,59.44174],[17.42578,59.4205],[17.43204,59.39706],[17.4151,59.38347],[17.41092,59.36622],[17.42561,59.35134],[17.4379,59.33948],[17.46332,59.33833],[17.46799,59.30766],[17.51548,59.29527],[17.56827,59.29183],[17.59756,59.29812],[17.66802,59.27359],[17.73121,59.26624],[17.83249,59.26168],[17.85583,59.26727],[17.86349,59.27454],[17.94125,59.31763],[17.81621,59.35818],[17.78804,59.37085],[17.76069,59.39177],[17.73211,59.42055]]]},"properties":{"lan_code":"01","kom_namn":"Ekerö","id":"0125","geo_point_2d":[59.35228,17.6486]}},{"type":"Feature","geometry":{"type":"Polygon","coordinates":[[[18.15297,59.82251],[18.06537,59.80939],[18.02792,59.82684],[18.00662,59.81179],[17.9614,59.80723],[17.90146,59.81852],[17.87945,59.81383],[17.80455,59.82389],[17.77096,59.80052],[17.75699,59.77783],[17.6955,59.7669],[17.66046,59.78617],[17.62207,59.7731],[17.60991,59.74473],[17.6411,59.73097],[17.62954,59.69421],[17.64403,59.69345],[17.65567,59.6928],[17.72237,59.68381],[17.72504,59.67437],[17.75772,59.66315],[17.75887,59.66407],[17.77834,59.69063],[17.82542,59.67996],[17.8256,59.68011],[17.82578,59.68027],[17.82588,59.68036],[17.82779,59.68201],[17.85064,59.69777],[17.90983,59.70968],[17.91549,59.71021],[17.9467,59.71347],[17.98101,59.72671],[17.98393,59.72922],[18.01058,59.73863],[18.01079,59.73916],[18.01211,59.74106],[18.01782,59.74031],[18.01773,59.74048],[18.01779,59.741],[18.02007,59.742],[18.0205,59.74196],[18.0214,59.74173],[18.02035,59.74533],[18.02185,59.74496],[18.02773,59.74043],[18.03373,59.73893],[18.04035,59.73764],[18.054,59.7433],[18.05763,59.74315],[18.06095,59.74223],[18.06256,59.74188],[18.08517,59.73856],[18.10777,59.75777],[18.11963,59.8048],[18.13069,59.81905],[18.15297,59.82251]]]},"properties":{"lan_code":"03","kom_namn":"Knivsta","id":"0330","geo_point_2d":[59.75431,17.85789]}},{"type":"Feature","geometry":{"type":"Polygon","coordinates":[[[15.57652,57.54789],[15.51551,57.56188],[15.49492,57.55731],[15.51174,57.53356],[15.47675,57.53828],[15.44421,57.51876],[15.44267,57.50841],[15.40354,57.51136],[15.36705,57.49624],[15.31003,57.51498],[15.27116,57.50812],[15.22047,57.52554],[15.14463,57.50837],[15.11818,57.50758],[15.0699,57.51735],[15.02273,57.54381],[14.99168,57.53573],[14.9501,57.54821],[14.95406,57.57071],[14.93145,57.58235],[14.85953,57.59295],[14.86295,57.57587],[14.84304,57.57067],[14.86007,57.53117],[14.86118,57.5119],[14.84079,57.49409],[14.84048,57.49398],[14.84067,57.49044],[14.84068,57.49031],[14.82956,57.42384],[14.81863,57.40362],[14.82753,57.35162],[14.80639,57.3249],[14.80897,57.28804],[14.77427,57.25148],[14.78996,57.22458],[14.79006,57.22437],[14.79034,57.22423],[14.79062,57.22424],[14.81071,57.22027],[14.81205,57.21964],[14.81433,57.21856],[14.81436,57.21855],[14.81766,57.21704],[14.81918,57.21623],[14.82165,57.21492],[14.82439,57.21359],[14.82442,57.21356],[14.82472,57.21317],[14.82473,57.21316],[14.82533,57.21283],[14.82575,57.21235],[14.82584,57.21201],[14.82722,57.21061],[14.82819,57.21022],[14.8289,57.20971],[14.82932,57.20951],[14.83016,57.20891],[14.83027,57.20877],[14.83104,57.20753],[14.83431,57.20804],[14.8346,57.20716],[14.83609,57.20249],[14.83653,57.20205],[14.84468,57.20103],[14.84513,57.20093],[14.84747,57.20029],[14.84885,57.19987],[14.84953,57.19998],[14.85319,57.20041],[14.85393,57.20042],[14.8542,57.20039],[14.8579,57.19981],[14.86013,57.19907],[14.86115,57.19885],[14.86212,57.19874],[14.86768,57.19825],[14.86813,57.19803],[14.87062,57.19832],[14.87133,57.19803],[14.87137,57.19748],[14.87214,57.19714],[14.87252,57.19688],[14.87296,57.19656],[14.87434,57.19561],[14.87498,57.19507],[14.87673,57.19272],[14.87684,57.19248],[14.8793,57.18708],[14.87976,57.18667],[14.89102,57.17689],[14.89102,57.17688],[14.89056,57.17668],[14.88996,57.1763],[14.88917,57.17568],[14.88693,57.17294],[14.88672,57.17272],[14.88592,57.17168],[14.88419,57.16737],[14.88422,57.16736],[14.88601,57.16728],[14.88908,57.16562],[14.89222,57.16392],[14.89017,57.1617],[14.89032,57.16118],[14.89032,57.16071],[14.89041,57.16058],[14.89061,57.16033],[14.89132,57.15925],[14.89134,57.15898],[14.89142,57.15882],[14.89173,57.15858],[14.89183,57.1581],[14.89188,57.1579],[14.89302,57.15447],[14.89298,57.15303],[14.89417,57.15161],[14.89422,57.15155],[14.8958,57.14966],[14.89624,57.14858],[14.89628,57.14843],[14.89623,57.14829],[14.89637,57.14673],[14.89659,57.14648],[14.89764,57.14438],[14.89788,57.14391],[14.9007,57.14071],[14.90257,57.13911],[14.90238,57.13794],[14.90237,57.13789],[14.90207,57.13602],[14.90218,57.13588],[14.90307,57.13521],[14.90329,57.13514],[14.90755,57.13503],[14.91237,57.13392],[14.91399,57.13457],[14.92209,57.13461],[14.92417,57.13333],[14.9301,57.13467],[14.93061,57.1348],[14.9329,57.13501],[14.93441,57.13496],[14.93518,57.13535],[14.94167,57.13551],[14.94237,57.13544],[14.94362,57.13558],[14.94446,57.13563],[14.94498,57.13556],[14.94641,57.13561],[14.94719,57.13558],[14.94907,57.13558],[14.94949,57.13563],[14.95541,57.13579],[14.95594,57.13564],[14.95873,57.1351],[14.95986,57.13482],[14.96335,57.13487],[14.9659,57.13482],[14.96716,57.13479],[14.96948,57.13642],[14.97946,57.13588],[14.98041,57.13579],[14.98284,57.13679],[14.9972,57.14548],[15.00457,57.15119],[15.01117,57.16405],[15.0137,57.1648],[15.02088,57.16453],[15.02246,57.16509],[15.02324,57.16536],[15.02355,57.16553],[15.02514,57.1665],[15.02563,57.16656],[15.03793,57.16307],[15.03814,57.16331],[15.03836,57.16345],[15.03881,57.16375],[15.03892,57.16406],[15.03986,57.16789],[15.04109,57.16808],[15.04355,57.16966],[15.04364,57.17013],[15.04467,57.17427],[15.04513,57.1744],[15.04807,57.17404],[15.04815,57.17422],[15.04901,57.17465],[15.04932,57.17469],[15.04959,57.17472],[15.05008,57.17468],[15.05267,57.17453],[15.05279,57.17469],[15.05318,57.17675],[15.05345,57.17679],[15.05451,57.17703],[15.05463,57.17721],[15.05603,57.17811],[15.05649,57.17802],[15.05695,57.17799],[15.058,57.17856],[15.05819,57.17884],[15.05873,57.17933],[15.06007,57.17976],[15.06114,57.1803],[15.06167,57.18067],[15.06402,57.18148],[15.0953,57.1957],[15.09576,57.19579],[15.15057,57.17943],[15.15072,57.17949],[15.1492,57.21443],[15.12971,57.23779],[15.18113,57.22492],[15.20176,57.20966],[15.20204,57.20964],[15.21442,57.21571],[15.21453,57.21584],[15.23398,57.22964],[15.26398,57.22044],[15.31744,57.22128],[15.37143,57.22686],[15.37163,57.22692],[15.40349,57.22277],[15.40421,57.22267],[15.42692,57.21877],[15.42699,57.21863],[15.43541,57.21463],[15.43546,57.21448],[15.47509,57.21246],[15.47528,57.21243],[15.49714,57.2055],[15.49756,57.20537],[15.50022,57.20422],[15.50104,57.20403],[15.51483,57.20222],[15.52194,57.21511],[15.52203,57.21532],[15.51667,57.24402],[15.48946,57.24873],[15.46602,57.26399],[15.46434,57.26479],[15.46304,57.26539],[15.47348,57.27744],[15.47367,57.27767],[15.48152,57.28007],[15.48128,57.2802],[15.46931,57.29838],[15.46935,57.29975],[15.49557,57.30926],[15.49579,57.30925],[15.49821,57.31033],[15.4988,57.31043],[15.5118,57.31968],[15.51639,57.34407],[15.51611,57.34459],[15.51417,57.34688],[15.51385,57.34702],[15.5117,57.34838],[15.51188,57.34909],[15.51132,57.35171],[15.51128,57.35179],[15.51418,57.35449],[15.51433,57.35462],[15.49861,57.37076],[15.51286,57.38077],[15.51337,57.38091],[15.51867,57.38197],[15.51915,57.38216],[15.52039,57.40083],[15.5208,57.40142],[15.51219,57.41123],[15.51167,57.41127],[15.49826,57.43531],[15.49844,57.43584],[15.50014,57.43966],[15.50026,57.43984],[15.50478,57.45627],[15.50496,57.45725],[15.51142,57.45509],[15.51154,57.45277],[15.50864,57.44879],[15.50844,57.44799],[15.51181,57.45213],[15.51178,57.45508],[15.51373,57.45584],[15.5524,57.46825],[15.55271,57.46738],[15.5951,57.43691],[15.59513,57.43657],[15.60879,57.43921],[15.60918,57.43936],[15.61868,57.45058],[15.61903,57.45092],[15.61701,57.46047],[15.61694,57.46054],[15.61683,57.46064],[15.61679,57.46091],[15.61813,57.46985],[15.61855,57.46997],[15.61869,57.47183],[15.61858,57.47192],[15.62166,57.48256],[15.62163,57.48266],[15.62231,57.48421],[15.62215,57.48452],[15.62193,57.48558],[15.62173,57.48579],[15.62357,57.48841],[15.62361,57.48852],[15.62364,57.48856],[15.62387,57.48875],[15.65481,57.50112],[15.63002,57.53022],[15.62566,57.532],[15.59419,57.5469],[15.59393,57.54732],[15.57681,57.54768],[15.57652,57.54789]]]},"properties":{"lan_code":"06","kom_namn":"Vetlanda","id":"0685","geo_point_2d":[57.36714,15.15992]}},{"type":"Feature","geometry":{"type":"Polygon","coordinates":[[[18.14687,59.48571],[18.11396,59.50154],[18.02003,59.51117],[18.00918,59.50794],[17.9817,59.49773],[18.00047,59.47825],[17.99604,59.45732],[18.00698,59.44138],[18.0528,59.43745],[18.05412,59.42366],[18.08261,59.42344],[18.12119,59.41208],[18.144,59.4335],[18.13851,59.45333],[18.15366,59.46784],[18.14687,59.48571]]]},"properties":{"lan_code":"01","kom_namn":"Täby","id":"0160","geo_point_2d":[59.46564,18.07146]}},{"type":"Feature","geometry":{"type":"Polygon","coordinates":[[[17.20782,59.4626],[17.15904,59.48534],[17.15006,59.50782],[17.11784,59.52627],[17.08388,59.53071],[17.064,59.511],[17.03016,59.5084],[16.96591,59.52035],[16.9506,59.49396],[16.90628,59.47958],[16.88302,59.48118],[16.83382,59.4984],[16.7569,59.50203],[16.70241,59.48772],[16.69777,59.47012],[16.71746,59.45695],[16.78887,59.42105],[16.82968,59.40439],[16.83454,59.39154],[16.82501,59.3567],[16.83442,59.30844],[16.84017,59.23848],[16.84334,59.22647],[16.88705,59.21395],[16.92921,59.21233],[16.93728,59.20513],[17.19174,59.19381],[17.22373,59.17604],[17.27697,59.16957],[17.26673,59.1882],[17.26647,59.18851],[17.248,59.19929],[17.27482,59.24555],[17.28926,59.24645],[17.29304,59.24704],[17.31037,59.26633],[17.34156,59.2736],[17.35058,59.31993],[17.33505,59.35174],[17.42561,59.35134],[17.41092,59.36622],[17.4151,59.38347],[17.38336,59.39685],[17.38908,59.41407],[17.36496,59.41663],[17.35391,59.43778],[17.31119,59.43768],[17.29066,59.44623],[17.23219,59.45779],[17.20782,59.4626]]]},"properties":{"lan_code":"04","kom_namn":"Strängnäs","id":"0486","geo_point_2d":[59.35633,17.06928]}},{"type":"Feature","geometry":{"type":"Polygon","coordinates":[[[17.11834,58.43766],[16.99832,58.46753],[16.99477,58.459],[16.93349,58.46694],[16.87115,58.46765],[16.85853,58.44278],[16.78221,58.42693],[16.78351,58.41366],[16.72325,58.41892],[16.6141,58.443],[16.5896,58.44285],[16.48825,58.47069],[16.42987,58.4792],[16.41701,58.47532],[16.35628,58.47976],[16.3322,58.51104],[16.29242,58.51244],[16.26612,58.52186],[16.24574,58.51863],[16.13992,58.52162],[16.08987,58.48715],[16.0839,58.46172],[16.04557,58.45888],[16.03299,58.43725],[16.03405,58.42055],[16.00912,58.41971],[16.05432,58.38341],[16.07527,58.37182],[16.08476,58.35342],[16.10513,58.35638],[16.1923,58.32478],[16.214,58.31253],[16.25074,58.3161],[16.27734,58.33122],[16.29037,58.35521],[16.26665,58.37099],[16.25685,58.39424],[16.29866,58.38645],[16.37685,58.38078],[16.422,58.36401],[16.44445,58.37726],[16.46725,58.35714],[16.50023,58.36712],[16.52567,58.34638],[16.54741,58.35079],[16.56802,58.33098],[16.62643,58.31457],[16.62259,58.30753],[16.67221,58.27611],[16.72687,58.25914],[16.77683,58.26735],[16.81803,58.26858],[16.84298,58.28092],[16.92696,58.29445],[16.97669,58.2929],[16.98747,58.30011],[17.03139,58.29691],[17.09401,58.30904],[17.11834,58.43766]]]},"properties":{"lan_code":"05","kom_namn":"Söderköping","id":"0582","geo_point_2d":[58.3938,16.58403]}},{"type":"Feature","geometry":{"type":"Polygon","coordinates":[[[14.96925,57.75205],[14.95503,57.7759],[14.9509,57.79858],[14.92205,57.81023],[14.89281,57.81212],[14.85493,57.79786],[14.81571,57.7966],[14.79144,57.80497],[14.73823,57.79638],[14.72883,57.78399],[14.65692,57.76436],[14.65069,57.75909],[14.56924,57.73705],[14.54521,57.7471],[14.51531,57.74098],[14.49945,57.72333],[14.45636,57.73095],[14.43411,57.7187],[14.43423,57.71828],[14.44701,57.71292],[14.43774,57.69198],[14.39563,57.66495],[14.38698,57.63984],[14.36027,57.62586],[14.3799,57.61268],[14.36087,57.59902],[14.33166,57.59606],[14.34762,57.55166],[14.33153,57.54023],[14.31394,57.53178],[14.3466,57.51754],[14.42739,57.51649],[14.45175,57.48935],[14.49165,57.49079],[14.54713,57.4737],[14.57731,57.45198],[14.57826,57.43554],[14.62031,57.43542],[14.69125,57.4728],[14.69179,57.47279],[14.72679,57.46491],[14.74844,57.44384],[14.76125,57.40353],[14.81863,57.40362],[14.82956,57.42384],[14.84068,57.49031],[14.84067,57.49044],[14.84048,57.49398],[14.84079,57.49409],[14.86118,57.5119],[14.86007,57.53117],[14.84304,57.57067],[14.86295,57.57587],[14.85953,57.59295],[14.84404,57.5899],[14.78827,57.60677],[14.81571,57.61802],[14.84655,57.64698],[14.84465,57.66027],[14.88291,57.67852],[14.90748,57.70535],[14.92486,57.73923],[14.96925,57.75205]]]},"properties":{"lan_code":"06","kom_namn":"Nässjö","id":"0682","geo_point_2d":[57.61647,14.65483]}},{"type":"Feature","geometry":{"type":"Polygon","coordinates":[[[16.16271,56.45105],[16.06745,56.47729],[16.04427,56.47956],[16.0045,56.50522],[15.9922,56.52652],[15.95637,56.51426],[15.91733,56.51331],[15.89151,56.51954],[15.83676,56.51417],[15.81018,56.52061],[15.77991,56.51659],[15.75605,56.53028],[15.73499,56.51295],[15.69086,56.4935],[15.68965,56.47686],[15.66865,56.44147],[15.67737,56.42496],[15.68716,56.42406],[15.692,56.42361],[15.69729,56.42312],[15.69836,56.42272],[15.70082,56.42222],[15.7018,56.422],[15.70233,56.42187],[15.70319,56.42164],[15.70377,56.42136],[15.70421,56.4213],[15.70523,56.42092],[15.70625,56.42056],[15.70666,56.42042],[15.70824,56.42001],[15.70993,56.41964],[15.71234,56.41918],[15.71312,56.41899],[15.71461,56.41857],[15.71557,56.41832],[15.71746,56.41792],[15.72094,56.41741],[15.72171,56.41732],[15.72212,56.41729],[15.72438,56.41696],[15.72679,56.41696],[15.73238,56.41609],[15.73348,56.41565],[15.73588,56.41442],[15.73641,56.41392],[15.73666,56.41368],[15.73765,56.41303],[15.73811,56.41254],[15.73796,56.41155],[15.74012,56.41004],[15.74027,56.40964],[15.74033,56.40953],[15.74044,56.40938],[15.74084,56.40891],[15.74304,56.40824],[15.74314,56.40811],[15.7433,56.40785],[15.7437,56.4073],[15.74366,56.40557],[15.74461,56.40364],[15.74522,56.40368],[15.74576,56.40314],[15.74576,56.40221],[15.74581,56.40218],[15.74634,56.40185],[15.74646,56.40156],[15.74683,56.40154],[15.74692,56.40144],[15.74716,56.40117],[15.74857,56.40117],[15.74909,56.40113],[15.74925,56.40098],[15.74986,56.40044],[15.75017,56.40009],[15.75067,56.3995],[15.75121,56.39904],[15.7512,56.39878],[15.75148,56.39856],[15.75251,56.39797],[15.75637,56.391],[15.75702,56.39007],[15.75761,56.38993],[15.75811,56.38927],[15.7594,56.38888],[15.75979,56.38849],[15.76027,56.3877],[15.76181,56.38709],[15.76181,56.38674],[15.76179,56.38649],[15.76182,56.38645],[15.76188,56.38638],[15.76192,56.38625],[15.76193,56.38605],[15.76229,56.38549],[15.76248,56.38523],[15.76266,56.38493],[15.76293,56.38474],[15.76358,56.38449],[15.76427,56.38427],[15.76485,56.38397],[15.76528,56.38365],[15.7654,56.38353],[15.76553,56.38339],[15.7657,56.38333],[15.76594,56.38326],[15.76687,56.38302],[15.76815,56.38251],[15.772,56.38156],[15.77234,56.38139],[15.77259,56.38121],[15.77277,56.38112],[15.77305,56.381],[15.77334,56.38087],[15.77384,56.38054],[15.77395,56.38044],[15.77425,56.38021],[15.77436,56.38011],[15.77458,56.38009],[15.7748,56.38018],[15.775,56.38026],[15.77516,56.38029],[15.77552,56.38023],[15.77575,56.37992],[15.77557,56.37971],[15.77555,56.37966],[15.77607,56.37833],[15.77607,56.37808],[15.77606,56.37799],[15.776,56.37783],[15.77598,56.37766],[15.77599,56.3774],[15.77674,56.37492],[15.77706,56.37449],[15.77756,56.37371],[15.77763,56.37322],[15.77785,56.3729],[15.77815,56.37258],[15.77706,56.37043],[15.77688,56.36949],[15.82115,56.33136],[15.84185,56.32271],[15.86668,56.31791],[15.86703,56.3177],[15.86782,56.31775],[15.86856,56.31799],[15.86956,56.31873],[15.87205,56.31776],[15.87214,56.31773],[15.87232,56.31769],[15.87256,56.31764],[15.87308,56.31759],[15.87319,56.31759],[15.87326,56.31763],[15.87338,56.31779],[15.87349,56.31788],[15.87359,56.31795],[15.87368,56.31799],[15.87454,56.31805],[15.87588,56.31743],[15.87709,56.31728],[15.8776,56.31731],[15.87815,56.31743],[15.88024,56.31829],[15.88337,56.31697],[15.88928,56.31586],[15.89451,56.31695],[15.89583,56.3168],[15.89798,56.31673],[15.89898,56.31652],[15.89959,56.31647],[15.90047,56.31641],[15.90104,56.31626],[15.90124,56.31625],[15.90386,56.31661],[15.90694,56.315],[15.93315,56.31719],[15.93761,56.31646],[15.93857,56.31603],[15.93892,56.31596],[15.93946,56.31594],[15.93991,56.31599],[15.9402,56.31618],[15.94045,56.31641],[15.94062,56.31665],[15.94086,56.31703],[15.9418,56.3189],[15.94406,56.31896],[15.94488,56.31792],[15.94733,56.31693],[15.94794,56.31676],[15.94918,56.31669],[15.95251,56.31782],[15.95472,56.31672],[15.95673,56.31627],[15.95699,56.31612],[15.957,56.31592],[15.95613,56.31497],[15.95598,56.31475],[15.95598,56.3145],[15.95958,56.31249],[15.96261,56.31199],[15.96569,56.31214],[15.96615,56.31247],[15.96683,56.31252],[15.96696,56.31271],[15.9669,56.31347],[15.96789,56.31401],[15.9685,56.31405],[15.96925,56.31407],[15.96958,56.31406],[15.96972,56.31406],[15.9702,56.31397],[15.97037,56.31387],[15.97055,56.31366],[15.97054,56.31343],[15.97051,56.31278],[15.97056,56.31247],[15.97066,56.31211],[15.97101,56.31179],[15.97269,56.31109],[15.97261,56.31061],[15.97464,56.30906],[15.97443,56.3089],[15.97386,56.30862],[15.97343,56.30789],[15.97275,56.30673],[15.97299,56.30657],[15.97326,56.30633],[15.97322,56.306],[15.9732,56.30589],[15.97318,56.30581],[15.97316,56.30572],[15.97298,56.30553],[15.97299,56.3055],[15.97307,56.30536],[15.97323,56.30518],[15.97466,56.30527],[15.97472,56.30527],[15.97525,56.30524],[15.97564,56.30519],[15.97718,56.30492],[15.97812,56.30474],[15.97905,56.3045],[15.97949,56.30431],[15.98005,56.30409],[16.01373,56.29816],[16.01365,56.30803],[16.0224,56.31508],[16.03139,56.3198],[16.04914,56.3228],[16.05198,56.32127],[16.06277,56.32143],[16.07598,56.32168],[16.10417,56.31857],[16.13835,56.40736],[16.16271,56.45105]]]},"properties":{"lan_code":"08","kom_namn":"Torsås","id":"0834","geo_point_2d":[56.41962,15.92177]}},{"type":"Feature","geometry":{"type":"Polygon","coordinates":[[[16.39776,58.1295],[16.36339,58.13013],[16.33254,58.11724],[16.26486,58.14245],[16.24096,58.13598],[16.21183,58.10815],[16.16582,58.09603],[16.16496,58.09559],[16.17827,58.06443],[16.14921,58.06183],[16.1285,58.08559],[16.06989,58.06992],[16.02722,58.07372],[16.01452,58.08557],[15.98834,58.07408],[16.01609,58.06073],[15.99691,58.0362],[15.99549,58.02197],[16.02472,58.01106],[16.07244,57.97354],[16.06767,57.97079],[16.03694,57.95899],[16.03214,57.95695],[16.02224,57.93942],[16.0245,57.93577],[16.02936,57.92121],[16.05191,57.91204],[16.06244,57.87334],[16.08273,57.87578],[16.09277,57.848],[16.1221,57.83491],[16.11691,57.80912],[16.14301,57.78434],[16.13287,57.7716],[16.16396,57.7567],[16.17791,57.69245],[16.11714,57.67989],[16.12843,57.63367],[16.14505,57.614],[16.21222,57.63018],[16.2389,57.61181],[16.20904,57.60507],[16.25938,57.56966],[16.28545,57.53436],[16.31376,57.5242],[16.34285,57.51666],[16.42779,57.52036],[16.45591,57.51742],[16.47325,57.54911],[16.5058,57.57386],[16.53636,57.58674],[16.56386,57.57327],[16.61031,57.57143],[16.66818,57.57722],[16.70021,57.57162],[16.72484,57.59279],[16.76642,57.61062],[16.82198,57.61575],[16.81545,57.65452],[16.82123,57.67668],[16.78427,57.72318],[16.74188,57.7245],[16.71262,57.76247],[16.7875,57.75451],[16.87896,57.81384],[16.89628,58.00312],[16.82081,58.02674],[16.81767,58.01132],[16.81642,58.01034],[16.81243,58.00559],[16.79171,57.99959],[16.78886,58.00407],[16.77781,58.00327],[16.7721,58.0039],[16.74742,57.9943],[16.74333,58.00023],[16.73521,57.9958],[16.73144,57.99551],[16.73411,57.98685],[16.67336,57.99963],[16.65786,57.99262],[16.62747,58.00279],[16.59961,58.04083],[16.59972,58.04101],[16.59804,58.04832],[16.59784,58.04815],[16.59382,58.04967],[16.59369,58.04981],[16.59262,58.05098],[16.5927,58.05099],[16.60024,58.06006],[16.56888,58.08376],[16.56788,58.08414],[16.57037,58.09786],[16.55071,58.1093],[16.54353,58.11045],[16.53251,58.1162],[16.48814,58.09019],[16.4852,58.09028],[16.45687,58.11213],[16.42915,58.11336],[16.39776,58.1295]]]},"properties":{"lan_code":"08","kom_namn":"Västervik","id":"0883","geo_point_2d":[57.83837,16.44891]}},{"type":"Feature","geometry":{"type":"Polygon","coordinates":[[[13.17648,55.47543],[13.17617,55.48676],[13.14036,55.48967],[13.13167,55.50648],[13.10668,55.52426],[13.05327,55.52247],[13.00836,55.50606],[12.94069,55.50632],[12.90478,55.49112],[12.92851,55.47471],[12.92514,55.46394],[12.94413,55.43502],[12.89374,55.42129],[12.87671,55.44775],[12.82842,55.44386],[12.82176,55.41248],[12.79407,55.35754],[12.83171,55.35532],[12.8872,55.38599],[12.92143,55.37513],[12.98974,55.38491],[13.01103,55.38053],[13.04252,55.40395],[13.05236,55.43116],[13.05311,55.45905],[13.10593,55.46266],[13.12215,55.45061],[13.15654,55.47185],[13.17648,55.47543]]]},"properties":{"lan_code":"12","kom_namn":"Vellinge","id":"1233","geo_point_2d":[55.44396,12.9778]}},{"type":"Feature","geometry":{"type":"Polygon","coordinates":[[[13.11853,55.74727],[13.07729,55.73946],[13.04857,55.75692],[13.01679,55.75097],[12.99255,55.72852],[12.98997,55.71481],[13.04311,55.69398],[13.04431,55.66334],[13.01832,55.64127],[13.02285,55.64013],[13.07301,55.64645],[13.07325,55.64651],[13.09954,55.65289],[13.11204,55.66612],[13.11188,55.70229],[13.13015,55.71953],[13.11853,55.74727]]]},"properties":{"lan_code":"12","kom_namn":"Lomma","id":"1262","geo_point_2d":[55.70496,13.06516]}},{"type":"Feature","geometry":{"type":"Polygon","coordinates":[[[14.11919,56.52454],[14.09133,56.5328],[14.0618,56.52621],[14.05624,56.50075],[14.0252,56.46792],[14.01849,56.46929],[13.95213,56.46712],[13.90093,56.45691],[13.87692,56.43678],[13.79396,56.4482],[13.76042,56.44414],[13.71583,56.43113],[13.69635,56.42464],[13.7105,56.40984],[13.77281,56.39309],[13.79915,56.3923],[13.81709,56.38203],[13.84343,56.39555],[13.86119,56.39166],[13.88517,56.4025],[13.9028,56.37663],[13.92375,56.36008],[13.93391,56.32765],[13.97148,56.32424],[13.98939,56.31413],[14.02203,56.33929],[14.07251,56.33508],[14.07711,56.35521],[14.12039,56.36555],[14.13886,56.38542],[14.15915,56.38902],[14.18026,56.428],[14.2096,56.43784],[14.22395,56.45332],[14.24693,56.44454],[14.21466,56.39451],[14.20731,56.36006],[14.21707,56.34554],[14.24846,56.33839],[14.25797,56.36981],[14.2944,56.37155],[14.31399,56.33613],[14.28567,56.32757],[14.28006,56.30029],[14.34536,56.2911],[14.39015,56.30133],[14.39704,56.31811],[14.408,56.34725],[14.40714,56.34763],[14.41328,56.36494],[14.41285,56.36507],[14.42096,56.37989],[14.42084,56.3813],[14.42015,56.38616],[14.42005,56.3862],[14.41947,56.38639],[14.41823,56.38915],[14.41804,56.38922],[14.41582,56.3924],[14.41533,56.3926],[14.41525,56.39275],[14.41281,56.39351],[14.41399,56.39961],[14.41452,56.39971],[14.43482,56.40338],[14.43498,56.4033],[14.47179,56.40797],[14.47988,56.4158],[14.48076,56.41646],[14.48155,56.41665],[14.48149,56.41697],[14.48501,56.42126],[14.48499,56.42145],[14.48871,56.4259],[14.48868,56.42615],[14.49066,56.42808],[14.49039,56.42818],[14.49047,56.42824],[14.49091,56.42831],[14.49097,56.42837],[14.49074,56.4287],[14.49424,56.43421],[14.49409,56.43428],[14.49762,56.44077],[14.49712,56.44091],[14.50193,56.44535],[14.5026,56.44476],[14.50354,56.44485],[14.50414,56.44462],[14.50464,56.44458],[14.50513,56.44427],[14.50581,56.44381],[14.50687,56.44392],[14.50665,56.44505],[14.50722,56.44498],[14.51147,56.45799],[14.51423,56.45982],[14.51447,56.46003],[14.4711,56.46394],[14.38659,56.47968],[14.34411,56.48443],[14.2674,56.50683],[14.24094,56.49381],[14.17987,56.4941],[14.12431,56.50871],[14.12402,56.50884],[14.11792,56.51682],[14.11768,56.51711],[14.1192,56.52441],[14.11919,56.52454]]]},"properties":{"lan_code":"12","kom_namn":"Osby","id":"1273","geo_point_2d":[56.41568,14.14753]}},{"type":"Feature","geometry":{"type":"Polygon","coordinates":[[[11.65178,58.90625],[11.63123,58.90862],[11.59032,58.89087],[11.55598,58.89884],[11.52948,58.8772],[11.50003,58.88944],[11.45674,58.88756],[11.45631,58.86908],[11.37298,58.84047],[11.3665,58.86095],[11.34915,58.8643],[11.33174,58.84507],[11.29831,58.85165],[11.24202,58.83163],[11.2048,58.8285],[11.13111,58.81017],[11.10463,58.81834],[11.10734,58.72887],[11.13737,58.66157],[11.17264,58.62652],[11.15526,58.59714],[11.18473,58.57399],[11.12156,58.54767],[11.05817,58.60632],[11.01292,58.58541],[11.01623,58.53573],[11.02266,58.52892],[11.17106,58.52095],[11.17591,58.51121],[11.2377,58.45147],[11.26171,58.46554],[11.3372,58.48551],[11.43738,58.50022],[11.45241,58.53232],[11.48855,58.5375],[11.50003,58.57772],[11.48935,58.5846],[11.52662,58.61977],[11.51569,58.63945],[11.54513,58.66572],[11.67136,58.63191],[11.6957,58.65426],[11.67864,58.67212],[11.68698,58.70326],[11.70099,58.70989],[11.71038,58.75786],[11.72335,58.77133],[11.72529,58.80017],[11.71491,58.81475],[11.71498,58.84928],[11.67776,58.89582],[11.65178,58.90625]]]},"properties":{"lan_code":"14","kom_namn":"Tanum","id":"1435","geo_point_2d":[58.69697,11.38757]}},{"type":"Feature","geometry":{"type":"Polygon","coordinates":[[[14.44323,58.39796],[14.39973,58.40574],[14.30462,58.4048],[14.26838,58.39786],[14.2611,58.37011],[14.2045,58.3638],[14.18021,58.35654],[14.14768,58.35667],[14.13711,58.36597],[14.11689,58.34747],[14.0912,58.33935],[14.08574,58.31676],[14.00096,58.29765],[13.98265,58.27942],[14.01559,58.26683],[14.09004,58.24919],[14.11319,58.25979],[14.14876,58.25637],[14.14363,58.23399],[14.12298,58.22194],[14.1314,58.20589],[14.11347,58.19972],[14.12086,58.1822],[14.11465,58.15656],[14.12877,58.14633],[14.1288,58.14631],[14.14317,58.13946],[14.14593,58.13891],[14.14722,58.13735],[14.1484,58.13675],[14.14834,58.13629],[14.14825,58.13525],[14.14816,58.13497],[14.14749,58.13435],[14.15197,58.13155],[14.15533,58.13031],[14.1616,58.1302],[14.16803,58.12972],[14.17851,58.12929],[14.18015,58.12953],[14.18043,58.12961],[14.18339,58.13058],[14.19136,58.13181],[14.19274,58.13253],[14.19587,58.13211],[14.19843,58.13293],[14.22487,58.13556],[14.31286,58.13184],[14.37929,58.16907],[14.272,58.1901],[14.38364,58.33217],[14.44323,58.39796]]]},"properties":{"lan_code":"14","kom_namn":"Hjo","id":"1497","geo_point_2d":[58.27213,14.22912]}},{"type":"Feature","geometry":{"type":"Polygon","coordinates":[[[14.83881,60.09399],[14.85007,60.10449],[14.80766,60.11093],[14.73734,60.08175],[14.75151,60.00977],[14.75164,60.00881],[14.75366,59.99718],[14.77348,59.92179],[14.83843,59.86511],[14.85261,59.86381],[14.87485,59.81135],[14.90541,59.76798],[15.09672,59.78765],[15.08182,59.80863],[15.09617,59.82391],[15.14133,59.83465],[15.16788,59.88072],[15.22843,59.97613],[15.20542,60.00178],[15.17782,60.00392],[15.1749,60.00417],[15.12546,60.00842],[15.11996,60.0122],[15.07768,60.04112],[15.01343,60.05739],[15.01096,60.0571],[15.0037,60.05623],[15.00313,60.05617],[14.98154,60.05369],[14.98098,60.05363],[14.93883,60.04873],[14.91738,60.0527],[14.90478,60.05134],[14.8645,60.07849],[14.85942,60.08178],[14.8457,60.08279],[14.83818,60.08836],[14.8394,60.08948],[14.83849,60.09404],[14.83881,60.09399]]]},"properties":{"lan_code":"18","kom_namn":"Ljusnarsberg","id":"1864","geo_point_2d":[59.93709,14.96785]}},{"type":"Feature","geometry":{"type":"Polygon","coordinates":[[[14.70959,59.47611],[14.65641,59.47237],[14.63112,59.49434],[14.55985,59.50485],[14.50145,59.52471],[14.47578,59.52908],[14.43575,59.54224],[14.3908,59.51377],[14.44146,59.45928],[14.46886,59.44055],[14.4067,59.41027],[14.40115,59.40399],[14.37448,59.37625],[14.37638,59.37001],[14.37681,59.36863],[14.368,59.36869],[14.36429,59.3669],[14.36425,59.36687],[14.36293,59.34821],[14.36285,59.34798],[14.35547,59.3333],[14.35556,59.3331],[14.35212,59.33028],[14.34667,59.33185],[14.33797,59.33259],[14.33718,59.33219],[14.33089,59.32698],[14.33057,59.3266],[14.32896,59.32465],[14.3286,59.32421],[14.32624,59.31796],[14.34051,59.30389],[14.37439,59.29885],[14.40698,59.30234],[14.48189,59.27938],[14.51575,59.29328],[14.54349,59.27293],[14.58065,59.25511],[14.61509,59.24602],[14.64353,59.26058],[14.66908,59.24168],[14.7097,59.23256],[14.71083,59.25729],[14.7661,59.25917],[14.77315,59.27898],[14.76382,59.30235],[14.7484,59.31525],[14.78997,59.33264],[14.7697,59.35768],[14.71967,59.38692],[14.70754,59.39762],[14.68868,59.42076],[14.72248,59.45707],[14.70959,59.47611]]]},"properties":{"lan_code":"18","kom_namn":"Karlskoga","id":"1883","geo_point_2d":[59.37749,14.56611]}},{"type":"Feature","geometry":{"type":"Polygon","coordinates":[[[16.72896,59.77676],[16.6776,59.79131],[16.67464,59.77179],[16.6366,59.75872],[16.60028,59.7661],[16.54787,59.81115],[16.50662,59.82254],[16.45536,59.84555],[16.41055,59.82406],[16.35723,59.80781],[16.3407,59.79287],[16.30561,59.78674],[16.28257,59.77438],[16.29445,59.71121],[16.26365,59.67878],[16.27667,59.66092],[16.30899,59.63828],[16.32185,59.61478],[16.31069,59.5869],[16.33051,59.54602],[16.2361,59.49164],[16.26674,59.4818],[16.26312,59.45239],[16.30054,59.4576],[16.3227,59.45288],[16.37151,59.46728],[16.42238,59.461],[16.44372,59.46328],[16.53746,59.47338],[16.54282,59.47396],[16.55486,59.47528],[16.59712,59.47983],[16.61957,59.48208],[16.6241,59.48265],[16.65948,59.48991],[16.66213,59.4904],[16.68766,59.48955],[16.70241,59.48772],[16.7569,59.50203],[16.83382,59.4984],[16.88302,59.48118],[16.90628,59.47958],[16.9506,59.49396],[16.96591,59.52035],[16.92602,59.54638],[16.9174,59.56471],[16.87357,59.62739],[16.87324,59.62774],[16.85481,59.6666],[16.82411,59.68876],[16.81567,59.71034],[16.78108,59.72424],[16.78205,59.72649],[16.77577,59.74644],[16.72896,59.77676]]]},"properties":{"lan_code":"19","kom_namn":"Västerås","id":"1980","geo_point_2d":[59.62796,16.56738]}},{"type":"Feature","geometry":{"type":"Polygon","coordinates":[[[15.99658,59.71303],[15.97344,59.69436],[15.96486,59.66636],[15.90581,59.6689],[15.82073,59.63167],[15.80721,59.64783],[15.77446,59.64814],[15.74895,59.68291],[15.72677,59.68559],[15.64682,59.68299],[15.60717,59.69756],[15.55037,59.69917],[15.52454,59.67693],[15.52558,59.67074],[15.51254,59.65256],[15.52121,59.63351],[15.56509,59.62704],[15.61569,59.63047],[15.6233,59.59822],[15.63047,59.52891],[15.63915,59.52135],[15.64045,59.52151],[15.70475,59.53894],[15.7134,59.52575],[15.75083,59.53219],[15.79351,59.48628],[15.82093,59.46836],[15.83225,59.44763],[15.86776,59.45792],[15.90474,59.46577],[15.93781,59.48168],[15.9622,59.4689],[16.00625,59.47956],[16.05567,59.4707],[16.08442,59.47191],[16.10794,59.45924],[16.19213,59.45094],[16.22695,59.4673],[16.19988,59.46905],[16.21054,59.49428],[16.2358,59.51657],[16.20828,59.53779],[16.17738,59.53508],[16.16825,59.55091],[16.13251,59.57826],[16.11842,59.59717],[16.08227,59.60428],[16.08088,59.63499],[16.09599,59.6398],[16.11267,59.65475],[16.02813,59.66041],[16.01078,59.67157],[15.99658,59.71303]]]},"properties":{"lan_code":"19","kom_namn":"Köping","id":"1983","geo_point_2d":[59.57461,15.88789]}},{"type":"Feature","geometry":{"type":"Polygon","coordinates":[[[18.43717,59.56637],[18.42745,59.59194],[18.38732,59.60279],[18.39202,59.62023],[18.37501,59.62879],[18.38945,59.65141],[18.36523,59.65555],[18.32078,59.68914],[18.28587,59.68632],[18.2252,59.66804],[18.15879,59.66834],[18.15329,59.68356],[18.12813,59.67717],[18.0888,59.65631],[18.09585,59.63667],[18.01587,59.63633],[18.01679,59.59306],[18.00677,59.57361],[17.976,59.56206],[17.97083,59.54853],[17.98327,59.53556],[18.01446,59.52345],[18.00918,59.50794],[18.02003,59.51117],[18.11396,59.50154],[18.14687,59.48571],[18.17174,59.50323],[18.19704,59.49797],[18.25796,59.50695],[18.26001,59.52289],[18.31842,59.53305],[18.32832,59.54409],[18.37826,59.54442],[18.37434,59.55748],[18.43717,59.56637]]]},"properties":{"lan_code":"01","kom_namn":"Vallentuna","id":"0115","geo_point_2d":[59.58765,18.19839]}},{"type":"Feature","geometry":{"type":"Polygon","coordinates":[[[19.00201,59.51573],[18.9669,59.53914],[18.92733,59.53775],[18.91583,59.54539],[18.86119,59.54569],[18.83782,59.55727],[18.78453,59.55018],[18.73194,59.55157],[18.73685,59.56854],[18.726,59.58232],[18.67117,59.57356],[18.63439,59.5818],[18.5964,59.58289],[18.5821,59.59954],[18.55695,59.58725],[18.53758,59.59499],[18.47985,59.58612],[18.46622,59.56428],[18.43717,59.56637],[18.37434,59.55748],[18.37826,59.54442],[18.32832,59.54409],[18.31842,59.53305],[18.26001,59.52289],[18.25796,59.50695],[18.19704,59.49797],[18.17174,59.50323],[18.14687,59.48571],[18.15366,59.46784],[18.13851,59.45333],[18.144,59.4335],[18.12119,59.41208],[18.16864,59.4346],[18.2097,59.41406],[18.23006,59.43345],[18.29377,59.4296],[18.31888,59.45055],[18.37461,59.43997],[18.41177,59.44369],[18.43568,59.45829],[18.46698,59.45701],[18.49296,59.46711],[18.53281,59.42006],[18.56502,59.42047],[18.59279,59.40037],[18.6117,59.40455],[18.63824,59.44498],[18.63588,59.45434],[18.68733,59.47059],[18.73175,59.46435],[18.76728,59.45076],[18.86763,59.47357],[18.8736,59.45965],[18.91323,59.46533],[18.93725,59.48263],[18.97338,59.49694],[19.00201,59.51573]]]},"properties":{"lan_code":"01","kom_namn":"Österåker","id":"0117","geo_point_2d":[59.50204,18.55746]}},{"type":"Feature","geometry":{"type":"Polygon","coordinates":[[[17.98483,59.15669],[17.9644,59.18794],[17.93503,59.19329],[17.92839,59.22251],[17.87626,59.22979],[17.87246,59.26028],[17.85583,59.26727],[17.83249,59.26168],[17.73121,59.26624],[17.73566,59.24997],[17.77257,59.23926],[17.79321,59.19172],[17.73789,59.18146],[17.7427,59.17159],[17.72672,59.14689],[17.68217,59.13264],[17.69522,59.10164],[17.66298,59.08756],[17.67523,59.06592],[17.69968,59.0443],[17.71439,59.0445],[17.74564,59.06334],[17.73983,59.08301],[17.76068,59.09737],[17.78848,59.08984],[17.87021,59.0849],[17.91351,59.10332],[17.92155,59.12018],[17.93176,59.14249],[17.98483,59.15669]]]},"properties":{"lan_code":"01","kom_namn":"Botkyrka","id":"0127","geo_point_2d":[59.15891,17.81999]}},{"type":"Feature","geometry":{"type":"Polygon","coordinates":[[[14.39787,57.15111],[14.39003,57.1852],[14.40245,57.18695],[14.43271,57.26045],[14.44363,57.27349],[14.44059,57.29606],[14.41273,57.30562],[14.37884,57.32952],[14.38341,57.34524],[14.36406,57.38242],[14.30202,57.36103],[14.27368,57.34719],[14.27367,57.30768],[14.24226,57.30747],[14.16901,57.31917],[14.09156,57.30117],[14.09718,57.32203],[14.07337,57.32385],[14.05957,57.3095],[14.04338,57.27727],[14.00802,57.28473],[13.97945,57.25192],[13.91174,57.26914],[13.89879,57.28853],[13.84409,57.26356],[13.84143,57.23699],[13.77905,57.23463],[13.70992,57.24589],[13.66681,57.24884],[13.65577,57.19793],[13.67603,57.19272],[13.64097,57.17126],[13.66406,57.14652],[13.69711,57.14879],[13.7042,57.13952],[13.74358,57.14043],[13.73269,57.1212],[13.69959,57.11065],[13.72862,57.09318],[13.74692,57.07111],[13.74688,57.03852],[13.77632,57.02422],[13.80249,57.02877],[13.82186,57.008],[13.85843,56.99946],[13.87442,57.01839],[13.91032,57.01842],[13.92477,57.04059],[13.97569,57.04149],[13.98999,57.02935],[14.0168,57.05182],[14.09101,57.04112],[14.09481,57.0211],[14.13235,57.02255],[14.1559,56.99849],[14.15726,56.99861],[14.18035,56.98871],[14.1889,56.96528],[14.1865,56.96557],[14.21613,56.95496],[14.21479,56.94113],[14.21502,56.94073],[14.22542,56.91134],[14.25584,56.88674],[14.2992,56.87921],[14.33248,56.8961],[14.38482,56.94426],[14.39446,56.96459],[14.36691,56.98144],[14.36206,57.00501],[14.36159,57.00514],[14.33431,57.0172],[14.334,57.01765],[14.338,57.0558],[14.35991,57.05766],[14.35863,57.09085],[14.3577,57.09632],[14.34352,57.11339],[14.3438,57.11361],[14.36058,57.12025],[14.34812,57.14483],[14.39787,57.15111]]]},"properties":{"lan_code":"06","kom_namn":"Värnamo","id":"0683","geo_point_2d":[57.14758,14.09623]}},{"type":"Feature","geometry":{"type":"Polygon","coordinates":[[[16.82198,57.61575],[16.76642,57.61062],[16.72484,57.59279],[16.70021,57.57162],[16.66818,57.57722],[16.61031,57.57143],[16.56386,57.57327],[16.53636,57.58674],[16.5058,57.57386],[16.47325,57.54911],[16.45591,57.51742],[16.42779,57.52036],[16.34285,57.51666],[16.31376,57.5242],[16.31314,57.51287],[16.2508,57.5053],[16.209,57.48338],[16.18774,57.47403],[16.17728,57.45033],[16.13949,57.44901],[16.13366,57.431],[16.09017,57.40278],[16.04449,57.43395],[15.99296,57.43342],[15.98623,57.41348],[16.01913,57.40309],[16.0428,57.38057],[16.05317,57.35584],[16.03791,57.35032],[16.04583,57.29927],[16.04653,57.26455],[16.06432,57.24652],[16.09862,57.25758],[16.15604,57.25985],[16.16563,57.23264],[16.19562,57.22466],[16.23499,57.23203],[16.26006,57.23072],[16.28228,57.24509],[16.32346,57.24034],[16.3673,57.18591],[16.39552,57.18439],[16.42496,57.17089],[16.44107,57.14955],[16.47411,57.12485],[16.53894,57.13127],[16.57927,57.15088],[16.57831,57.179],[16.51262,57.18222],[16.50101,57.19263],[16.5027,57.22044],[16.51871,57.22787],[16.49617,57.25348],[16.48932,57.27477],[16.52608,57.28252],[16.54859,57.2738],[16.6428,57.26958],[16.64407,57.28813],[16.60025,57.30494],[16.63299,57.36016],[16.68903,57.37449],[16.70481,57.41161],[16.74802,57.44181],[16.78991,57.45314],[16.82198,57.61575]]]},"properties":{"lan_code":"08","kom_namn":"Oskarshamn","id":"0882","geo_point_2d":[57.38647,16.42403]}},{"type":"Feature","geometry":{"type":"Polygon","coordinates":[[[12.83898,56.12854],[12.803,56.15074],[12.79241,56.16774],[12.82706,56.18223],[12.81646,56.19355],[12.77675,56.19235],[12.79681,56.21362],[12.78557,56.22766],[12.76427,56.23308],[12.76997,56.22483],[12.73449,56.19627],[12.72878,56.18554],[12.67885,56.1701],[12.68006,56.14671],[12.62903,56.15043],[12.58348,56.13597],[12.60094,56.11446],[12.65557,56.07913],[12.67531,56.06025],[12.70037,56.00588],[12.73503,55.99474],[12.74941,55.97942],[12.74326,55.95802],[12.79389,55.95851],[12.81077,55.96315],[12.83582,55.95079],[12.86025,55.95081],[12.91969,55.93955],[12.92083,55.92169],[12.94369,55.92202],[12.95628,55.95075],[12.98589,55.9637],[12.98732,55.97997],[12.94878,55.97444],[12.91524,55.98786],[12.92236,56.01661],[12.90924,56.04695],[12.91621,56.06264],[12.8911,56.07212],[12.874,56.0942],[12.84339,56.10177],[12.83898,56.12854]]]},"properties":{"lan_code":"12","kom_namn":"Helsingborg","id":"1283","geo_point_2d":[56.06519,12.7842]}},{"type":"Feature","geometry":{"type":"Polygon","coordinates":[[[13.72424,57.6742],[13.72348,57.68185],[13.71944,57.68141],[13.71782,57.68125],[13.70341,57.67879],[13.69474,57.67152],[13.67057,57.67616],[13.61712,57.64577],[13.58838,57.64461],[13.53877,57.6698],[13.49127,57.64121],[13.4748,57.62065],[13.43946,57.61079],[13.40913,57.61175],[13.36088,57.62838],[13.3434,57.61343],[13.31868,57.61902],[13.30903,57.66769],[13.29021,57.67355],[13.23813,57.65908],[13.2029,57.65561],[13.19938,57.61217],[13.1368,57.54754],[13.19079,57.53371],[13.23201,57.54221],[13.27246,57.5239],[13.27501,57.51046],[13.22692,57.46481],[13.20174,57.44649],[13.24029,57.42395],[13.213,57.39947],[13.22394,57.37656],[13.26025,57.37396],[13.24783,57.35771],[13.26182,57.34782],[13.25583,57.32894],[13.22685,57.31813],[13.22598,57.30821],[13.25858,57.29385],[13.28213,57.30745],[13.37723,57.32787],[13.38618,57.34024],[13.43302,57.34903],[13.43565,57.36905],[13.46842,57.37127],[13.5043,57.41422],[13.5313,57.43045],[13.56369,57.46338],[13.58331,57.47564],[13.60453,57.50746],[13.66878,57.53824],[13.68857,57.55829],[13.68659,57.57637],[13.68044,57.57674],[13.67908,57.57765],[13.67974,57.57883],[13.67987,57.57937],[13.68018,57.58027],[13.68007,57.58093],[13.67402,57.58593],[13.67373,57.58611],[13.67312,57.5883],[13.67331,57.58867],[13.67706,57.5909],[13.67727,57.5914],[13.67745,57.59163],[13.67831,57.59248],[13.67869,57.59325],[13.66848,57.59586],[13.66842,57.59615],[13.66845,57.59627],[13.66858,57.59669],[13.66983,57.59816],[13.66978,57.5993],[13.66992,57.60015],[13.6702,57.60151],[13.66957,57.60412],[13.67021,57.6043],[13.6698,57.60439],[13.66955,57.60554],[13.66905,57.60608],[13.66902,57.60691],[13.668,57.6089],[13.66731,57.60928],[13.66783,57.60991],[13.66818,57.6105],[13.66854,57.61078],[13.66872,57.61133],[13.66596,57.6117],[13.66594,57.61219],[13.66542,57.61301],[13.66514,57.6138],[13.66468,57.6145],[13.66424,57.61505],[13.66523,57.61587],[13.66638,57.61713],[13.66878,57.61733],[13.66903,57.61668],[13.66891,57.61625],[13.66695,57.61517],[13.6708,57.61649],[13.6712,57.61714],[13.68247,57.62584],[13.68561,57.63236],[13.69477,57.63485],[13.71173,57.64636],[13.71181,57.64651],[13.71219,57.6473],[13.71347,57.64991],[13.71267,57.65009],[13.71245,57.65036],[13.71422,57.6516],[13.71579,57.65491],[13.71644,57.6559],[13.72008,57.66142],[13.72094,57.66272],[13.72313,57.66611],[13.72482,57.66944],[13.72424,57.6742]],[[13.65706,57.60684],[13.65249,57.60766],[13.65374,57.6084],[13.65656,57.60749],[13.65697,57.60738],[13.66007,57.60614],[13.65737,57.6047],[13.65705,57.60415],[13.6571,57.60287],[13.65586,57.60154],[13.65417,57.59974],[13.65203,57.59745],[13.65046,57.59578],[13.65004,57.5954],[13.64919,57.59439],[13.64186,57.593],[13.63887,57.59271],[13.63685,57.59349],[13.64213,57.59747],[13.6416,57.59776],[13.64237,57.59883],[13.64316,57.5987],[13.64534,57.60095],[13.64743,57.60297],[13.64906,57.60432],[13.64727,57.60497],[13.65113,57.60694],[13.65094,57.60646],[13.65071,57.60604],[13.65718,57.60649],[13.65706,57.60684]]]},"properties":{"lan_code":"14","kom_namn":"Tranemo","id":"1452","geo_point_2d":[57.51308,13.41104]}},{"type":"Feature","geometry":{"type":"Polygon","coordinates":[[[13.25291,58.50414],[13.23602,58.50315],[13.14805,58.52303],[13.1552,58.53631],[13.2211,58.60316],[13.26719,58.72701],[13.2532,58.72533],[13.1795,58.75557],[13.14729,58.75619],[13.08304,58.72594],[13.02712,58.65268],[13.02271,58.64133],[12.98569,58.62093],[12.95717,58.582],[12.85144,58.58667],[12.87563,58.53064],[12.85969,58.51841],[12.76102,58.4947],[12.71702,58.49565],[12.64402,58.44913],[12.65586,58.42249],[12.64613,58.41337],[12.67048,58.39566],[12.69394,58.38986],[12.73686,58.41317],[12.76301,58.4068],[12.83335,58.42686],[12.84525,58.38748],[12.89592,58.38651],[12.94326,58.3698],[12.9669,58.34562],[12.95197,58.32726],[12.97547,58.31573],[13.04168,58.34158],[13.07279,58.34525],[13.09848,58.33809],[13.11653,58.34417],[13.1492,58.33061],[13.18562,58.35438],[13.19699,58.35008],[13.20827,58.35753],[13.18409,58.37188],[13.18379,58.38766],[13.21221,58.41554],[13.25343,58.40324],[13.28689,58.40336],[13.34408,58.42041],[13.31973,58.44834],[13.30226,58.46367],[13.31084,58.47581],[13.26959,58.48749],[13.25291,58.50414]]]},"properties":{"lan_code":"14","kom_namn":"Lidköping","id":"1494","geo_point_2d":[58.50815,13.03797]}},{"type":"Feature","geometry":{"type":"Polygon","coordinates":[[[13.34385,59.66194],[13.28915,59.66429],[13.21957,59.65156],[13.09329,59.65134],[13.06613,59.65927],[13.03589,59.64869],[13.02929,59.62644],[13.04611,59.60392],[13.03369,59.59194],[12.99274,59.60806],[12.97349,59.58874],[12.92784,59.55956],[12.93351,59.5396],[13.00133,59.5301],[13.04067,59.53574],[13.07685,59.49818],[13.09812,59.49589],[13.15248,59.47245],[13.21412,59.48962],[13.22765,59.5007],[13.26034,59.48625],[13.27506,59.49513],[13.39422,59.48877],[13.40472,59.51869],[13.42736,59.52274],[13.42804,59.56901],[13.39264,59.58269],[13.36769,59.61088],[13.3919,59.62539],[13.36711,59.65234],[13.34385,59.66194]]]},"properties":{"lan_code":"17","kom_namn":"Kil","id":"1715","geo_point_2d":[59.57129,13.20207]}},{"type":"Feature","geometry":{"type":"Polygon","coordinates":[[[14.40453,63.06935],[14.36434,63.06318],[14.33738,63.04954],[14.28689,63.05565],[14.2063,63.02973],[14.17139,63.04644],[14.13446,63.03914],[14.12298,63.0586],[14.04402,63.05485],[13.9368,63.04631],[13.91851,63.06085],[13.87357,63.05555],[13.82736,63.05892],[13.82573,63.07493],[13.85502,63.08988],[13.82469,63.0982],[13.79251,63.09294],[13.78297,63.07857],[13.73576,63.06981],[13.72151,63.09083],[13.68707,63.09815],[13.65737,63.09145],[13.56786,63.09332],[13.50527,63.07745],[13.48048,63.06033],[13.42285,63.05856],[13.38631,63.03497],[13.34897,63.02511],[13.30168,63.0228],[13.26368,63.03379],[13.21473,63.02602],[13.09494,62.97203],[12.66043,62.97336],[12.07493,62.90267],[12.13641,62.74791],[12.4921,62.76472],[12.51605,62.75445],[12.59016,62.73456],[12.63726,62.70669],[12.7813,62.7064],[12.85922,62.69477],[12.89748,62.67741],[12.89675,62.71301],[12.97253,62.74351],[13.04698,62.71075],[13.14751,62.70675],[13.18974,62.67567],[13.27794,62.66403],[13.26349,62.6341],[13.27242,62.61733],[13.3671,62.60872],[13.38747,62.6195],[13.48303,62.63164],[13.43157,62.64297],[13.36683,62.67796],[13.38433,62.75063],[13.42576,62.75963],[13.49668,62.71353],[13.58083,62.69331],[13.63156,62.67261],[13.6868,62.67673],[13.8131,62.71575],[13.87617,62.67112],[13.87056,62.62665],[13.99235,62.61889],[13.975,62.60321],[13.98049,62.58632],[14.0023,62.5774],[14.02083,62.50587],[14.08427,62.44708],[14.21618,62.3588],[14.29698,62.33179],[14.34018,62.30344],[14.4643,62.30478],[14.55575,62.2808],[14.72654,62.35866],[14.73834,62.3696],[14.80101,62.40394],[14.84767,62.39405],[14.87362,62.40048],[14.80123,62.40406],[14.79631,62.46336],[14.85042,62.4668],[14.83041,62.50696],[14.80227,62.5275],[14.80949,62.56266],[14.78109,62.59077],[14.91674,62.59809],[14.88471,62.63817],[14.86141,62.68145],[14.8584,62.71279],[14.79005,62.74021],[14.75091,62.7278],[14.70309,62.73764],[14.64874,62.72569],[14.63644,62.76058],[14.67433,62.76523],[14.73752,62.7627],[14.76935,62.74838],[14.81695,62.76386],[14.7689,62.81048],[14.81448,62.81103],[14.78075,62.89154],[14.69361,62.89607],[14.66828,62.90935],[14.60898,62.90607],[14.59516,62.94399],[14.538,62.95428],[14.53296,62.96785],[14.54184,63.01039],[14.44824,63.0145],[14.40453,63.06935]],[[14.73576,62.66683],[14.69637,62.7017],[14.73646,62.70775],[14.7566,62.69586],[14.75556,62.66745],[14.73576,62.66683]]]},"properties":{"lan_code":"23","kom_namn":"Berg","id":"2326","geo_point_2d":[62.769,13.78266]}},{"type":"Feature","geometry":{"type":"Polygon","coordinates":[[[17.31677,59.1449],[17.31707,59.14481],[17.31754,59.14464],[17.31893,59.14422],[17.31942,59.14405],[17.32086,59.1434],[17.32264,59.14194],[17.33686,59.14129],[17.35526,59.13442],[17.40139,59.13099],[17.42573,59.12389],[17.4631,59.12419],[17.49474,59.13567],[17.48323,59.15169],[17.50626,59.17601],[17.54694,59.17966],[17.56212,59.20568],[17.55671,59.21685],[17.5233,59.23266],[17.48258,59.22387],[17.34523,59.25401],[17.34156,59.2736],[17.31037,59.26633],[17.29304,59.24704],[17.28926,59.24645],[17.27482,59.24555],[17.248,59.19929],[17.26647,59.18851],[17.26673,59.1882],[17.27697,59.16957],[17.30764,59.15238],[17.31677,59.1449]]]},"properties":{"lan_code":"01","kom_namn":"Nykvarn","id":"0140","geo_point_2d":[59.19379,17.39505]}},{"type":"Feature","geometry":{"type":"Polygon","coordinates":[[[17.70688,60.60358],[17.70798,60.63062],[17.63558,60.65211],[17.55659,60.66758],[17.49639,60.66217],[17.46194,60.6473],[17.41912,60.65954],[17.37814,60.663],[17.37005,60.65431],[17.3693,60.65305],[17.37123,60.65212],[17.37204,60.65164],[17.37357,60.65034],[17.37323,60.64942],[17.37249,60.64737],[17.37082,60.64272],[17.36714,60.63191],[17.36552,60.62584],[17.35697,60.60548],[17.35003,60.58849],[17.34901,60.58613],[17.33065,60.55333],[17.33063,60.55328],[17.30272,60.50889],[17.30271,60.50881],[17.30269,60.50853],[17.30233,60.50448],[17.30192,60.4999],[17.29182,60.4573],[17.28964,60.45453],[17.28821,60.44872],[17.2879,60.44724],[17.28781,60.44677],[17.32311,60.44751],[17.32091,60.47026],[17.43383,60.46346],[17.47763,60.48998],[17.47288,60.53504],[17.51535,60.56209],[17.54573,60.56415],[17.57377,60.57615],[17.65973,60.59955],[17.70688,60.60358]]]},"properties":{"lan_code":"03","kom_namn":"Älvkarleby","id":"0319","geo_point_2d":[60.57616,17.46599]}},{"type":"Feature","geometry":{"type":"Polygon","coordinates":[[[15.96741,58.94715],[15.98647,58.95268],[16.00711,58.97881],[16.06399,58.99799],[16.1187,59.02314],[16.15765,59.02135],[16.14406,59.03988],[16.10935,59.05542],[16.10866,59.06379],[16.04619,59.10294],[16.03747,59.12916],[16.01308,59.1488],[15.963,59.15979],[15.76909,59.18372],[15.78792,59.13692],[15.78773,59.13663],[15.78778,59.1354],[15.78778,59.13533],[15.78779,59.13502],[15.78782,59.13422],[15.78788,59.13345],[15.78996,59.13117],[15.79028,59.13083],[15.79162,59.1294],[15.79202,59.12897],[15.79213,59.12885],[15.7926,59.12836],[15.79762,59.12287],[15.79084,59.12137],[15.79234,59.11688],[15.79083,59.11679],[15.79038,59.11636],[15.7895,59.11531],[15.78366,59.10623],[15.78178,59.10557],[15.7763,59.10439],[15.77304,59.10578],[15.77037,59.10643],[15.76893,59.10622],[15.7599,59.10494],[15.75726,59.10547],[15.75561,59.1058],[15.72933,59.10542],[15.72065,59.10288],[15.72,59.10269],[15.71791,59.10198],[15.71716,59.10186],[15.71712,59.10174],[15.71663,59.10175],[15.7147,59.102],[15.71429,59.102],[15.71266,59.1016],[15.70727,59.10101],[15.70574,59.10018],[15.70117,59.09504],[15.70102,59.09496],[15.70108,59.09445],[15.70357,59.09247],[15.70417,59.09225],[15.70779,59.0887],[15.70954,59.08777],[15.71562,59.08433],[15.71349,59.08146],[15.70121,59.07247],[15.69865,59.07143],[15.69089,59.06811],[15.67203,59.06415],[15.67191,59.06414],[15.65855,59.05995],[15.65782,59.05972],[15.63991,59.05411],[15.64008,59.05396],[15.63953,59.05303],[15.64255,59.04983],[15.64256,59.04922],[15.64196,59.04897],[15.64153,59.04854],[15.63858,59.04796],[15.63348,59.03533],[15.64098,59.03453],[15.6395,59.0326],[15.6334,59.03127],[15.63291,59.02958],[15.63287,59.0295],[15.63103,59.02874],[15.62968,59.02819],[15.62537,59.02462],[15.62457,59.02522],[15.62405,59.02518],[15.62346,59.02513],[15.6217,59.0249],[15.62095,59.0248],[15.62003,59.02468],[15.61905,59.02439],[15.61891,59.02424],[15.61879,59.02393],[15.61843,59.0238],[15.61806,59.02374],[15.61773,59.02367],[15.61747,59.02347],[15.61735,59.02327],[15.61784,59.0222],[15.61834,59.02234],[15.61857,59.02227],[15.61866,59.02205],[15.61904,59.02179],[15.61918,59.0217],[15.62007,59.02058],[15.62024,59.02039],[15.62043,59.02029],[15.62066,59.02007],[15.6207,59.01995],[15.62066,59.01976],[15.62071,59.0195],[15.62071,59.01932],[15.62065,59.0191],[15.61988,59.01864],[15.61979,59.01856],[15.61995,59.01823],[15.61986,59.01811],[15.61986,59.01798],[15.62011,59.01789],[15.6203,59.01776],[15.62044,59.01761],[15.62058,59.01747],[15.62081,59.01697],[15.62082,59.01688],[15.62075,59.01669],[15.62121,59.01577],[15.62119,59.01568],[15.62138,59.01556],[15.62163,59.01542],[15.62631,59.01318],[15.6308,59.01139],[15.63112,59.01128],[15.63462,59.01118],[15.63607,59.01141],[15.63758,59.01199],[15.63803,59.01211],[15.63806,59.01212],[15.63872,59.01231],[15.63995,59.0126],[15.64025,59.01266],[15.6406,59.0127],[15.64157,59.0128],[15.64481,59.01286],[15.64575,59.01274],[15.64753,59.01178],[15.64784,59.01153],[15.64965,59.0113],[15.65035,59.01148],[15.6512,59.01199],[15.65643,59.01046],[15.65599,59.01014],[15.65532,59.00995],[15.65262,59.00934],[15.65238,59.00923],[15.65201,59.00772],[15.6528,59.00687],[15.65446,59.00485],[15.6546,59.00456],[15.6546,59.00356],[15.65452,59.0007],[15.65449,58.99971],[15.6538,58.99925],[15.65122,58.99816],[15.65031,58.99614],[15.67168,58.982],[15.67178,58.982],[15.6807,58.98198],[15.68763,58.98197],[15.6877,58.98548],[15.68719,58.98939],[15.68751,58.98923],[15.68761,58.98896],[15.68754,58.98876],[15.68772,58.98862],[15.69668,58.98579],[15.69835,58.98547],[15.70083,58.98505],[15.70316,58.98485],[15.70497,58.9852],[15.70536,58.98558],[15.70548,58.98593],[15.70805,58.98698],[15.7085,58.98704],[15.70916,58.9872],[15.7157,58.98817],[15.7182,58.98884],[15.72453,58.98637],[15.7246,58.98631],[15.72502,58.98597],[15.72512,58.98589],[15.72646,58.98509],[15.72662,58.98499],[15.72685,58.98482],[15.72804,58.98363],[15.72808,58.98349],[15.72779,58.98309],[15.72734,58.98269],[15.72713,58.9826],[15.72671,58.98246],[15.7258,58.98168],[15.72571,58.98011],[15.72703,58.979],[15.72928,58.97673],[15.75323,58.95395],[15.76284,58.95617],[15.76319,58.95927],[15.7628,58.96039],[15.76263,58.96089],[15.7668,58.96653],[15.76749,58.96656],[15.76756,58.96653],[15.76973,58.96551],[15.77239,58.96512],[15.77396,58.96545],[15.77275,58.9664],[15.77944,58.96862],[15.77984,58.96891],[15.7804,58.96922],[15.78074,58.96988],[15.78038,58.97316],[15.78572,58.98679],[15.79226,58.99038],[15.80517,59.00105],[15.80598,59.00186],[15.80631,59.0022],[15.80693,59.00268],[15.80692,59.0111],[15.80703,59.01153],[15.80703,59.01155],[15.80709,59.01167],[15.80805,59.01299],[15.80972,59.0144],[15.82075,59.01843],[15.83478,59.01625],[15.83615,59.01604],[15.84063,59.0153],[15.84283,59.01495],[15.8429,59.01495],[15.84568,59.01344],[15.86107,59.00507],[15.86739,59.0019],[15.86742,59.00188],[15.86805,59.00156],[15.87153,58.98983],[15.87545,58.98932],[15.87862,58.99021],[15.88301,58.98775],[15.88345,58.98584],[15.88356,58.98262],[15.88356,58.98258],[15.88326,58.98168],[15.88244,58.97915],[15.88877,58.97772],[15.89996,58.97054],[15.91153,58.96241],[15.93808,58.95636],[15.95017,58.95336],[15.96741,58.94715]]]},"properties":{"lan_code":"04","kom_namn":"Vingåker","id":"0428","geo_point_2d":[59.05998,15.88637]}},{"type":"Feature","geometry":{"type":"Polygon","coordinates":[[[14.71687,56.38248],[14.71639,56.38268],[14.71512,56.38443],[14.70712,56.38479],[14.67447,56.38955],[14.67273,56.39012],[14.67271,56.39012],[14.69575,56.34032],[14.7405,56.2984],[14.7318,56.27623],[14.74635,56.25898],[14.70368,56.24964],[14.69913,56.23201],[14.67258,56.23023],[14.65059,56.20761],[14.66154,56.19152],[14.65642,56.17255],[14.70227,56.14453],[14.75288,56.14208],[14.76761,56.14685],[14.8131,56.14286],[14.83523,56.13023],[14.9317,56.14172],[14.94711,56.1165],[14.97061,56.10575],[14.99934,56.11444],[15.02842,56.14378],[15.04106,56.12716],[15.06238,56.1215],[15.04752,56.1375],[15.06556,56.16728],[15.05977,56.18824],[15.07063,56.20455],[15.03277,56.26196],[15.01196,56.27177],[15.03508,56.31913],[15.01514,56.36281],[14.95703,56.37034],[14.93077,56.38374],[14.90481,56.36162],[14.90415,56.36141],[14.90235,56.36181],[14.89921,56.36252],[14.89655,56.36233],[14.88759,56.36241],[14.88476,56.36224],[14.88101,56.36189],[14.86859,56.36021],[14.86754,56.36006],[14.86703,56.35973],[14.8664,56.35952],[14.85862,56.35999],[14.85828,56.36019],[14.85833,56.36038],[14.85838,56.36061],[14.85844,56.36104],[14.85818,56.3613],[14.85809,56.36153],[14.85801,56.36187],[14.85766,56.362],[14.857,56.36218],[14.85624,56.36232],[14.85584,56.36255],[14.85575,56.36273],[14.85552,56.36287],[14.85533,56.36302],[14.85317,56.36337],[14.84765,56.36459],[14.80436,56.37341],[14.80368,56.3736],[14.80324,56.37361],[14.80208,56.37337],[14.801,56.37324],[14.79901,56.37608],[14.79841,56.37621],[14.79673,56.37648],[14.79559,56.377],[14.78265,56.38156],[14.78204,56.38164],[14.77764,56.38259],[14.77555,56.38266],[14.75826,56.38308],[14.75751,56.38236],[14.75749,56.38215],[14.75735,56.38153],[14.75696,56.3814],[14.7567,56.38154],[14.74465,56.38226],[14.74333,56.38266],[14.73741,56.38363],[14.73707,56.38376],[14.73184,56.38467],[14.72991,56.38466],[14.72651,56.383],[14.7258,56.38305],[14.71687,56.38248]]]},"properties":{"lan_code":"10","kom_namn":"Karlshamn","id":"1082","geo_point_2d":[56.24778,14.86875]}},{"type":"Feature","geometry":{"type":"Polygon","coordinates":[[[11.85331,58.16024],[11.85183,58.22764],[11.83113,58.26329],[11.8079,58.27418],[11.78757,58.26971],[11.74684,58.30889],[11.72281,58.30215],[11.67789,58.30075],[11.6692,58.28094],[11.67717,58.26926],[11.64849,58.26237],[11.55938,58.22721],[11.54177,58.24011],[11.49511,58.23334],[11.45181,58.18222],[11.4018,58.1924],[11.35257,58.1742],[11.3153,58.17416],[11.27644,58.09324],[11.32141,58.04958],[11.37979,58.04911],[11.46119,58.04905],[11.50469,58.05287],[11.5557,58.07248],[11.59801,58.07028],[11.63125,58.09081],[11.66536,58.10177],[11.69404,58.09896],[11.71549,58.08373],[11.7484,58.10569],[11.78665,58.12049],[11.82344,58.11462],[11.83476,58.12245],[11.83293,58.12686],[11.85331,58.16024]]]},"properties":{"lan_code":"14","kom_namn":"Orust","id":"1421","geo_point_2d":[58.16112,11.58723]}},{"type":"Feature","geometry":{"type":"Polygon","coordinates":[[[12.84525,58.38748],[12.83335,58.42686],[12.76301,58.4068],[12.73686,58.41317],[12.69394,58.38986],[12.67048,58.39566],[12.64613,58.41337],[12.57471,58.37492],[12.51528,58.37628],[12.45568,58.35754],[12.44408,58.33994],[12.46631,58.33702],[12.49392,58.30279],[12.52816,58.31302],[12.5747,58.28439],[12.52846,58.23457],[12.54563,58.23588],[12.57789,58.21858],[12.66664,58.24986],[12.68008,58.26318],[12.71071,58.2743],[12.74513,58.26763],[12.77666,58.27944],[12.81542,58.27067],[12.83221,58.28967],[12.79928,58.30812],[12.79084,58.34966],[12.82588,58.38278],[12.84525,58.38748]]]},"properties":{"lan_code":"14","kom_namn":"Grästorp","id":"1444","geo_point_2d":[58.33024,12.65986]}},{"type":"Feature","geometry":{"type":"Polygon","coordinates":[[[13.77201,58.43835],[13.74496,58.4364],[13.76594,58.42398],[13.74512,58.40474],[13.73807,58.39749],[13.72348,58.3771],[13.72288,58.35347],[13.63053,58.34763],[13.59836,58.35196],[13.56044,58.33896],[13.53246,58.29175],[13.48571,58.27434],[13.44097,58.28084],[13.40478,58.27601],[13.38934,58.25515],[13.35741,58.23303],[13.2856,58.19052],[13.24703,58.1859],[13.22692,58.15417],[13.18938,58.12924],[13.21431,58.12572],[13.21129,58.10108],[13.1991,58.08453],[13.25905,58.09284],[13.31362,58.08182],[13.29575,58.06531],[13.31186,58.05349],[13.30912,58.03774],[13.34804,58.00772],[13.37389,58.00214],[13.35695,57.98182],[13.41734,57.9778],[13.44878,57.95839],[13.48649,57.9673],[13.48723,57.98353],[13.52489,58.01093],[13.5594,58.00666],[13.58293,57.99078],[13.57959,57.97417],[13.59557,57.95126],[13.6089,57.94864],[13.61837,57.91932],[13.64887,57.92837],[13.72905,57.93127],[13.71693,57.95664],[13.71546,57.95954],[13.70108,57.97673],[13.72031,57.97685],[13.7204,57.98179],[13.7213,57.98273],[13.72182,57.98469],[13.71337,57.98745],[13.74879,57.9938],[13.77373,58.00644],[13.77308,58.01811],[13.77209,58.01992],[13.77177,58.02422],[13.7694,58.0292],[13.78086,58.05178],[13.78107,58.05194],[13.79003,58.05596],[13.74961,58.07139],[13.75488,58.08486],[13.74474,58.11363],[13.76365,58.12399],[13.71888,58.1439],[13.75692,58.16556],[13.75211,58.1796],[13.75231,58.17967],[13.77391,58.18624],[13.75275,58.21782],[13.78205,58.24158],[13.81723,58.2422],[13.8617,58.25388],[13.85112,58.26748],[13.85899,58.30923],[13.73272,58.30748],[13.7124,58.29758],[13.68013,58.30954],[13.66716,58.33351],[13.69332,58.34808],[13.73974,58.34841],[13.74185,58.35798],[13.78168,58.36728],[13.802,58.37964],[13.76328,58.39352],[13.78203,58.42099],[13.77201,58.43835]]]},"properties":{"lan_code":"14","kom_namn":"Falköping","id":"1499","geo_point_2d":[58.14525,13.5502]}},{"type":"Feature","geometry":{"type":"Polygon","coordinates":[[[15.28132,59.94166],[15.22843,59.97613],[15.16788,59.88072],[15.14133,59.83465],[15.09617,59.82391],[15.08182,59.80863],[15.09672,59.78765],[14.90541,59.76798],[14.91149,59.74727],[14.93045,59.73865],[14.95299,59.71185],[14.97663,59.6371],[14.99602,59.63355],[15.00309,59.61361],[15.00074,59.58419],[15.06329,59.59093],[15.10346,59.59025],[15.17241,59.55481],[15.14641,59.53611],[15.15007,59.50921],[15.2007,59.52368],[15.23148,59.50801],[15.27542,59.50537],[15.27275,59.48526],[15.27956,59.44592],[15.29878,59.44943],[15.31928,59.43285],[15.40654,59.42369],[15.47289,59.43203],[15.51598,59.40586],[15.47372,59.39779],[15.47603,59.38907],[15.52085,59.38412],[15.5682,59.36831],[15.59933,59.37325],[15.60397,59.39655],[15.62672,59.40384],[15.67365,59.40623],[15.67596,59.40611],[15.7212,59.41039],[15.72968,59.4317],[15.71574,59.45047],[15.71283,59.4758],[15.68551,59.47742],[15.69056,59.49611],[15.71974,59.50752],[15.7134,59.52575],[15.70475,59.53894],[15.64045,59.52151],[15.63915,59.52135],[15.63047,59.52891],[15.6233,59.59822],[15.61569,59.63047],[15.56509,59.62704],[15.52121,59.63351],[15.51254,59.65256],[15.52558,59.67074],[15.52454,59.67693],[15.55037,59.69917],[15.55323,59.72591],[15.53423,59.74442],[15.52677,59.75302],[15.5054,59.79607],[15.42588,59.79556],[15.45611,59.82108],[15.45697,59.83531],[15.42224,59.85415],[15.3792,59.87753],[15.36045,59.88054],[15.36023,59.88087],[15.33135,59.90863],[15.31165,59.92163],[15.30883,59.9235],[15.28132,59.94166]]]},"properties":{"lan_code":"18","kom_namn":"Lindesberg","id":"1885","geo_point_2d":[59.6489,15.33198]}},{"type":"Feature","geometry":{"type":"Polygon","coordinates":[[[16.79901,59.8815],[16.77306,59.89427],[16.80212,59.90868],[16.79433,59.94587],[16.77687,59.95527],[16.77434,59.97431],[16.73826,59.98288],[16.7337,60.002],[16.71618,60.01086],[16.72736,60.04341],[16.70743,60.07171],[16.71417,60.08937],[16.70516,60.10896],[16.7473,60.13594],[16.73363,60.16564],[16.70479,60.1951],[16.5816,60.17983],[16.52703,60.16462],[16.53896,60.13743],[16.50289,60.13674],[16.43807,60.12477],[16.41789,60.11127],[16.41671,60.11049],[16.3872,60.08141],[16.34243,60.07746],[16.34064,60.07816],[16.33279,60.07982],[16.33204,60.0801],[16.32161,60.07359],[16.26456,60.07347],[16.22818,60.07892],[16.18413,60.076],[16.19657,60.02931],[16.18913,60.00448],[16.19745,59.99547],[16.14532,59.99077],[16.14188,59.97043],[16.1631,59.96058],[16.12118,59.94198],[16.09248,59.93665],[16.11449,59.91035],[16.1045,59.90496],[16.1223,59.88197],[16.20624,59.85145],[16.21718,59.81653],[16.28257,59.77438],[16.30561,59.78674],[16.3407,59.79287],[16.35723,59.80781],[16.41055,59.82406],[16.45536,59.84555],[16.50662,59.82254],[16.54787,59.81115],[16.60028,59.7661],[16.6366,59.75872],[16.67464,59.77179],[16.6776,59.79131],[16.72896,59.77676],[16.74378,59.78541],[16.7535,59.79107],[16.75368,59.79175],[16.76175,59.79564],[16.76476,59.79688],[16.76496,59.80193],[16.76491,59.80211],[16.7697,59.80246],[16.77003,59.80275],[16.7851,59.80634],[16.78792,59.80773],[16.78589,59.8084],[16.78715,59.81127],[16.79927,59.81446],[16.81015,59.81944],[16.80851,59.84892],[16.81837,59.85243],[16.82768,59.85628],[16.83655,59.85994],[16.82873,59.86434],[16.82698,59.8645],[16.82234,59.86497],[16.8145,59.86705],[16.80058,59.87151],[16.80055,59.87241],[16.80056,59.87308],[16.79901,59.8815]]]},"properties":{"lan_code":"19","kom_namn":"Sala","id":"1981","geo_point_2d":[59.95986,16.48919]}},{"type":"Feature","geometry":{"type":"MultiPolygon","coordinates":[[[[14.73576,62.66683],[14.75556,62.66745],[14.7566,62.69586],[14.73646,62.70775],[14.69637,62.7017],[14.73576,62.66683]]],[[[14.76935,62.74838],[14.73752,62.7627],[14.67433,62.76523],[14.63644,62.76058],[14.64874,62.72569],[14.70309,62.73764],[14.75091,62.7278],[14.79005,62.74021],[14.76935,62.74838]]],[[[15.49495,63.36341],[15.4368,63.34701],[15.39137,63.36339],[15.34198,63.39937],[15.23851,63.44351],[15.17566,63.45902],[15.12116,63.47932],[15.07788,63.46827],[15.03853,63.4866],[15.08649,63.51592],[15.0547,63.52738],[14.98706,63.57896],[14.94406,63.59486],[14.86379,63.5705],[14.78259,63.59321],[14.76425,63.55685],[14.71227,63.53803],[14.69049,63.56843],[14.59515,63.56473],[14.53822,63.58868],[14.54506,63.55801],[14.57799,63.54851],[14.57899,63.52079],[14.59244,63.50881],[14.54785,63.49908],[14.5855,63.48789],[14.49836,63.44959],[14.52257,63.44021],[14.64859,63.35918],[14.64113,63.31327],[14.69268,63.30475],[14.73621,63.31081],[14.72167,63.28308],[14.73135,63.26631],[14.71738,63.25261],[14.7479,63.22463],[14.70946,63.22173],[14.65237,63.22621],[14.6218,63.22319],[14.59983,63.20863],[14.51538,63.2319],[14.47667,63.2223],[14.40571,63.21629],[14.31297,63.23045],[14.27147,63.2249],[14.29992,63.21208],[14.26471,63.16413],[14.3284,63.13006],[14.39584,63.11196],[14.40453,63.06935],[14.44824,63.0145],[14.54184,63.01039],[14.53296,62.96785],[14.538,62.95428],[14.59516,62.94399],[14.60898,62.90607],[14.66828,62.90935],[14.69361,62.89607],[14.78075,62.89154],[14.77284,62.9129],[14.79351,62.9328],[14.89024,62.9226],[14.92166,62.90546],[14.96897,62.92041],[14.9979,62.93555],[14.9632,62.95155],[14.98539,62.97128],[15.01199,62.96189],[15.05316,62.98834],[15.03845,63.01324],[15.00857,63.04225],[15.04297,63.06368],[15.11569,63.05694],[15.1309,63.08459],[15.10039,63.14848],[15.18411,63.13498],[15.25865,63.09799],[15.31792,63.14413],[15.29277,63.18007],[15.30318,63.19133],[15.23145,63.18709],[15.22175,63.23946],[15.27145,63.23687],[15.365,63.30319],[15.42656,63.28543],[15.45576,63.25946],[15.47046,63.25933],[15.556,63.3088],[15.50355,63.32588],[15.49495,63.36341]]]]},"properties":{"lan_code":"23","kom_namn":"Östersund","id":"2380","geo_point_2d":[63.23858,14.86737]}},{"type":"Feature","geometry":{"type":"Polygon","coordinates":[[[19.16046,64.13281],[19.12143,64.12136],[19.06186,64.1409],[19.07148,64.10896],[18.78842,64.0606],[18.40648,63.99579],[18.46191,63.97614],[18.47369,63.96479],[18.46541,63.93199],[18.42048,63.93389],[18.43984,63.89302],[18.47918,63.86608],[18.4855,63.84265],[18.59437,63.82255],[18.63755,63.82622],[18.70245,63.81624],[18.72194,63.80639],[18.7573,63.81043],[18.80723,63.7885],[18.84687,63.84759],[18.92768,63.85221],[18.99814,63.81242],[19.05737,63.83665],[19.1127,63.81151],[19.16673,63.82297],[19.21747,63.81442],[19.25627,63.78769],[19.32371,63.7996],[19.3398,63.81806],[19.37035,63.81833],[19.36865,63.83657],[19.42195,63.81545],[19.45124,63.8189],[19.45475,63.8607],[19.5087,63.86821],[19.52822,63.87231],[19.47067,63.99048],[19.41815,64.01897],[19.35379,64.04886],[19.34368,64.07073],[19.30729,64.07029],[19.24526,64.09894],[19.22861,64.09546],[19.1827,64.12884],[19.16046,64.13281]]]},"properties":{"lan_code":"24","kom_namn":"Bjurholm","id":"2403","geo_point_2d":[63.94639,18.99147]}},{"type":"Feature","geometry":{"type":"Polygon","coordinates":[[[21.28001,64.26899],[21.22336,64.26824],[21.18526,64.3004],[21.18773,64.31796],[21.1487,64.35924],[21.06542,64.3353],[21.05711,64.34838],[21.02013,64.3603],[20.99119,64.39388],[20.91622,64.4301],[20.88162,64.43965],[20.85353,64.4386],[20.82497,64.42389],[20.78915,64.41589],[20.74991,64.41949],[20.74798,64.39173],[20.71228,64.39024],[20.66668,64.34458],[20.57029,64.3181],[20.49015,64.32214],[20.46663,64.31224],[20.432,64.32125],[20.30751,64.3281],[20.30896,64.31793],[20.30514,64.31253],[20.33753,64.257],[20.35683,64.25815],[20.45639,64.14045],[20.51964,64.11261],[20.52218,64.09814],[20.56468,64.08196],[20.66599,63.98604],[20.68794,63.97262],[20.63464,63.87937],[20.67727,63.88499],[20.72968,63.87471],[20.72567,63.8634],[20.8117,63.84584],[20.93986,63.98962],[20.96654,64.07106],[21.01467,64.08124],[21.03887,64.11378],[21.01041,64.1434],[21.05492,64.17287],[21.14526,64.18779],[21.28001,64.26899]]]},"properties":{"lan_code":"24","kom_namn":"Robertsfors","id":"2409","geo_point_2d":[64.18529,20.78864]}},{"type":"Feature","geometry":{"type":"Polygon","coordinates":[[[19.3567,59.47988],[19.35867,59.4846],[19.28979,59.50353],[19.24307,59.49596],[19.20559,59.46945],[19.06712,59.49616],[19.02731,59.51413],[19.00201,59.51573],[18.97338,59.49694],[18.93725,59.48263],[18.91323,59.46533],[18.8736,59.45965],[18.86763,59.47357],[18.76728,59.45076],[18.73175,59.46435],[18.68733,59.47059],[18.63588,59.45434],[18.63824,59.44498],[18.6117,59.40455],[18.59279,59.40037],[18.56502,59.42047],[18.53281,59.42006],[18.49296,59.46711],[18.46698,59.45701],[18.43568,59.45829],[18.41177,59.44369],[18.37461,59.43997],[18.39675,59.42088],[18.44817,59.39402],[18.4504,59.36887],[18.44058,59.35213],[18.40678,59.362],[18.33659,59.36663],[18.3515,59.34661],[18.37407,59.3383],[18.31932,59.31962],[18.32388,59.2796],[18.38901,59.26349],[18.41824,59.2414],[18.46839,59.21953],[18.51979,59.20093],[18.5862,59.19336],[18.56765,59.14422],[18.54784,59.14103],[18.59085,59.10311],[18.56132,59.08047],[18.67922,58.99798],[18.7273,59.03854],[18.8693,59.11819],[18.9087,59.19447],[19.1939,59.30519],[19.19588,59.33301],[19.28567,59.39322],[19.31821,59.44545],[19.35129,59.46144],[19.3567,59.47988]]]},"properties":{"lan_code":"01","kom_namn":"Värmdö","id":"0120","geo_point_2d":[59.30867,18.80344]}},{"type":"Feature","geometry":{"type":"Polygon","coordinates":[[[17.98175,59.39511],[17.97267,59.40045],[17.95374,59.39752],[17.92925,59.37821],[17.9658,59.3552],[17.98498,59.37886],[17.98175,59.39511]]]},"properties":{"lan_code":"01","kom_namn":"Sundbyberg","id":"0183","geo_point_2d":[59.37829,17.9602]}},{"type":"Feature","geometry":{"type":"Polygon","coordinates":[[[17.32176,60.1335],[17.35869,60.19362],[17.37511,60.22844],[17.34584,60.24565],[17.28455,60.2587],[17.24818,60.28604],[17.20952,60.3027],[17.19382,60.30081],[17.18273,60.29897],[17.18072,60.29863],[17.16111,60.28915],[17.15755,60.28742],[17.13046,60.28793],[17.1197,60.28572],[17.11184,60.28312],[17.11017,60.28269],[17.1031,60.28083],[17.11,60.27054],[17.1129,60.26932],[17.08614,60.26044],[17.05847,60.27297],[17.00056,60.2757],[16.99202,60.28751],[16.98052,60.29528],[16.9393,60.28723],[16.93157,60.2872],[16.91402,60.28288],[16.90888,60.2815],[16.89146,60.2597],[16.9049,60.23949],[16.84182,60.21684],[16.80261,60.21213],[16.79673,60.19768],[16.75006,60.18864],[16.70479,60.1951],[16.73363,60.16564],[16.7473,60.13594],[16.70516,60.10896],[16.71417,60.08937],[16.70743,60.07171],[16.72736,60.04341],[16.71618,60.01086],[16.7337,60.002],[16.73826,59.98288],[16.77434,59.97431],[16.77687,59.95527],[16.79433,59.94587],[16.80212,59.90868],[16.77306,59.89427],[16.79901,59.8815],[16.79901,59.8815],[16.8585,59.86588],[16.90979,59.86838],[16.96097,59.8624],[17.00246,59.82845],[17.0775,59.85857],[17.11886,59.88307],[17.12786,59.88791],[17.12921,59.94593],[17.12443,59.9711],[17.07986,59.97223],[17.0846,59.99064],[17.16001,60.00663],[17.20676,60.0448],[17.25225,60.03858],[17.27933,60.04369],[17.3027,60.06458],[17.30854,60.10711],[17.32176,60.1335]]]},"properties":{"lan_code":"03","kom_namn":"Heby","id":"0331","geo_point_2d":[60.08923,17.01486]}},{"type":"Feature","geometry":{"type":"Polygon","coordinates":[[[15.27693,58.13478],[15.25033,58.14364],[15.25257,58.16575],[15.22133,58.23594],[15.20646,58.24804],[15.17188,58.25195],[15.1651,58.26194],[15.11492,58.27731],[15.06401,58.28648],[15.03436,58.28078],[15.0056,58.30654],[14.9769,58.30199],[14.97621,58.29061],[14.90896,58.28757],[14.89003,58.26346],[14.8838,58.23042],[14.8655,58.20376],[14.89128,58.16231],[14.9147,58.16918],[14.92127,58.14311],[14.8986,58.13772],[14.92697,58.13428],[14.98419,58.14953],[14.98464,58.1494],[14.97582,58.13371],[14.99528,58.1218],[15.00552,58.10208],[15.00632,58.10139],[15.03884,58.05673],[15.03119,58.05471],[15.02765,58.04969],[15.03768,58.04295],[15.04485,58.03801],[15.06365,58.0253],[15.08019,58.03212],[15.12674,58.02876],[15.15013,58.01597],[15.17424,58.02026],[15.26947,57.99994],[15.2982,57.96454],[15.33545,57.96446],[15.36808,57.9712],[15.37524,58.01492],[15.36745,58.04639],[15.37899,58.06327],[15.37896,58.07872],[15.34453,58.08369],[15.34878,58.10282],[15.29546,58.10261],[15.27693,58.13478]]]},"properties":{"lan_code":"05","kom_namn":"Boxholm","id":"0560","geo_point_2d":[58.14222,15.12217]}},{"type":"Feature","geometry":{"type":"Polygon","coordinates":[[[16.19832,58.83799],[16.18232,58.85387],[16.17933,58.8447],[16.14,58.8267],[16.09335,58.81732],[16.09976,58.80285],[16.07379,58.79741],[16.08246,58.77252],[16.0521,58.76611],[16.01586,58.74577],[16.02644,58.73453],[16.014,58.71371],[15.98531,58.69703],[15.98575,58.67559],[15.94721,58.66333],[15.97727,58.62252],[15.89777,58.61575],[15.8799,58.62919],[15.84379,58.6287],[15.79089,58.63898],[15.76782,58.65144],[15.68114,58.65752],[15.65862,58.64041],[15.62481,58.63485],[15.62702,58.61421],[15.68363,58.57828],[15.69104,58.55947],[15.75667,58.55158],[15.75942,58.51174],[15.81746,58.51858],[15.91751,58.51197],[15.92883,58.49266],[15.92113,58.47366],[15.94627,58.47073],[15.97624,58.44388],[15.95206,58.4271],[16.00912,58.41971],[16.03405,58.42055],[16.03299,58.43725],[16.04557,58.45888],[16.0839,58.46172],[16.08987,58.48715],[16.13992,58.52162],[16.24574,58.51863],[16.26612,58.52186],[16.29242,58.51244],[16.3322,58.51104],[16.35628,58.47976],[16.41701,58.47532],[16.42987,58.4792],[16.48825,58.47069],[16.5896,58.44285],[16.6141,58.443],[16.72325,58.41892],[16.78351,58.41366],[16.78221,58.42693],[16.85853,58.44278],[16.87115,58.46765],[16.93349,58.46694],[16.99477,58.459],[16.99832,58.46753],[17.11834,58.43766],[17.14899,58.50334],[17.1465,58.53267],[17.13093,58.55007],[17.06983,58.59066],[17.01642,58.59005],[16.97243,58.581],[16.94252,58.58445],[16.89009,58.60099],[16.85013,58.59667],[16.83704,58.59524],[16.82738,58.59427],[16.75005,58.62712],[16.7583,58.63026],[16.68978,58.67562],[16.64884,58.68188],[16.5845,58.69783],[16.54166,58.70094],[16.475,58.69632],[16.42708,58.69721],[16.3858,58.70359],[16.37065,58.7344],[16.37207,58.73664],[16.36988,58.74134],[16.36932,58.74672],[16.36867,58.75303],[16.3103,58.79154],[16.28932,58.80071],[16.27181,58.82221],[16.26361,58.83223],[16.23808,58.83577],[16.21979,58.83835],[16.19892,58.83717],[16.19832,58.83799]]]},"properties":{"lan_code":"05","kom_namn":"Norrköping","id":"0581","geo_point_2d":[58.59067,16.38101]}},{"type":"Feature","geometry":{"type":"Polygon","coordinates":[[[15.00459,57.93343],[14.95741,57.92816],[14.93575,57.94993],[14.88732,57.94499],[14.85462,57.95239],[14.82533,57.94823],[14.7923,57.93109],[14.75877,57.9476],[14.71182,57.95307],[14.71459,57.93944],[14.64125,57.95802],[14.61345,58.00071],[14.57718,57.98823],[14.5772,57.95872],[14.53514,57.93946],[14.50358,57.93907],[14.48103,57.91617],[14.47955,57.87361],[14.50605,57.85437],[14.54374,57.87342],[14.56765,57.87158],[14.60426,57.85366],[14.5986,57.83512],[14.61361,57.82606],[14.62124,57.80221],[14.65069,57.75909],[14.65692,57.76436],[14.72883,57.78399],[14.73823,57.79638],[14.79144,57.80497],[14.81571,57.7966],[14.85493,57.79786],[14.89281,57.81212],[14.92205,57.81023],[14.9509,57.79858],[14.95503,57.7759],[14.96925,57.75205],[15.01295,57.74296],[15.08974,57.73894],[15.12815,57.72022],[15.1119,57.75317],[15.08869,57.77278],[15.06774,57.82228],[15.07803,57.8359],[15.0446,57.85935],[14.99375,57.90934],[15.01205,57.9234],[15.00459,57.93343]]]},"properties":{"lan_code":"06","kom_namn":"Aneby","id":"0604","geo_point_2d":[57.86561,14.79578]}},{"type":"Feature","geometry":{"type":"Polygon","coordinates":[[[12.42756,57.7313],[12.38237,57.73418],[12.22491,57.7276],[12.17063,57.71397],[12.1375,57.68762],[12.08867,57.68217],[12.05674,57.67824],[12.08234,57.65769],[12.07503,57.63613],[12.22485,57.62658],[12.27332,57.60583],[12.30601,57.61158],[12.35539,57.63501],[12.37451,57.61302],[12.42075,57.61811],[12.46014,57.60497],[12.4846,57.61489],[12.52211,57.62073],[12.56217,57.61984],[12.50055,57.68881],[12.51076,57.69854],[12.47987,57.71521],[12.42756,57.7313]]]},"properties":{"lan_code":"14","kom_namn":"Härryda","id":"1401","geo_point_2d":[57.66946,12.31962]}},{"type":"Feature","geometry":{"type":"Polygon","coordinates":[[[12.52816,58.31302],[12.49829,58.29842],[12.4454,58.28947],[12.41793,58.26866],[12.38251,58.25648],[12.37319,58.29007],[12.34114,58.30496],[12.34754,58.31766],[12.31483,58.32156],[12.29091,58.33954],[12.27708,58.32444],[12.25348,58.33054],[12.19853,58.31122],[12.16264,58.31663],[12.13634,58.30807],[12.15594,58.29737],[12.1366,58.28129],[12.14713,58.26815],[12.18688,58.27499],[12.22863,58.25655],[12.15772,58.21666],[12.18314,58.1898],[12.16192,58.16903],[12.18778,58.13477],[12.24308,58.11618],[12.30537,58.12306],[12.37004,58.12599],[12.37552,58.11731],[12.42656,58.10891],[12.43372,58.09522],[12.46181,58.10318],[12.46514,58.12343],[12.49896,58.14096],[12.47377,58.14815],[12.49074,58.16192],[12.51654,58.16566],[12.54313,58.18059],[12.53999,58.1971],[12.52239,58.2183],[12.52846,58.23457],[12.5747,58.28439],[12.52816,58.31302]]]},"properties":{"lan_code":"14","kom_namn":"Trollhättan","id":"1488","geo_point_2d":[58.21772,12.34706]}},{"type":"Feature","geometry":{"type":"Polygon","coordinates":[[[12.286,59.57516],[12.26659,59.60539],[12.16439,59.61457],[12.11803,59.60637],[12.05707,59.61532],[12.01023,59.63732],[11.99132,59.67259],[11.95247,59.70453],[11.93776,59.72814],[11.93994,59.69458],[11.8892,59.69322],[11.85571,59.64827],[11.77906,59.64301],[11.72061,59.62547],[11.69794,59.60876],[11.69113,59.58954],[11.72863,59.51117],[11.74688,59.49125],[11.75993,59.45819],[11.76094,59.42861],[11.77412,59.41431],[11.77989,59.38647],[11.81622,59.34476],[11.82971,59.24214],[11.82619,59.23782],[11.83572,59.23581],[11.83785,59.23537],[11.84827,59.2332],[11.86316,59.23118],[11.86939,59.23055],[11.88306,59.2262],[11.88914,59.22568],[11.89022,59.22539],[11.89055,59.2253],[11.89102,59.22517],[11.8922,59.22484],[11.9077,59.22315],[11.91443,59.22381],[11.93848,59.23154],[11.94185,59.2333],[11.94307,59.24034],[11.94842,59.24967],[11.96292,59.23913],[11.98811,59.22447],[12.0186,59.21292],[12.02949,59.21199],[12.03253,59.2014],[12.04839,59.19307],[12.08457,59.17636],[12.08924,59.18359],[12.09377,59.18479],[12.09407,59.18483],[12.09437,59.18489],[12.09466,59.18725],[12.09547,59.18877],[12.10093,59.19089],[12.10713,59.19645],[12.10701,59.19647],[12.10487,59.19691],[12.1046,59.19695],[12.10342,59.19704],[12.10327,59.19705],[12.10134,59.19697],[12.10103,59.19695],[12.10047,59.19748],[12.09973,59.19788],[12.09885,59.19815],[12.09868,59.19836],[12.09653,59.19798],[12.09644,59.19795],[12.09553,59.1981],[12.09545,59.19819],[12.09465,59.2],[12.09447,59.20012],[12.09399,59.20228],[12.0943,59.2026],[12.0926,59.20965],[12.0927,59.20976],[12.08961,59.22026],[12.08896,59.22176],[12.08349,59.23302],[12.08256,59.24051],[12.0822,59.25724],[12.08495,59.25655],[12.09161,59.25502],[12.09188,59.25496],[12.09318,59.25474],[12.12336,59.25019],[12.12881,59.25054],[12.18551,59.25],[12.19157,59.25088],[12.20007,59.25209],[12.23563,59.25712],[12.23835,59.24236],[12.23866,59.24177],[12.23922,59.23932],[12.23995,59.23929],[12.24316,59.23435],[12.24334,59.23419],[12.26084,59.1945],[12.29729,59.19641],[12.33644,59.17524],[12.35429,59.17483],[12.35509,59.17497],[12.35673,59.17525],[12.37008,59.17759],[12.37583,59.17899],[12.42242,59.19261],[12.42819,59.22253],[12.44454,59.22856],[12.44093,59.25073],[12.47382,59.24825],[12.4741,59.26749],[12.46086,59.2785],[12.47074,59.30049],[12.45809,59.33585],[12.48148,59.37158],[12.46382,59.38364],[12.50914,59.41532],[12.49995,59.43243],[12.46426,59.43065],[12.40973,59.4503],[12.28218,59.4462],[12.276,59.44948],[12.30864,59.49],[12.32689,59.53271],[12.31986,59.55274],[12.286,59.57516]]]},"properties":{"lan_code":"17","kom_namn":"Årjäng","id":"1765","geo_point_2d":[59.42457,12.08133]}},{"type":"Feature","geometry":{"type":"Polygon","coordinates":[[[13.7871,60.2908],[13.74371,60.33813],[13.73771,60.3448],[13.72108,60.36175],[13.6966,60.38197],[13.67083,60.40336],[13.6625,60.40525],[13.62711,60.41325],[13.62169,60.41439],[13.52897,60.38212],[13.47829,60.32485],[13.41609,60.2909],[13.37565,60.25077],[13.32814,60.24427],[13.26211,60.22023],[13.19703,60.24363],[13.16389,60.22924],[13.17717,60.16868],[13.25718,60.12287],[13.28552,60.07863],[13.28649,60.0358],[13.31849,60.02382],[13.31824,59.99762],[13.32844,59.99073],[13.3422,59.94539],[13.38322,59.92617],[13.38714,59.89234],[13.38251,59.86616],[13.50666,59.88236],[13.55609,59.87254],[13.5692,59.85158],[13.595,59.85509],[13.64046,59.8744],[13.61778,59.81907],[13.62932,59.81538],[13.63585,59.7829],[13.6868,59.7725],[13.73234,59.76726],[13.78041,59.7738],[13.9133,59.79752],[13.86379,59.81515],[13.856,59.86717],[13.89354,59.86911],[13.90616,59.88105],[13.90768,59.93549],[13.99317,59.95616],[14.01831,60.08105],[13.99738,60.1567],[13.96552,60.1752],[13.82801,60.25474],[13.78741,60.29046],[13.7871,60.2908]]]},"properties":{"lan_code":"17","kom_namn":"Hagfors","id":"1783","geo_point_2d":[60.08427,13.63079]}},{"type":"Feature","geometry":{"type":"MultiPolygon","coordinates":[[[[14.88783,60.89558],[14.85764,60.8799],[14.69356,60.82801],[14.66154,60.82026],[14.54515,60.75653],[14.46662,60.72937],[14.41297,60.69392],[14.36342,60.69251],[14.38573,60.65137],[14.53586,60.57217],[14.62828,60.5598],[14.7084,60.56114],[14.78946,60.55655],[14.90055,60.54306],[15.03302,60.60364],[15.04551,60.62393],[15.07022,60.63802],[15.11267,60.63679],[15.17979,60.61947],[15.23898,60.62823],[15.30308,60.62697],[15.33324,60.63945],[15.40212,60.66188],[15.42194,60.68317],[15.39652,60.70777],[15.34944,60.71154],[15.31432,60.70495],[15.26427,60.71549],[15.28953,60.73652],[15.35852,60.74045],[15.32837,60.75201],[15.37986,60.79541],[15.45901,60.7945],[15.62528,60.8421],[15.63706,60.84987],[15.61965,60.86225],[15.58108,60.86522],[15.59673,60.88056],[15.57151,60.89783],[15.48871,60.87553],[15.463,60.86898],[15.33923,60.85163],[15.22385,60.81494],[15.19304,60.81241],[15.13768,60.8266],[15.10869,60.825],[15.0602,60.84546],[15.03137,60.84502],[15.0101,60.86409],[14.9588,60.85276],[14.92733,60.87005],[14.90826,60.89144],[14.88783,60.89558]],[[14.9083,60.86403],[14.94812,60.84777],[14.92206,60.84269],[14.90869,60.84309],[14.90429,60.86421],[14.9083,60.86403]],[[15.3655,60.83088],[15.41755,60.8242],[15.41121,60.80835],[15.38192,60.79876],[15.35178,60.81715],[15.3655,60.83088]]],[[[14.88857,60.91437],[14.92977,60.8909],[14.97612,60.89598],[14.93647,60.9295],[14.91129,60.94302],[14.88857,60.91437]]]]},"properties":{"lan_code":"20","kom_namn":"Leksand","id":"2029","geo_point_2d":[60.71675,14.92391]}},{"type":"Feature","geometry":{"type":"Polygon","coordinates":[[[16.90013,61.04283],[16.8188,61.03951],[16.74114,61.07665],[16.64309,61.08374],[16.60749,61.09083],[16.551,61.08853],[16.51944,61.07615],[16.52046,61.04807],[16.46509,61.05343],[16.30615,61.0505],[16.13101,60.99214],[16.17474,60.94693],[16.19748,60.92351],[16.2287,60.89125],[16.24541,60.87394],[16.24891,60.87031],[16.24977,60.86942],[16.2522,60.8669],[16.26509,60.858],[16.29081,60.84291],[16.38615,60.78679],[16.52497,60.79149],[16.6324,60.78547],[16.73197,60.76133],[16.85899,60.77723],[16.93368,60.78524],[16.95431,60.82516],[16.93132,60.85477],[16.89569,60.88236],[16.88233,60.9298],[16.89733,60.96524],[16.87271,60.99149],[16.88841,61.00526],[16.90013,61.04283]]]},"properties":{"lan_code":"21","kom_namn":"Ockelbo","id":"2101","geo_point_2d":[60.92493,16.5737]}},{"type":"Feature","geometry":{"type":"Polygon","coordinates":[[[17.32642,62.90971],[17.2621,62.89864],[17.2372,62.90277],[17.18664,62.88561],[17.17716,62.8618],[17.28748,62.805],[17.25963,62.79969],[17.43197,62.69891],[17.5207,62.65596],[17.57391,62.61112],[17.608,62.59437],[17.66881,62.58052],[17.67157,62.55991],[17.69353,62.53585],[17.74746,62.507],[17.74172,62.49701],[17.79977,62.47077],[17.90076,62.47951],[17.95489,62.51999],[18.08476,62.60799],[18.12123,62.64406],[18.11771,62.66811],[18.15519,62.67803],[18.2109,62.73175],[18.18309,62.74096],[18.17159,62.75619],[18.10067,62.75854],[18.00628,62.79406],[17.93964,62.79628],[17.90367,62.81058],[17.86455,62.84019],[17.77781,62.86129],[17.72211,62.87116],[17.49378,62.86127],[17.47154,62.87884],[17.41568,62.88563],[17.32642,62.90971]]]},"properties":{"lan_code":"22","kom_namn":"Härnösand","id":"2280","geo_point_2d":[62.71303,17.72429]}},{"type":"Feature","geometry":{"type":"Polygon","coordinates":[[[23.60898,65.6465],[23.57861,65.62075],[23.66936,65.53478],[24.15845,65.60851],[24.17761,65.66036],[24.16481,65.6955],[24.17211,65.72529],[24.13174,65.77161],[24.13368,65.79668],[24.15525,65.8155],[24.14455,65.84098],[24.12515,65.85149],[24.15314,65.86258],[24.11001,65.91155],[24.1183,65.92643],[24.08842,65.93128],[24.04322,65.9621],[24.0492,65.99418],[24.03663,66.00964],[23.98291,66.05145],[23.93657,66.08],[23.94157,66.12001],[23.91401,66.13596],[23.92053,66.15995],[23.87885,66.16581],[23.75005,66.13933],[23.77473,66.11268],[23.68303,66.09822],[23.6596,66.11969],[23.35853,66.05256],[23.33195,66.04656],[23.39983,66.01492],[23.47292,65.95589],[23.59933,65.8681],[23.57008,65.78333],[23.60857,65.7723],[23.62198,65.69084],[23.60898,65.6465]]]},"properties":{"lan_code":"25","kom_namn":"Haparanda","id":"2583","geo_point_2d":[65.84617,23.81826]}},{"type":"Feature","geometry":{"type":"Polygon","coordinates":[[[17.57886,59.65329],[17.61706,59.67399],[17.63142,59.68176],[17.62954,59.69421],[17.6411,59.73097],[17.60991,59.74473],[17.56521,59.73406],[17.53857,59.73329],[17.53645,59.72039],[17.50892,59.68366],[17.47411,59.66644],[17.42188,59.6596],[17.3851,59.63081],[17.37778,59.59728],[17.40968,59.56048],[17.43368,59.54661],[17.46482,59.5074],[17.51639,59.51796],[17.54522,59.54427],[17.54718,59.54743],[17.54842,59.54996],[17.55889,59.54857],[17.55975,59.54845],[17.57403,59.56144],[17.55139,59.57263],[17.54438,59.5788],[17.5427,59.58051],[17.51356,59.61155],[17.53961,59.63526],[17.57818,59.64029],[17.59045,59.64976],[17.58423,59.65112],[17.57886,59.65329]]]},"properties":{"lan_code":"03","kom_namn":"Håbo","id":"0305","geo_point_2d":[59.62693,17.50336]}},{"type":"Feature","geometry":{"type":"Polygon","coordinates":[[[16.70241,59.48772],[16.68766,59.48955],[16.66213,59.4904],[16.65948,59.48991],[16.6241,59.48265],[16.61957,59.48208],[16.59712,59.47983],[16.55486,59.47528],[16.54282,59.47396],[16.53746,59.47338],[16.44372,59.46328],[16.42238,59.461],[16.37151,59.46728],[16.3227,59.45288],[16.30054,59.4576],[16.26312,59.45239],[16.24881,59.44021],[16.2482,59.4333],[16.24801,59.43189],[16.24786,59.4298],[16.24755,59.42622],[16.26156,59.40902],[16.26179,59.40902],[16.26187,59.4092],[16.26198,59.40924],[16.26927,59.40638],[16.27299,59.40505],[16.29892,59.39922],[16.30553,59.39941],[16.3002,59.39771],[16.2802,59.39319],[16.27363,59.38855],[16.26648,59.36195],[16.24473,59.36051],[16.24063,59.36029],[16.23561,59.35997],[16.21167,59.3601],[16.21033,59.35996],[16.20958,59.3598],[16.20353,59.3585],[16.19212,59.35374],[16.18519,59.35218],[16.18116,59.35204],[16.1567,59.34643],[16.15666,59.34645],[16.11307,59.35029],[16.10518,59.3505],[16.07232,59.35197],[16.03513,59.36926],[15.99644,59.35954],[15.99066,59.35671],[15.93832,59.34139],[15.94057,59.32262],[15.93087,59.32007],[15.91108,59.30425],[15.90816,59.30106],[15.90685,59.29959],[15.87963,59.29],[15.87647,59.28921],[15.87655,59.2892],[15.87664,59.28916],[15.87729,59.28841],[15.87739,59.28827],[15.87804,59.2828],[15.87736,59.28087],[15.87002,59.28607],[15.86788,59.2901],[15.86469,59.28404],[15.89274,59.23048],[16.02437,59.26301],[16.07298,59.24721],[16.10219,59.20284],[16.17476,59.19769],[16.19525,59.18301],[16.21288,59.14536],[16.23314,59.15678],[16.34886,59.16491],[16.38139,59.19141],[16.45849,59.19746],[16.59523,59.20203],[16.61469,59.20989],[16.66221,59.21662],[16.75539,59.22083],[16.84017,59.23848],[16.83442,59.30844],[16.82501,59.3567],[16.83454,59.39154],[16.82968,59.40439],[16.78887,59.42105],[16.71746,59.45695],[16.69777,59.47012],[16.70241,59.48772]]]},"properties":{"lan_code":"04","kom_namn":"Eskilstuna","id":"0484","geo_point_2d":[59.31818,16.42383]}},{"type":"Feature","geometry":{"type":"Polygon","coordinates":[[[15.34759,58.82921],[15.32641,58.8503],[15.29634,58.84995],[15.27543,58.86322],[15.19087,58.81338],[15.18989,58.8132],[15.16742,58.81066],[15.13812,58.82065],[15.11517,58.77023],[15.08367,58.76677],[15.06695,58.75436],[15.06456,58.74901],[15.03454,58.70429],[14.97508,58.68708],[14.9194,58.69429],[14.81272,58.66677],[14.77882,58.64617],[14.86505,58.61841],[14.7663,58.53402],[14.78584,58.5234],[14.89463,58.52575],[14.93897,58.53587],[14.9708,58.51787],[14.98876,58.48498],[15.0163,58.47377],[14.99029,58.45977],[14.99894,58.44929],[14.96191,58.4342],[15.00063,58.42087],[15.03067,58.42148],[15.05273,58.43194],[15.07805,58.4263],[15.11631,58.43214],[15.15272,58.46785],[15.22043,58.464],[15.24503,58.46853],[15.26465,58.45425],[15.25656,58.44107],[15.31079,58.43497],[15.32205,58.44896],[15.35368,58.45307],[15.38966,58.47105],[15.37076,58.49061],[15.38016,58.52238],[15.37236,58.54764],[15.39076,58.60877],[15.37235,58.62861],[15.41749,58.65219],[15.46943,58.62873],[15.48832,58.63469],[15.46443,58.65063],[15.47628,58.66139],[15.47945,58.69732],[15.49523,58.7013],[15.49915,58.73185],[15.47853,58.7354],[15.46998,58.75276],[15.44558,58.7647],[15.44873,58.77716],[15.42305,58.79016],[15.41358,58.8069],[15.41084,58.83251],[15.38165,58.84708],[15.34759,58.82921]]]},"properties":{"lan_code":"05","kom_namn":"Motala","id":"0583","geo_point_2d":[58.63144,15.17025]}},{"type":"Feature","geometry":{"type":"MultiPolygon","coordinates":[[[[12.7468,55.90155],[12.70324,55.93072],[12.64909,55.92205],[12.67822,55.8919],[12.68919,55.86994],[12.7468,55.90155]]],[[[12.94369,55.92202],[12.92083,55.92169],[12.91969,55.93955],[12.86025,55.95081],[12.83582,55.95079],[12.81077,55.96315],[12.79389,55.95851],[12.74326,55.95802],[12.78504,55.92704],[12.79841,55.91113],[12.79687,55.89213],[12.80547,55.84611],[12.83941,55.8472],[12.86511,55.8559],[12.88241,55.84929],[12.90482,55.82295],[12.9509,55.8272],[13.02822,55.82492],[13.05904,55.84116],[13.0432,55.85877],[13.01551,55.85923],[12.97222,55.85197],[12.96184,55.8747],[12.99275,55.88934],[12.99823,55.90724],[12.94369,55.92202]]]]},"properties":{"lan_code":"12","kom_namn":"Landskrona","id":"1282","geo_point_2d":[55.89003,12.8701]}},{"type":"Feature","geometry":{"type":"Polygon","coordinates":[[[15.97619,60.18595],[15.96867,60.18427],[15.96587,60.18276],[15.88198,60.1663],[15.85825,60.16932],[15.83655,60.17208],[15.81201,60.17588],[15.80513,60.17692],[15.80142,60.17748],[15.7907,60.16298],[15.77595,60.15288],[15.72537,60.14491],[15.7265,60.13787],[15.765,60.13063],[15.75994,60.11571],[15.72525,60.09922],[15.71608,60.08171],[15.71768,60.08179],[15.72294,60.06947],[15.72291,60.06936],[15.72252,60.06423],[15.7225,60.06408],[15.69491,60.03546],[15.73127,60.02849],[15.73115,60.0281],[15.73089,60.02301],[15.75945,60.04189],[15.79968,60.04389],[15.8191,60.0286],[15.85795,60.04743],[15.88087,60.01458],[15.91326,60.00786],[15.97356,60.00314],[15.99095,59.98559],[16.0141,59.98352],[16.05068,59.99237],[16.09248,59.93665],[16.12118,59.94198],[16.1631,59.96058],[16.14188,59.97043],[16.14532,59.99077],[16.19745,59.99547],[16.18913,60.00448],[16.19657,60.02931],[16.18413,60.076],[16.18152,60.08449],[16.1418,60.0925],[16.16035,60.11601],[16.16341,60.11969],[16.16385,60.12026],[16.14737,60.12988],[16.13346,60.13793],[16.13235,60.13857],[16.12851,60.13928],[16.11527,60.14159],[16.1025,60.14253],[16.09682,60.14295],[16.07762,60.14499],[16.05701,60.14706],[16.03823,60.16417],[16.03424,60.16973],[16.01691,60.18145],[15.99137,60.18529],[15.98848,60.18517],[15.98218,60.1853],[15.97619,60.18595]]]},"properties":{"lan_code":"19","kom_namn":"Norberg","id":"1962","geo_point_2d":[60.07681,15.96892]}},{"type":"Feature","geometry":{"type":"Polygon","coordinates":[[[15.86776,59.45792],[15.83225,59.44763],[15.82093,59.46836],[15.79351,59.48628],[15.75083,59.53219],[15.7134,59.52575],[15.71974,59.50752],[15.69056,59.49611],[15.68551,59.47742],[15.71283,59.4758],[15.71574,59.45047],[15.72968,59.4317],[15.7212,59.41039],[15.67596,59.40611],[15.67365,59.40623],[15.62672,59.40384],[15.60397,59.39655],[15.59933,59.37325],[15.63477,59.32211],[15.6077,59.28873],[15.69168,59.27053],[15.72654,59.2234],[15.79817,59.23053],[15.76204,59.19792],[15.89274,59.23048],[15.86469,59.28404],[15.86788,59.2901],[15.87002,59.28607],[15.87736,59.28087],[15.87804,59.2828],[15.87739,59.28827],[15.87729,59.28841],[15.87664,59.28916],[15.87655,59.2892],[15.87647,59.28921],[15.87963,59.29],[15.90685,59.29959],[15.90816,59.30106],[15.91108,59.30425],[15.93087,59.32007],[15.94057,59.32262],[15.93832,59.34139],[15.99066,59.35671],[15.99644,59.35954],[15.9783,59.3954],[15.95289,59.41002],[15.88566,59.42451],[15.86776,59.45792]]]},"properties":{"lan_code":"19","kom_namn":"Arboga","id":"1984","geo_point_2d":[59.35484,15.78551]}},{"type":"Feature","geometry":{"type":"Polygon","coordinates":[[[16.22431,63.32095],[16.2038,63.33712],[16.09596,63.36918],[16.1315,63.38301],[16.13952,63.42127],[16.04584,63.44809],[16.01735,63.43064],[15.96583,63.44413],[15.98617,63.51453],[15.8789,63.50624],[15.79174,63.51486],[15.69308,63.47316],[15.66553,63.44404],[15.55487,63.41654],[15.49495,63.36341],[15.50355,63.32588],[15.556,63.3088],[15.47046,63.25933],[15.45576,63.25946],[15.42656,63.28543],[15.365,63.30319],[15.27145,63.23687],[15.22175,63.23946],[15.23145,63.18709],[15.30318,63.19133],[15.29277,63.18007],[15.31792,63.14413],[15.42534,63.12253],[15.5011,63.06797],[15.61027,63.07655],[15.69183,63.04336],[15.72511,63.06335],[15.79018,63.07449],[15.81257,63.06332],[15.90453,63.08322],[15.93399,63.08469],[15.96455,63.05179],[15.99724,63.04895],[16.00792,63.08161],[16.03174,63.09021],[16.07669,63.06899],[16.1296,63.08532],[16.16483,63.07623],[16.28897,63.05971],[16.32613,63.05752],[16.39729,63.03563],[16.44571,62.99874],[16.42142,62.9439],[16.39539,62.93176],[16.43657,62.9043],[16.49436,62.80834],[16.62359,62.88666],[16.67039,62.91691],[16.78926,62.92562],[16.80992,62.92685],[16.8997,62.93458],[16.9681,62.94313],[16.99898,62.94697],[16.90364,63.00725],[16.59948,63.17344],[16.36199,63.26751],[16.3586,63.26879],[16.35148,63.27152],[16.34647,63.27345],[16.24776,63.31194],[16.24498,63.31301],[16.23077,63.31847],[16.22431,63.32095]]]},"properties":{"lan_code":"23","kom_namn":"Ragunda","id":"2303","geo_point_2d":[63.18758,16.0558]}},{"type":"Feature","geometry":{"type":"Polygon","coordinates":[[[20.30896,64.31793],[20.23019,64.34119],[20.19262,64.37184],[20.10598,64.39202],[20.11232,64.37282],[20.10085,64.36096],[20.14204,64.34771],[20.11622,64.34027],[20.07664,64.34879],[20.05876,64.32483],[20.03844,64.32249],[20.02451,64.27228],[20.10205,64.26887],[20.09931,64.24063],[20.05782,64.2177],[20.07085,64.20572],[19.9983,64.1472],[19.98212,64.11537],[19.94161,64.11274],[19.92573,64.13181],[19.86145,64.13197],[19.82409,64.11756],[19.79272,64.08472],[19.86644,64.08552],[19.89048,64.07208],[19.94044,64.07684],[19.96205,64.04341],[19.94796,64.01885],[19.92297,64.0031],[19.91231,63.97761],[19.94431,63.95318],[19.85533,63.92682],[19.88348,63.89814],[19.92758,63.88226],[19.98282,63.88742],[19.97021,63.8661],[19.91336,63.86136],[19.85454,63.84473],[19.81881,63.82294],[19.77156,63.81847],[19.76601,63.7894],[19.73609,63.78846],[19.73154,63.81518],[19.68089,63.81025],[19.74544,63.75013],[19.77916,63.72977],[19.76326,63.70401],[19.76065,63.67436],[19.72307,63.64129],[19.75887,63.58458],[19.71973,63.58543],[19.73651,63.54408],[19.75036,63.52741],[19.81421,63.48645],[19.84515,63.46688],[19.91792,63.4649],[19.95386,63.49846],[20.02207,63.57409],[20.17118,63.62757],[20.37006,63.63126],[20.44841,63.66921],[20.49482,63.70709],[20.71617,63.74224],[20.73237,63.58563],[20.80533,63.58279],[20.96041,63.69956],[21.03388,63.82176],[20.79801,63.83017],[20.8117,63.84584],[20.72567,63.8634],[20.72968,63.87471],[20.67727,63.88499],[20.63464,63.87937],[20.68794,63.97262],[20.66599,63.98604],[20.56468,64.08196],[20.52218,64.09814],[20.51964,64.11261],[20.45639,64.14045],[20.35683,64.25815],[20.33753,64.257],[20.30514,64.31253],[20.30896,64.31793]]]},"properties":{"lan_code":"24","kom_namn":"Umeå","id":"2480","geo_point_2d":[63.88016,20.26471]}},{"type":"Feature","geometry":{"type":"Polygon","coordinates":[[[20.20591,65.59405],[20.24891,65.59603],[20.31573,65.60898],[20.37734,65.59612],[20.40432,65.59705],[20.45821,65.61124],[20.48993,65.60002],[20.52502,65.62786],[20.60815,65.59936],[20.63876,65.58397],[20.73994,65.55399],[20.76478,65.55316],[20.88323,65.53543],[20.9446,65.51112],[20.96865,65.53169],[20.99546,65.50986],[21.06038,65.52407],[21.09693,65.55187],[21.12276,65.54914],[21.18699,65.57013],[21.14419,65.60029],[21.35833,65.65836],[21.33609,65.67168],[21.21485,65.73131],[21.11319,65.77739],[20.97474,65.83205],[20.84356,65.87797],[20.72611,65.91446],[20.56567,65.95986],[20.36199,66.01433],[20.20493,65.90918],[20.10862,65.84708],[20.20591,65.59405]]]},"properties":{"lan_code":"25","kom_namn":"Älvsbyn","id":"2560","geo_point_2d":[65.74348,20.65803]}},{"type":"Feature","geometry":{"type":"Polygon","coordinates":[[[17.97267,59.40045],[17.92223,59.42167],[17.89118,59.42542],[17.8989,59.41572],[17.87749,59.39851],[17.83974,59.38128],[17.81715,59.39917],[17.79869,59.39051],[17.76069,59.39177],[17.78804,59.37085],[17.81621,59.35818],[17.94125,59.31763],[17.86349,59.27454],[17.90555,59.26841],[17.91528,59.27896],[17.94665,59.2867],[17.98032,59.26257],[18.10928,59.22705],[18.13367,59.2424],[18.17719,59.23243],[18.20008,59.24747],[18.1233,59.28837],[18.12843,59.30123],[18.10933,59.31768],[18.16393,59.32533],[18.16056,59.3346],[18.12617,59.34766],[18.09557,59.36969],[18.05874,59.3755],[18.04891,59.35739],[18.02477,59.33936],[17.98144,59.34503],[17.9658,59.3552],[17.92925,59.37821],[17.95374,59.39752],[17.97267,59.40045]]]},"properties":{"lan_code":"01","kom_namn":"Stockholm","id":"0180","geo_point_2d":[59.32203,17.99689]}},{"type":"Feature","geometry":{"type":"Polygon","coordinates":[[[14.53899,56.45468],[14.52288,56.45795],[14.52026,56.45836],[14.51423,56.45982],[14.51147,56.45799],[14.50722,56.44498],[14.50665,56.44505],[14.50687,56.44392],[14.50581,56.44381],[14.50513,56.44427],[14.50464,56.44458],[14.50414,56.44462],[14.50354,56.44485],[14.5026,56.44476],[14.50193,56.44535],[14.49712,56.44091],[14.49762,56.44077],[14.49409,56.43428],[14.49424,56.43421],[14.49074,56.4287],[14.49097,56.42837],[14.49091,56.42831],[14.49047,56.42824],[14.49039,56.42818],[14.49066,56.42808],[14.48868,56.42615],[14.48871,56.4259],[14.48499,56.42145],[14.48501,56.42126],[14.48149,56.41697],[14.48155,56.41665],[14.48076,56.41646],[14.47988,56.4158],[14.47179,56.40797],[14.43498,56.4033],[14.43482,56.40338],[14.41452,56.39971],[14.41399,56.39961],[14.41281,56.39351],[14.41525,56.39275],[14.41533,56.3926],[14.41582,56.3924],[14.41804,56.38922],[14.41823,56.38915],[14.41947,56.38639],[14.42005,56.3862],[14.42015,56.38616],[14.42084,56.3813],[14.42096,56.37989],[14.41285,56.36507],[14.41328,56.36494],[14.40714,56.34763],[14.408,56.34725],[14.39704,56.31811],[14.39016,56.30134],[14.43051,56.28972],[14.42628,56.25985],[14.43548,56.25337],[14.44174,56.22893],[14.44358,56.22863],[14.4466,56.22812],[14.46402,56.23728],[14.46472,56.23785],[14.46523,56.23826],[14.4674,56.23929],[14.47112,56.23689],[14.47466,56.23457],[14.47627,56.23351],[14.47745,56.23273],[14.50675,56.22193],[14.50791,56.22119],[14.50829,56.221],[14.50844,56.22091],[14.50959,56.22051],[14.50991,56.22039],[14.51037,56.22001],[14.51151,56.21927],[14.5111,56.21872],[14.51579,56.21624],[14.51607,56.21593],[14.51632,56.21563],[14.51659,56.21525],[14.51674,56.21509],[14.51804,56.21507],[14.51823,56.21493],[14.51835,56.21472],[14.51836,56.21425],[14.51914,56.21593],[14.52294,56.21907],[14.52319,56.21909],[14.52337,56.21901],[14.52486,56.22078],[14.5313,56.22349],[14.53207,56.22362],[14.53348,56.2234],[14.53501,56.22351],[14.53834,56.22114],[14.56664,56.22412],[14.5662,56.22071],[14.56607,56.22013],[14.56536,56.21597],[14.56539,56.21544],[14.56615,56.21104],[14.56624,56.21094],[14.56789,56.20895],[14.56816,56.20858],[14.56861,56.20681],[14.56875,56.20652],[14.5694,56.20554],[14.56976,56.20509],[14.56994,56.20494],[14.56984,56.20386],[14.57034,56.20371],[14.57059,56.20325],[14.57081,56.20312],[14.57098,56.20269],[14.57115,56.20252],[14.57128,56.20157],[14.57134,56.20139],[14.5718,56.19992],[14.57233,56.1987],[14.573,56.19715],[14.57334,56.19636],[14.57452,56.19328],[14.57461,56.193],[14.57468,56.19139],[14.57469,56.19098],[14.57449,56.19048],[14.60042,56.20064],[14.65059,56.20761],[14.67258,56.23023],[14.69913,56.23201],[14.70368,56.24964],[14.74635,56.25898],[14.7318,56.27623],[14.7405,56.2984],[14.69575,56.34032],[14.67271,56.39012],[14.66821,56.39877],[14.66494,56.39919],[14.66327,56.40206],[14.66254,56.40257],[14.65918,56.40206],[14.65754,56.40314],[14.65625,56.40249],[14.6539,56.40341],[14.64932,56.40383],[14.64941,56.40687],[14.64869,56.40691],[14.64452,56.40981],[14.64357,56.41011],[14.64182,56.41114],[14.64032,56.41178],[14.63985,56.41189],[14.63158,56.41879],[14.62628,56.41996],[14.62519,56.42012],[14.62454,56.42021],[14.62429,56.42059],[14.62324,56.42305],[14.62209,56.42457],[14.62147,56.42541],[14.61905,56.42895],[14.61815,56.43078],[14.61357,56.43813],[14.61226,56.43861],[14.59892,56.44301],[14.5976,56.44359],[14.58043,56.44399],[14.58021,56.44399],[14.57968,56.444],[14.57932,56.44443],[14.5774,56.44412],[14.57647,56.44483],[14.57525,56.44587],[14.56905,56.44664],[14.56848,56.44756],[14.56635,56.44758],[14.566,56.44771],[14.56575,56.44808],[14.56558,56.44831],[14.5648,56.44836],[14.56267,56.44858],[14.56173,56.44864],[14.56071,56.44867],[14.55897,56.44888],[14.55502,56.44977],[14.55446,56.4499],[14.55312,56.45021],[14.55073,56.45131],[14.54155,56.45453],[14.53899,56.45468]]]},"properties":{"lan_code":"10","kom_namn":"Olofström","id":"1060","geo_point_2d":[56.32112,14.56329]}},{"type":"Feature","geometry":{"type":"Polygon","coordinates":[[[13.07014,56.0745],[13.01425,56.10291],[13.00448,56.11316],[12.96865,56.11432],[12.94914,56.12198],[12.91673,56.11859],[12.90006,56.1033],[12.874,56.0942],[12.8911,56.07212],[12.91621,56.06264],[12.90924,56.04695],[12.92236,56.01661],[12.91524,55.98786],[12.94878,55.97444],[12.98732,55.97997],[13.01035,55.98975],[13.02256,56.01837],[13.01751,56.04238],[13.07014,56.0745]]]},"properties":{"lan_code":"12","kom_namn":"Bjuv","id":"1260","geo_point_2d":[56.05394,12.96641]}},{"type":"Feature","geometry":{"type":"Polygon","coordinates":[[[13.62027,55.95594],[13.6262,55.97735],[13.65924,55.98297],[13.65172,55.99599],[13.67044,56.00365],[13.65046,56.01999],[13.66418,56.03425],[13.58386,56.04759],[13.56214,56.06163],[13.55942,56.0859],[13.52251,56.08868],[13.51307,56.06861],[13.49558,56.05516],[13.47504,56.05974],[13.44459,56.02088],[13.42576,56.00914],[13.39092,56.01093],[13.3808,56.00099],[13.38895,55.99138],[13.37617,55.97502],[13.38879,55.96499],[13.37555,55.94948],[13.38588,55.93763],[13.43926,55.92328],[13.45969,55.89713],[13.4165,55.88458],[13.43624,55.85769],[13.43681,55.82811],[13.46175,55.7945],[13.4783,55.79354],[13.5059,55.77789],[13.52006,55.81141],[13.55546,55.8208],[13.55814,55.83957],[13.54523,55.86753],[13.55952,55.87853],[13.54783,55.89263],[13.6149,55.92775],[13.62027,55.95594]]]},"properties":{"lan_code":"12","kom_namn":"Höör","id":"1267","geo_point_2d":[55.94957,13.51393]}},{"type":"Feature","geometry":{"type":"Polygon","coordinates":[[[14.10304,55.75626],[14.09433,55.77452],[14.05423,55.78516],[14.05462,55.76887],[14.02756,55.7611],[13.98542,55.76936],[13.98522,55.76946],[13.96144,55.7767],[13.94836,55.76162],[13.9212,55.74855],[13.8916,55.71538],[13.90478,55.71286],[13.92734,55.68851],[13.98634,55.64928],[13.93703,55.61962],[13.93162,55.59809],[13.89557,55.58894],[13.87688,55.59334],[13.85036,55.56608],[13.9045,55.50477],[13.93516,55.49605],[13.94465,55.48495],[13.98976,55.46684],[14.02279,55.47762],[14.07421,55.47999],[14.0984,55.50341],[14.13689,55.51619],[14.12987,55.53108],[14.15069,55.55516],[14.14049,55.5745],[14.16667,55.58374],[14.16272,55.60635],[14.10518,55.61792],[14.06781,55.63639],[14.06083,55.66184],[14.06921,55.68961],[14.10526,55.71533],[14.14237,55.71892],[14.12366,55.73299],[14.10264,55.73613],[14.10304,55.75626]]]},"properties":{"lan_code":"12","kom_namn":"Tomelilla","id":"1270","geo_point_2d":[55.61465,14.01287]}},{"type":"Feature","geometry":{"type":"Polygon","coordinates":[[[13.10028,57.14556],[13.09743,57.15786],[13.05985,57.14718],[13.02091,57.15749],[13.03172,57.17506],[12.97396,57.18325],[12.93475,57.17423],[12.91216,57.18062],[12.92026,57.20229],[12.91443,57.21983],[12.95416,57.2412],[12.93355,57.26122],[12.90692,57.27001],[12.86077,57.26562],[12.83615,57.26972],[12.80754,57.30111],[12.76281,57.27341],[12.74047,57.26738],[12.67313,57.22859],[12.64126,57.22562],[12.62347,57.20954],[12.62998,57.17869],[12.64911,57.16593],[12.61431,57.1536],[12.61881,57.13454],[12.57935,57.11316],[12.57668,57.08533],[12.5995,57.06642],[12.57318,57.05369],[12.60213,57.04145],[12.60909,57.02397],[12.55046,57.01803],[12.54292,57.00131],[12.42648,57.00981],[12.39624,56.99791],[12.35621,56.9905],[12.25836,56.98733],[12.3814,56.89566],[12.4436,56.88162],[12.51213,56.86974],[12.60258,56.78691],[12.60503,56.77749],[12.63162,56.7847],[12.66592,56.81471],[12.72706,56.84197],[12.77095,56.85569],[12.84165,56.85579],[12.87356,56.88063],[12.87102,56.90386],[12.91191,56.94334],[12.9116,56.95782],[12.86892,56.9559],[12.82274,56.97492],[12.82466,56.99145],[12.85969,57.02261],[12.89862,57.02111],[12.91452,57.03719],[12.97192,57.05102],[13.0027,57.04105],[13.02522,57.08033],[13.05894,57.08688],[13.07907,57.0989],[13.09353,57.12041],[13.08071,57.13235],[13.10028,57.14556]]]},"properties":{"lan_code":"13","kom_namn":"Falkenberg","id":"1382","geo_point_2d":[57.03492,12.71725]}},{"type":"Feature","geometry":{"type":"Polygon","coordinates":[[[12.81542,58.27067],[12.77666,58.27944],[12.74513,58.26763],[12.71071,58.2743],[12.68008,58.26318],[12.66664,58.24986],[12.57789,58.21858],[12.54563,58.23588],[12.52846,58.23457],[12.52239,58.2183],[12.53999,58.1971],[12.68835,58.18111],[12.70857,58.15835],[12.68303,58.12958],[12.70857,58.10943],[12.71097,58.09676],[12.78544,58.10098],[12.8412,58.10981],[12.90333,58.11167],[12.93474,58.11246],[12.91392,58.11989],[12.9228,58.1437],[12.87813,58.15585],[12.83878,58.18034],[12.86755,58.18032],[12.89714,58.19354],[12.86307,58.19966],[12.84303,58.19539],[12.81898,58.22178],[12.7933,58.22756],[12.82984,58.26096],[12.81542,58.27067]]]},"properties":{"lan_code":"14","kom_namn":"Essunga","id":"1445","geo_point_2d":[58.18648,12.74866]}},{"type":"Feature","geometry":{"type":"Polygon","coordinates":[[[12.46485,59.84051],[12.44203,59.8907],[12.42452,59.91363],[12.4717,59.92899],[12.48148,59.98008],[12.47176,59.98791],[12.4497,60.04035],[12.39562,60.01562],[12.34109,59.96569],[12.23105,59.92758],[12.17429,59.88981],[12.12611,59.89394],[12.05351,59.88595],[11.98422,59.90051],[11.9421,59.89011],[11.88836,59.85909],[11.83956,59.8409],[11.87522,59.82884],[11.92607,59.79397],[11.93234,59.75733],[11.92311,59.7498],[11.93776,59.72814],[11.95247,59.70453],[11.99132,59.67259],[12.01023,59.63732],[12.05707,59.61532],[12.11803,59.60637],[12.16439,59.61457],[12.26659,59.60539],[12.286,59.57516],[12.29386,59.60993],[12.27744,59.64478],[12.30862,59.64882],[12.30507,59.66166],[12.32681,59.69894],[12.32857,59.71985],[12.35389,59.75271],[12.37497,59.75621],[12.37691,59.7783],[12.4202,59.79735],[12.4886,59.80978],[12.49263,59.81709],[12.46682,59.83916],[12.46485,59.84051]]]},"properties":{"lan_code":"17","kom_namn":"Eda","id":"1730","geo_point_2d":[59.7967,12.19326]}},{"type":"Feature","geometry":{"type":"Polygon","coordinates":[[[19.5087,63.86821],[19.45475,63.8607],[19.45124,63.8189],[19.42195,63.81545],[19.36865,63.83657],[19.37035,63.81833],[19.3398,63.81806],[19.32371,63.7996],[19.25627,63.78769],[19.21747,63.81442],[19.16673,63.82297],[19.1127,63.81151],[19.05737,63.83665],[18.99814,63.81242],[18.92768,63.85221],[18.84687,63.84759],[18.80723,63.7885],[18.81997,63.77348],[18.90147,63.78259],[18.96187,63.76047],[18.95066,63.72897],[18.99711,63.7313],[19.0443,63.68881],[19.07753,63.66995],[19.08516,63.66442],[19.09812,63.65531],[19.11368,63.64462],[19.1553,63.61632],[19.16634,63.60883],[19.18184,63.59843],[19.19086,63.57193],[19.28673,63.47012],[19.31445,63.43291],[19.46549,63.39387],[19.60838,63.39061],[19.80792,63.45691],[19.81421,63.48645],[19.75036,63.52741],[19.73651,63.54408],[19.71973,63.58543],[19.75887,63.58458],[19.72307,63.64129],[19.76065,63.67436],[19.76326,63.70401],[19.77916,63.72977],[19.74544,63.75013],[19.68089,63.81025],[19.61362,63.81113],[19.55859,63.833],[19.5087,63.86821]]]},"properties":{"lan_code":"24","kom_namn":"Nordmaling","id":"2401","geo_point_2d":[63.6422,19.4127]}},{"type":"Feature","geometry":{"type":"Polygon","coordinates":[[[20.10598,64.39202],[20.07037,64.41405],[20.06982,64.43986],[20.03996,64.45524],[20.01655,64.44174],[19.9919,64.44859],[19.94617,64.47793],[19.87896,64.51236],[19.85904,64.50389],[19.79134,64.53284],[19.80806,64.54401],[19.77595,64.56192],[19.78827,64.56905],[19.71128,64.59752],[19.66189,64.62243],[19.50548,64.63761],[19.39597,64.68936],[19.3831,64.72738],[19.34704,64.74639],[19.28758,64.77776],[19.17874,64.65521],[18.97277,64.42757],[19.0373,64.22227],[19.07729,64.22935],[19.11671,64.22037],[19.17625,64.18663],[19.12743,64.18082],[19.13,64.16694],[19.16046,64.13281],[19.1827,64.12884],[19.22861,64.09546],[19.24526,64.09894],[19.30729,64.07029],[19.34368,64.07073],[19.35379,64.04886],[19.41815,64.01897],[19.43139,64.03621],[19.46558,64.04331],[19.54197,64.03691],[19.56961,64.02704],[19.61745,64.03882],[19.62342,64.05114],[19.65998,64.07188],[19.67809,64.05506],[19.76795,64.05878],[19.79272,64.08472],[19.82409,64.11756],[19.86145,64.13197],[19.92573,64.13181],[19.94161,64.11274],[19.98212,64.11537],[19.9983,64.1472],[20.07085,64.20572],[20.05782,64.2177],[20.09931,64.24063],[20.10205,64.26887],[20.02451,64.27228],[20.03844,64.32249],[20.05876,64.32483],[20.07664,64.34879],[20.11622,64.34027],[20.14204,64.34771],[20.10085,64.36096],[20.11232,64.37282],[20.10598,64.39202]]]},"properties":{"lan_code":"24","kom_namn":"Vindeln","id":"2404","geo_point_2d":[64.35625,19.51397]}},{"type":"Feature","geometry":{"type":"Polygon","coordinates":[[[22.01898,65.31674],[21.93748,65.36231],[21.91506,65.39814],[21.82611,65.45475],[21.7345,65.47983],[21.56336,65.55656],[21.48987,65.59132],[21.39601,65.61946],[21.37999,65.6457],[21.35833,65.65836],[21.14419,65.60029],[21.18699,65.57013],[21.12276,65.54914],[21.09693,65.55187],[21.06038,65.52407],[20.99546,65.50986],[20.96865,65.53169],[20.9446,65.51112],[20.88323,65.53543],[20.76478,65.55316],[20.73994,65.55399],[20.63876,65.58397],[20.60815,65.59936],[20.52502,65.62786],[20.48993,65.60002],[20.45821,65.61124],[20.40432,65.59705],[20.37734,65.59612],[20.31573,65.60898],[20.24891,65.59603],[20.20591,65.59405],[20.21717,65.56505],[20.02555,65.50335],[19.75739,65.53587],[19.69758,65.52626],[19.6288,65.4516],[19.89482,65.38095],[20.10996,65.34571],[20.59912,65.24799],[20.80554,65.20928],[21.14461,65.1772],[21.17416,65.17445],[21.19406,65.17254],[21.19894,65.17208],[21.26605,65.16341],[21.31877,65.1359],[21.48798,65.08557],[21.572,65.05326],[21.75596,65.10523],[21.80446,65.12559],[21.89398,65.12542],[21.90896,65.15003],[21.96335,65.18144],[22.01898,65.31674]]]},"properties":{"lan_code":"25","kom_namn":"Piteå","id":"2581","geo_point_2d":[65.37635,21.00769]}},{"type":"Feature","geometry":{"type":"Polygon","coordinates":[[[12.90333,58.11167],[12.8412,58.10981],[12.78544,58.10098],[12.71097,58.09676],[12.64948,58.07581],[12.62747,58.06322],[12.58054,58.04724],[12.55098,58.00623],[12.53932,57.99847],[12.56772,57.97402],[12.61442,57.9747],[12.61994,57.96151],[12.64837,57.95029],[12.65677,57.91573],[12.6601,57.8564],[12.68072,57.86132],[12.75651,57.86536],[12.82373,57.87167],[12.85444,57.89291],[12.88147,57.92621],[12.91327,57.93387],[12.9302,57.92931],[12.94402,57.94855],[12.96123,57.95476],[12.9742,57.97516],[12.96481,57.99114],[12.98533,58.00726],[12.95656,58.01419],[12.91577,58.0407],[12.86874,58.04016],[12.87026,58.0595],[12.83808,58.06732],[12.86067,58.08233],[12.86325,58.09717],[12.90251,58.09332],[12.90333,58.11167]]]},"properties":{"lan_code":"14","kom_namn":"Vårgårda","id":"1442","geo_point_2d":[57.98829,12.76496]}},{"type":"Feature","geometry":{"type":"Polygon","coordinates":[[[13.38251,59.86616],[13.38714,59.89234],[13.38322,59.92617],[13.3422,59.94539],[13.32844,59.99073],[13.31824,59.99762],[13.31849,60.02382],[13.28649,60.0358],[13.28552,60.07863],[13.25718,60.12287],[13.18301,60.10668],[13.13542,60.0736],[13.08808,60.05177],[13.05141,60.0817],[13.03027,60.06734],[12.98285,60.04958],[12.93902,60.03901],[12.89559,60.04811],[12.85357,60.08415],[12.80887,60.10886],[12.75807,60.09642],[12.72605,60.09862],[12.63824,60.09549],[12.6113,60.08157],[12.58471,60.07842],[12.6077,60.03564],[12.62185,60.02281],[12.66156,60.00851],[12.72879,59.9916],[12.75081,59.97312],[12.73386,59.95034],[12.70539,59.94227],[12.6882,59.89901],[12.72072,59.887],[12.72136,59.87475],[12.81326,59.84833],[12.8502,59.82454],[12.87882,59.81342],[12.89948,59.77989],[12.95894,59.73376],[12.99261,59.72433],[13.00788,59.70571],[13.06488,59.69059],[13.09329,59.65134],[13.21957,59.65156],[13.28915,59.66429],[13.34385,59.66194],[13.3657,59.6617],[13.36616,59.68467],[13.38246,59.6976],[13.37366,59.72175],[13.37948,59.76456],[13.37345,59.78178],[13.3607,59.85855],[13.38251,59.86616]]]},"properties":{"lan_code":"17","kom_namn":"Sunne","id":"1766","geo_point_2d":[59.89689,13.05991]}},{"type":"Feature","geometry":{"type":"Polygon","coordinates":[[[14.03054,59.55379],[13.95283,59.58616],[13.92379,59.63366],[13.84538,59.71947],[13.82567,59.736],[13.83063,59.7536],[13.78041,59.7738],[13.73234,59.76726],[13.6868,59.7725],[13.66234,59.75422],[13.59303,59.67521],[13.61527,59.65984],[13.58636,59.64972],[13.62516,59.61472],[13.61749,59.58312],[13.63678,59.56883],[13.56092,59.5417],[13.54253,59.52404],[13.54727,59.49674],[13.49963,59.47732],[13.44405,59.50451],[13.41898,59.48469],[13.39422,59.48877],[13.27506,59.49513],[13.26034,59.48625],[13.22765,59.5007],[13.21412,59.48962],[13.15248,59.47245],[13.16334,59.47012],[13.14824,59.39748],[13.17711,59.34005],[13.16537,59.32514],[13.17692,59.25496],[13.17741,59.25473],[13.18648,59.25047],[13.39268,59.25089],[13.40626,59.2914],[13.41237,59.31887],[13.39155,59.332],[13.48326,59.35636],[13.54844,59.35568],[13.59553,59.36997],[13.60064,59.35691],[13.69611,59.31624],[13.70403,59.31027],[13.73464,59.25464],[13.81608,59.29632],[13.88542,59.34071],[13.87371,59.35014],[13.87099,59.37994],[13.91691,59.40567],[13.9313,59.4236],[13.9607,59.42465],[13.97094,59.43856],[14.00645,59.4497],[14.01769,59.48795],[14.01645,59.52973],[14.03054,59.55379]]]},"properties":{"lan_code":"17","kom_namn":"Karlstad","id":"1780","geo_point_2d":[59.47542,13.62091]}},{"type":"Feature","geometry":{"type":"Polygon","coordinates":[[[14.78997,59.33264],[14.7484,59.31525],[14.76382,59.30235],[14.77315,59.27898],[14.7661,59.25917],[14.71083,59.25729],[14.7097,59.23256],[14.66908,59.24168],[14.64353,59.26058],[14.61509,59.24602],[14.59783,59.22977],[14.55598,59.2275],[14.56812,59.14656],[14.58663,59.13639],[14.59055,59.11495],[14.57635,59.10052],[14.66449,59.10956],[14.74177,59.12654],[14.7205,59.07818],[14.7129,59.02854],[14.77873,59.05281],[14.80227,59.07385],[14.83622,59.08338],[14.90572,59.08796],[14.92279,59.08472],[14.93783,59.11463],[14.96079,59.12757],[14.99332,59.12575],[15.04306,59.13597],[15.05486,59.15224],[15.05036,59.16685],[15.03978,59.18799],[15.00188,59.2003],[14.94516,59.19073],[14.93348,59.20536],[14.95301,59.21522],[14.92715,59.24206],[14.92725,59.2588],[14.89243,59.29436],[14.80003,59.32188],[14.78997,59.33264]]]},"properties":{"lan_code":"18","kom_namn":"Lekeberg","id":"1814","geo_point_2d":[59.17942,14.79138]}},{"type":"Feature","geometry":{"type":"Polygon","coordinates":[[[14.7129,59.02854],[14.7205,59.07818],[14.74177,59.12654],[14.66449,59.10956],[14.57635,59.10052],[14.48478,59.08628],[14.45089,59.04087],[14.46466,59.00933],[14.41284,59.00919],[14.36771,59.00424],[14.36463,58.99426],[14.29178,58.98219],[14.28524,58.94833],[14.31658,58.92824],[14.32396,58.90373],[14.36765,58.88936],[14.37232,58.88811],[14.38529,58.88459],[14.3885,58.88416],[14.38554,58.87877],[14.38468,58.87776],[14.38596,58.87486],[14.38648,58.87404],[14.39261,58.86923],[14.39339,58.86823],[14.37697,58.86406],[14.37535,58.86088],[14.36381,58.85482],[14.36327,58.85444],[14.42144,58.79473],[14.47051,58.78103],[14.47682,58.71337],[14.50373,58.71328],[14.50433,58.71338],[14.50525,58.71467],[14.50705,58.71623],[14.50738,58.71624],[14.50758,58.7163],[14.50766,58.71633],[14.50774,58.71637],[14.50783,58.71642],[14.50791,58.71659],[14.50848,58.71676],[14.50875,58.71679],[14.5089,58.7168],[14.50908,58.71679],[14.50916,58.71677],[14.5095,58.71668],[14.50958,58.71669],[14.50965,58.71672],[14.50976,58.71678],[14.50987,58.71718],[14.50993,58.7175],[14.51015,58.71757],[14.51035,58.71759],[14.51055,58.71759],[14.51064,58.71759],[14.51081,58.71757],[14.51152,58.71725],[14.5147,58.71905],[14.51183,58.72019],[14.51496,58.72181],[14.51511,58.72198],[14.5158,58.72282],[14.51607,58.72328],[14.51752,58.72311],[14.51979,58.72346],[14.52025,58.72287],[14.55542,58.70527],[14.53676,58.67751],[14.57889,58.68237],[14.62645,58.69427],[14.62157,58.73735],[14.69135,58.74013],[14.67703,58.78605],[14.647,58.80118],[14.63011,58.83134],[14.64662,58.84908],[14.65091,58.89071],[14.69206,58.88901],[14.78557,58.93989],[14.74457,58.95485],[14.72553,58.97506],[14.71709,58.99338],[14.7493,58.99713],[14.7218,59.01359],[14.7129,59.02854]]]},"properties":{"lan_code":"18","kom_namn":"Laxå","id":"1860","geo_point_2d":[58.91886,14.54754]}},{"type":"Feature","geometry":{"type":"Polygon","coordinates":[[[14.95299,59.71185],[14.91022,59.71879],[14.83969,59.70547],[14.81749,59.69434],[14.7769,59.70068],[14.72528,59.697],[14.77198,59.65609],[14.77442,59.63695],[14.75553,59.61979],[14.6873,59.59231],[14.66233,59.57342],[14.62408,59.55826],[14.62984,59.53656],[14.67048,59.52732],[14.69408,59.53044],[14.73482,59.51786],[14.71084,59.48943],[14.70959,59.47611],[14.72248,59.45707],[14.68868,59.42076],[14.70754,59.39762],[14.71967,59.38692],[14.7697,59.35768],[14.76064,59.38478],[14.79167,59.38684],[14.8324,59.37281],[14.89555,59.37651],[14.9314,59.38316],[14.96047,59.41429],[14.99894,59.42232],[15.0037,59.46446],[15.04114,59.47296],[15.06617,59.46623],[15.069,59.43246],[15.15095,59.44639],[15.14224,59.46723],[15.15007,59.50921],[15.14641,59.53611],[15.17241,59.55481],[15.10346,59.59025],[15.06329,59.59093],[15.00074,59.58419],[15.00309,59.61361],[14.99602,59.63355],[14.97663,59.6371],[14.95299,59.71185]]]},"properties":{"lan_code":"18","kom_namn":"Nora","id":"1884","geo_point_2d":[59.53488,14.88968]}},{"type":"Feature","geometry":{"type":"Polygon","coordinates":[[[17.37814,60.663],[17.39559,60.68576],[17.66883,60.70605],[17.4057,60.78465],[17.32518,60.83447],[17.32472,60.85137],[17.35263,60.86724],[17.35404,60.90262],[17.31496,60.90528],[17.25316,60.8917],[17.31198,61.01181],[17.27874,61.08114],[17.25668,61.07573],[17.23409,61.05968],[17.16089,61.05473],[16.90013,61.04283],[16.88841,61.00526],[16.87271,60.99149],[16.89733,60.96524],[16.88233,60.9298],[16.89569,60.88236],[16.93132,60.85477],[16.95431,60.82516],[16.93368,60.78524],[16.85899,60.77723],[16.84021,60.728],[16.85387,60.68572],[16.87734,60.66584],[16.87041,60.63326],[16.8773,60.61528],[16.8396,60.60907],[16.83734,60.59302],[16.87493,60.56199],[16.89944,60.55371],[16.9421,60.52478],[16.93614,60.50176],[16.91012,60.49218],[16.88407,60.42961],[16.84717,60.44737],[16.81725,60.44209],[16.77392,60.42421],[16.78573,60.39254],[16.8218,60.37072],[16.88757,60.3528],[16.90275,60.3309],[16.89073,60.30471],[16.90888,60.2815],[16.91402,60.28288],[16.93157,60.2872],[16.9393,60.28723],[16.98052,60.29528],[16.99202,60.28751],[17.00056,60.2757],[17.05847,60.27297],[17.08614,60.26044],[17.1129,60.26932],[17.11,60.27054],[17.1031,60.28083],[17.11017,60.28269],[17.11184,60.28312],[17.1197,60.28572],[17.13046,60.28793],[17.15755,60.28742],[17.16111,60.28915],[17.18072,60.29863],[17.18273,60.29897],[17.19382,60.30081],[17.19702,60.3454],[17.21261,60.36422],[17.18908,60.38227],[17.1934,60.38891],[17.19553,60.41048],[17.21734,60.41962],[17.21764,60.43396],[17.25755,60.4251],[17.28781,60.44677],[17.2879,60.44724],[17.28821,60.44872],[17.28964,60.45453],[17.29182,60.4573],[17.30192,60.4999],[17.30233,60.50448],[17.30269,60.50853],[17.30271,60.50881],[17.30272,60.50889],[17.33063,60.55328],[17.33065,60.55333],[17.34901,60.58613],[17.35003,60.58849],[17.35697,60.60548],[17.36552,60.62584],[17.36714,60.63191],[17.37082,60.64272],[17.37249,60.64737],[17.37323,60.64942],[17.37357,60.65034],[17.37204,60.65164],[17.37123,60.65212],[17.3693,60.65305],[17.37005,60.65431],[17.37814,60.663]]]},"properties":{"lan_code":"21","kom_namn":"Gävle","id":"2180","geo_point_2d":[60.68105,17.11499]}},{"type":"Feature","geometry":{"type":"MultiPolygon","coordinates":[[[[14.46542,64.23143],[14.50742,64.22882],[14.56844,64.27623],[14.4659,64.28448],[14.42943,64.30011],[14.3261,64.29001],[14.41132,64.23477],[14.46542,64.23143]]],[[[15.73845,64.41058],[15.70437,64.538],[15.63617,64.5196],[15.64717,64.44798],[15.57952,64.44343],[15.57647,64.46237],[15.53847,64.50721],[15.54317,64.51858],[15.52076,64.53215],[15.43862,64.55854],[15.4299,64.58195],[15.37461,64.58309],[15.32773,64.61415],[15.30118,64.62503],[15.24162,64.6362],[15.33589,64.64606],[15.33445,64.66904],[15.28321,64.68555],[15.22475,64.72274],[15.17511,64.7404],[15.11754,64.75309],[15.0624,64.75161],[15.03135,64.76151],[15.03527,64.79141],[14.97393,64.84614],[14.9359,64.85705],[14.86395,64.86864],[14.84098,64.89259],[14.77983,64.91275],[14.77977,64.93827],[14.75434,64.95431],[14.72348,64.95607],[14.70511,64.98135],[14.69751,64.99049],[14.61303,65.00236],[14.3259,65.11892],[14.12983,64.97855],[14.01512,64.88983],[13.70554,64.63997],[13.65428,64.58032],[13.89115,64.50714],[14.08525,64.47836],[14.11396,64.46251],[14.12662,64.38742],[14.17083,64.39833],[14.25695,64.3404],[14.51555,64.31279],[14.6615,64.29011],[14.77286,64.2773],[14.84554,64.16447],[14.87738,64.10701],[14.91639,64.10686],[14.97625,64.04451],[14.9077,64.02687],[14.97821,63.93446],[15.04504,63.90668],[15.05628,63.89403],[15.10465,63.86498],[15.10638,63.85022],[15.01973,63.82191],[14.94959,63.78304],[14.91564,63.72187],[14.9256,63.70394],[14.93644,63.64958],[14.85861,63.64967],[14.89701,63.61366],[14.94406,63.59486],[14.98706,63.57896],[15.0547,63.52738],[15.08649,63.51592],[15.03853,63.4866],[15.07788,63.46827],[15.12116,63.47932],[15.17566,63.45902],[15.23851,63.44351],[15.34198,63.39937],[15.39137,63.36339],[15.4368,63.34701],[15.49495,63.36341],[15.55487,63.41654],[15.66553,63.44404],[15.69308,63.47316],[15.79174,63.51486],[15.8789,63.50624],[15.98617,63.51453],[15.99746,63.55064],[15.92666,63.59354],[15.79207,63.65782],[15.89894,63.683],[15.9058,63.66422],[15.98288,63.65427],[16.08716,63.70432],[16.22835,63.66081],[16.2708,63.65974],[16.31928,63.69773],[16.41883,63.6988],[16.52831,63.70471],[16.6142,63.71399],[16.59745,63.75446],[16.57454,63.78268],[16.56353,63.82337],[16.58125,63.8732],[16.71872,64.02748],[16.5457,64.11064],[16.53004,64.11799],[16.52337,64.12113],[16.52113,64.12218],[16.42179,64.16882],[16.41618,64.17164],[16.39627,64.18106],[16.38723,64.18519],[16.21919,64.26395],[16.16545,64.26123],[16.14477,64.26765],[16.04255,64.24888],[16.03741,64.25343],[16.02635,64.26321],[16.02554,64.26393],[16.01971,64.26909],[16.02278,64.26954],[16.02245,64.27589],[16.02244,64.3043],[16.02239,64.32074],[16.02235,64.33275],[16.02235,64.3328],[16.0118,64.33545],[15.85369,64.37561],[15.86904,64.38197],[15.77608,64.40223],[15.75868,64.4059],[15.75363,64.40697],[15.74146,64.40378],[15.74017,64.40411],[15.73845,64.41058]]]]},"properties":{"lan_code":"23","kom_namn":"Strömsund","id":"2313","geo_point_2d":[64.22189,15.22563]}},{"type":"Feature","geometry":{"type":"Polygon","coordinates":[[[18.38901,59.26349],[18.32388,59.2796],[18.31932,59.31962],[18.37407,59.3383],[18.3515,59.34661],[18.33659,59.36663],[18.29944,59.36924],[18.25959,59.35949],[18.21382,59.33884],[18.16393,59.32533],[18.10933,59.31768],[18.12843,59.30123],[18.1233,59.28837],[18.20008,59.24747],[18.26629,59.25705],[18.28011,59.26291],[18.33224,59.24997],[18.38501,59.23147],[18.38901,59.26349]]]},"properties":{"lan_code":"01","kom_namn":"Nacka","id":"0182","geo_point_2d":[59.30034,18.25433]}},{"type":"Feature","geometry":{"type":"Polygon","coordinates":[[[16.84017,59.23848],[16.75539,59.22083],[16.66221,59.21662],[16.61469,59.20989],[16.59523,59.20203],[16.45849,59.19746],[16.46413,59.18794],[16.45827,59.13145],[16.46332,59.10067],[16.52435,59.08034],[16.51059,59.061],[16.54113,59.0307],[16.56672,59.02948],[16.54434,58.99539],[16.50199,58.97682],[16.49064,58.96347],[16.52761,58.94671],[16.48402,58.91788],[16.43801,58.92686],[16.41794,58.91771],[16.47128,58.89614],[16.49091,58.8984],[16.55465,58.87315],[16.5857,58.89314],[16.63159,58.87899],[16.67218,58.89669],[16.72548,58.89374],[16.73345,58.92988],[16.76731,58.93405],[16.80343,58.94857],[16.83644,58.94394],[16.88634,58.94461],[16.86956,58.96212],[16.88261,58.98909],[16.9811,59.03052],[17.04061,59.01811],[17.00954,59.03043],[16.9902,59.05558],[16.94478,59.08216],[16.92579,59.08659],[16.88062,59.11183],[16.9084,59.13437],[16.88235,59.15092],[16.93728,59.20513],[16.92921,59.21233],[16.88705,59.21395],[16.84334,59.22647],[16.84017,59.23848]]]},"properties":{"lan_code":"04","kom_namn":"Flen","id":"0482","geo_point_2d":[59.06551,16.70171]}},{"type":"Feature","geometry":{"type":"Polygon","coordinates":[[[15.31079,58.43497],[15.25656,58.44107],[15.26465,58.45425],[15.24503,58.46853],[15.22043,58.464],[15.15272,58.46785],[15.11631,58.43214],[15.07805,58.4263],[15.05273,58.43194],[15.03067,58.42148],[15.00063,58.42087],[15.00635,58.40158],[14.96918,58.3901],[14.97164,58.36736],[14.92432,58.34387],[14.88013,58.35966],[14.83451,58.35496],[14.85796,58.3252],[14.85279,58.31582],[14.85692,58.27037],[14.86032,58.26782],[14.89003,58.26346],[14.90896,58.28757],[14.97621,58.29061],[14.9769,58.30199],[15.0056,58.30654],[15.03436,58.28078],[15.06401,58.28648],[15.11492,58.27731],[15.1651,58.26194],[15.17188,58.25195],[15.20646,58.24804],[15.22133,58.23594],[15.25257,58.16575],[15.25033,58.14364],[15.27693,58.13478],[15.33614,58.14698],[15.3441,58.15727],[15.37591,58.16686],[15.37643,58.20744],[15.36061,58.23098],[15.37057,58.25357],[15.34078,58.29237],[15.36709,58.3443],[15.34188,58.35679],[15.35209,58.38911],[15.32208,58.3983],[15.28755,58.39111],[15.25981,58.40143],[15.29516,58.41632],[15.31079,58.43497]]]},"properties":{"lan_code":"05","kom_namn":"Mjölby","id":"0586","geo_point_2d":[58.32287,15.16758]}},{"type":"Feature","geometry":{"type":"Polygon","coordinates":[[[16.74592,56.65704],[16.80552,56.77385],[16.799,56.79512],[16.8331,56.79367],[16.8611,56.80394],[16.87072,56.83523],[16.91214,56.91604],[16.90328,56.97218],[16.9338,56.9766],[17.09289,57.17104],[17.10144,57.2839],[17.17887,57.30988],[17.13981,57.37716],[17.0367,57.3684],[16.94843,57.28956],[16.94855,57.22014],[16.8939,57.20172],[16.91811,57.16052],[16.90404,57.14309],[16.86377,57.11555],[16.83288,57.05186],[16.80633,57.03325],[16.79302,57.00092],[16.76182,56.98429],[16.74179,56.94093],[16.69622,56.89735],[16.55777,56.87816],[16.55637,56.87668],[16.50393,56.7641],[16.56254,56.74631],[16.6292,56.74203],[16.6249,56.7185],[16.60748,56.68219],[16.66374,56.66639],[16.69557,56.66898],[16.74592,56.65704]]]},"properties":{"lan_code":"08","kom_namn":"Borgholm","id":"0885","geo_point_2d":[56.99034,16.84636]}},{"type":"Feature","geometry":{"type":"Polygon","coordinates":[[[14.1962,55.76583],[14.16998,55.76651],[14.13392,55.75879],[14.10632,55.75735],[14.10304,55.75626],[14.10264,55.73613],[14.12366,55.73299],[14.14237,55.71892],[14.10526,55.71533],[14.06921,55.68961],[14.06083,55.66184],[14.06781,55.63639],[14.10518,55.61792],[14.16272,55.60635],[14.16667,55.58374],[14.14049,55.5745],[14.15069,55.55516],[14.12987,55.53108],[14.13689,55.51619],[14.0984,55.50341],[14.07421,55.47999],[14.08681,55.46923],[14.11181,55.47951],[14.129,55.46531],[14.14685,55.43695],[14.20482,55.41371],[14.21682,55.398],[14.24489,55.43704],[14.27737,55.45239],[14.29397,55.47383],[14.32338,55.48342],[14.35095,55.5047],[14.36729,55.55132],[14.35013,55.56546],[14.33916,55.58912],[14.30736,55.60537],[14.28396,55.64724],[14.28472,55.67987],[14.22758,55.69229],[14.20877,55.70293],[14.19906,55.73342],[14.1962,55.76583]]]},"properties":{"lan_code":"12","kom_namn":"Simrishamn","id":"1291","geo_point_2d":[55.58075,14.20783]}},{"type":"Feature","geometry":{"type":"Polygon","coordinates":[[[13.39759,56.60885],[13.36414,56.6651],[13.32827,56.68769],[13.30779,56.68547],[13.24926,56.67533],[13.18981,56.67694],[13.18875,56.65084],[13.16409,56.65026],[13.16415,56.63433],[13.05739,56.6011],[13.02833,56.5947],[12.99639,56.5592],[12.96592,56.54877],[12.93199,56.5531],[12.79727,56.55296],[12.89086,56.45377],[12.94095,56.43951],[12.96576,56.4277],[12.94981,56.36932],[12.95667,56.36895],[12.96111,56.36871],[12.96749,56.36837],[12.97062,56.36766],[12.9731,56.3671],[12.97663,56.3646],[12.97745,56.36378],[12.97905,56.3619],[12.9794,56.36124],[12.98853,56.35754],[12.99205,56.35723],[13.037,56.35492],[13.04885,56.35538],[13.09876,56.35292],[13.09966,56.35263],[13.11923,56.35467],[13.12227,56.35501],[13.12379,56.35515],[13.14864,56.35287],[13.14999,56.3525],[13.15257,56.35178],[13.15791,56.34953],[13.15863,56.34923],[13.16463,56.34643],[13.16989,56.34406],[13.17125,56.34344],[13.17186,56.34316],[13.19599,56.32414],[13.22259,56.3296],[13.22493,56.33048],[13.25027,56.34888],[13.25066,56.34891],[13.25224,56.34924],[13.25257,56.34935],[13.2515,56.35767],[13.29266,56.38041],[13.34667,56.39051],[13.38559,56.41451],[13.43932,56.41911],[13.46176,56.42784],[13.46458,56.44762],[13.44988,56.46787],[13.45461,56.49709],[13.46479,56.51396],[13.44022,56.55414],[13.43989,56.57126],[13.41781,56.57764],[13.39759,56.60885]]]},"properties":{"lan_code":"13","kom_namn":"Laholm","id":"1381","geo_point_2d":[56.50158,13.18014]}},{"type":"Feature","geometry":{"type":"Polygon","coordinates":[[[11.99743,58.795],[12.05238,58.83457],[12.08856,58.8387],[12.10114,58.86117],[12.08639,58.88132],[12.10091,58.90607],[12.08255,58.91703],[12.08778,58.94211],[12.1439,58.95918],[12.14109,58.97844],[12.11302,58.97737],[12.11672,58.99904],[12.07805,59.03794],[12.04765,59.03364],[12.01387,59.0494],[12.01557,59.07332],[11.97095,59.09628],[11.99687,59.11974],[11.97053,59.12303],[11.94985,59.15418],[11.91064,59.16009],[11.88078,59.15652],[11.87233,59.16947],[11.83627,59.19103],[11.82999,59.20451],[11.83572,59.23581],[11.82619,59.23782],[11.79862,59.22366],[11.78289,59.20643],[11.77466,59.17068],[11.77801,59.13604],[11.76366,59.11462],[11.77524,59.08644],[11.73556,59.05022],[11.71072,59.0337],[11.68461,58.97431],[11.6876,58.95495],[11.66414,58.93453],[11.65178,58.90625],[11.67776,58.89582],[11.71498,58.84928],[11.71491,58.81475],[11.75609,58.81899],[11.79191,58.79497],[11.79909,58.75572],[11.84139,58.75399],[11.86366,58.78303],[11.89074,58.79357],[11.92054,58.78957],[11.94193,58.79906],[11.99743,58.795]]]},"properties":{"lan_code":"14","kom_namn":"Dals-Ed","id":"1438","geo_point_2d":[58.96453,11.88579]}},{"type":"Feature","geometry":{"type":"Polygon","coordinates":[[[14.15536,59.04869],[14.07501,59.05024],[14.0382,59.04295],[14.04413,59.02865],[13.95848,59.0319],[13.94276,59.03309],[13.93085,58.99899],[14.00604,58.89271],[14.13412,58.88892],[14.14307,58.84859],[14.12497,58.81051],[14.1415,58.79076],[14.17036,58.79078],[14.21446,58.80277],[14.22905,58.82491],[14.29473,58.82225],[14.31078,58.82971],[14.35081,58.82818],[14.35259,58.81652],[14.38107,58.80242],[14.42144,58.79473],[14.36327,58.85444],[14.36381,58.85482],[14.37535,58.86088],[14.37697,58.86406],[14.39339,58.86823],[14.39261,58.86923],[14.38648,58.87404],[14.38596,58.87486],[14.38468,58.87776],[14.38554,58.87877],[14.3885,58.88416],[14.38529,58.88459],[14.37232,58.88811],[14.36765,58.88936],[14.32396,58.90373],[14.31658,58.92824],[14.28524,58.94833],[14.29178,58.98219],[14.29785,59.01222],[14.26491,59.01592],[14.23172,59.02924],[14.22423,59.04546],[14.16892,59.0438],[14.16868,59.0439],[14.16588,59.04532],[14.16553,59.04565],[14.16394,59.04703],[14.1636,59.04725],[14.1633,59.04739],[14.16302,59.04757],[14.15882,59.04813],[14.15801,59.04831],[14.15757,59.04845],[14.15659,59.04855],[14.15536,59.04869]]]},"properties":{"lan_code":"14","kom_namn":"Gullspång","id":"1447","geo_point_2d":[58.933,14.16441]}},{"type":"Feature","geometry":{"type":"Polygon","coordinates":[[[12.17637,58.63585],[12.13359,58.6005],[12.12065,58.54685],[12.11717,58.50419],[12.09325,58.49853],[12.07114,58.43902],[12.10442,58.41783],[12.14677,58.40414],[12.15477,58.38982],[12.10569,58.35105],[12.12231,58.32455],[12.11866,58.30454],[12.13634,58.30807],[12.16264,58.31663],[12.19853,58.31122],[12.25348,58.33054],[12.27708,58.32444],[12.29091,58.33954],[12.31483,58.32156],[12.34754,58.31766],[12.34114,58.30496],[12.37319,58.29007],[12.38251,58.25648],[12.41793,58.26866],[12.4454,58.28947],[12.49829,58.29842],[12.52816,58.31302],[12.49392,58.30279],[12.46631,58.33702],[12.44408,58.33994],[12.45568,58.35754],[12.51528,58.37628],[12.57471,58.37492],[12.64613,58.41337],[12.65586,58.42249],[12.64402,58.44913],[12.71702,58.49565],[12.74266,58.56768],[12.627,58.53798],[12.56866,58.50453],[12.54224,58.51931],[12.47703,58.5616],[12.43219,58.57635],[12.39508,58.57911],[12.30069,58.60888],[12.17637,58.63585]]]},"properties":{"lan_code":"14","kom_namn":"Vänersborg","id":"1487","geo_point_2d":[58.45646,12.35809]}},{"type":"Feature","geometry":{"type":"Polygon","coordinates":[[[16.09248,59.93665],[16.05068,59.99237],[16.0141,59.98352],[15.99095,59.98559],[15.97356,60.00314],[15.91326,60.00786],[15.88087,60.01458],[15.85795,60.04743],[15.8191,60.0286],[15.79968,60.04389],[15.75945,60.04189],[15.73089,60.02301],[15.6986,60.01536],[15.69877,60.01426],[15.69918,60.01394],[15.69983,60.01341],[15.70155,60.01275],[15.70301,60.01089],[15.70625,60.00654],[15.71441,60.00015],[15.71366,59.98631],[15.7135,59.98522],[15.71954,59.97373],[15.68175,59.93792],[15.72228,59.90527],[15.76087,59.90859],[15.77175,59.88102],[15.80672,59.8903],[15.86401,59.89507],[15.92113,59.85481],[15.94147,59.85005],[16.00364,59.86213],[16.03307,59.87612],[16.05422,59.89707],[16.11449,59.91035],[16.09248,59.93665]]]},"properties":{"lan_code":"19","kom_namn":"Fagersta","id":"1982","geo_point_2d":[59.94734,15.88708]}}]}